episode,step,reward,moving_avg_reward,epsilon,loss,mean_q,mean_td_error
1,66,-189.96201019186577,-189.96201019186577,0.9994775,0.0,0.0,0.0
2,165,-82.31215810833469,-136.13708415010024,0.99869375,0.0,0.0,0.0
3,264,-393.20037447914757,-221.824847593116,0.99791,0.0,0.0,0.0
4,340,-156.1566620324188,-205.4078012029417,0.9973083333333334,0.0,0.0,0.0
5,449,-0.34023197427242735,-164.39428735720784,0.9964454166666666,0.0,0.0,0.0
6,528,-123.29742980909899,-157.5448110991897,0.99582,0.0,0.0,0.0
7,625,-110.09280141937136,-150.76595257350138,0.9950520833333333,0.0,0.0,0.0
8,745,-113.44900525490964,-146.1013341586774,0.9941020833333334,0.0,0.0,0.0
9,811,-86.40619083573218,-139.46854045612793,0.9935795833333333,0.0,0.0,0.0
10,963,-156.23710313908495,-141.14539672442362,0.99237625,0.0,0.0,0.0
11,1043,-93.63594755822002,-136.82635589113238,0.9917429166666667,0.0,0.0,0.0
12,1118,-271.02946191627257,-148.00994805989407,0.9911491666666666,0.0,0.0,0.0
13,1191,-93.89417868022326,-143.84719656915016,0.99057125,0.0,0.0,0.0
14,1277,-317.9509890556204,-156.2831817467552,0.9898904166666667,0.0,0.0,0.0
15,1359,-146.47240702601957,-155.62913009870616,0.98924125,0.0,0.0,0.0
16,1432,-79.44322341996397,-150.86751093128476,0.9886633333333333,0.0,0.0,0.0
17,1526,-450.32301168913284,-168.48254038762875,0.9879191666666667,0.0,0.0,0.0
18,1623,-112.75250299691508,-165.38642719925576,0.98715125,0.0,0.0,0.0
19,1704,-208.87132157200998,-167.67510585045338,0.98651,0.0,0.0,0.0
20,1791,-217.57386233828646,-170.170043674845,0.98582125,0.0,0.0,0.0
21,1860,-98.09962519268694,-166.73811898521842,0.985275,0.0,0.0,0.0
22,1985,-176.08523270473245,-167.16298779065087,0.9842854166666667,0.0,0.0,0.0
23,2085,-172.5142854228839,-167.3956529050958,0.98349375,0.0,0.0,0.0
24,2179,-271.42688720918716,-171.7302876677663,0.9827495833333333,0.0,0.0,0.0
25,2271,-115.24653048444986,-169.47093738043364,0.98202125,0.0,0.0,0.0
26,2389,-203.0293401889498,-170.76164518076118,0.9810870833333334,0.0,0.0,0.0
27,2466,-444.3963382936095,-180.8962634442,0.9804775,0.0,0.0,0.0
28,2553,-244.01828469140997,-183.1506213458861,0.97978875,0.0,0.0,0.0
29,2626,-77.6530506539286,-179.51277408064618,0.9792108333333334,0.0,0.0,0.0
30,2720,-100.43143705706693,-176.87672951319354,0.9784666666666667,0.0,0.0,0.0
31,2818,-298.8102020876493,-180.810067338176,0.9776908333333333,0.0,0.0,0.0
32,2918,-451.46082184520986,-189.26790341652077,0.9768991666666667,0.0,0.0,0.0
33,2986,-76.17152528526026,-185.8407404428462,0.9763608333333333,0.0,0.0,0.0
34,3082,-324.27678172214115,-189.91238871576664,0.9756008333333334,0.0,0.0,0.0
35,3146,-97.91761161027715,-187.28396651275264,0.9750941666666667,0.0,0.0,0.0
36,3213,-263.07500361719656,-189.38927309898722,0.97456375,0.0,0.0,0.0
37,3311,-117.03381532193295,-187.43372018609384,0.9737879166666666,0.0,0.0,0.0
38,3411,7.417219506905056,-182.30606387838336,0.97299625,0.0,0.0,0.0
39,3479,-74.30786569348834,-179.5368793095399,0.9724579166666667,0.0,0.0,0.0
40,3571,-193.09857156415097,-179.87592161590516,0.9717295833333334,0.0,0.0,0.0
41,3692,-86.18224405604758,-177.59070996810377,0.9707716666666667,0.0,0.0,0.0
42,3758,-189.39895968627098,-177.87185877091727,0.9702491666666667,0.0,0.0,0.0
43,3865,-143.42131105095189,-177.07068324254598,0.9694020833333333,0.0,0.0,0.0
44,3932,-170.84300117547332,-176.92914501374887,0.9688716666666667,0.0,0.0,0.0
45,4028,-423.3663742978909,-182.4055278867298,0.9681116666666667,0.0,0.0,0.0
46,4103,-88.85809713638824,-180.37188808780934,0.9675179166666666,0.0,0.0,0.0
47,4165,-94.9162665191179,-178.55368337358186,0.9670270833333333,0.0,0.0,0.0
48,4275,-98.42314871893004,-176.88429723494326,0.96615625,0.0,0.0,0.0
49,4362,-297.76866805316314,-179.35132521082528,0.9654675,0.0,0.0,0.0
50,4453,-287.6443586591465,-181.51718587979173,0.9647470833333334,0.0,0.0,0.0
51,4522,-197.08912928919267,-181.82251810350544,0.9642008333333333,0.0,0.0,0.0
52,4593,-130.74572151790778,-180.84027201532086,0.96363875,0.0,0.0,0.0
53,4660,-151.4872086912544,-180.28644063184794,0.9631083333333333,0.0,0.0,0.0
54,4738,-201.73597265061204,-180.683654187751,0.9624908333333333,0.0,0.0,0.0
55,4830,-146.55985088871378,-180.06322140049576,0.9617625,0.0,0.0,0.0
56,4919,-124.66757500116645,-179.07401342907914,0.9610579166666666,0.0,0.0,0.0
57,5023,-323.1661087751961,-181.60194492637945,0.9602345833333333,1.8539700508117676,-0.5873169302940369,9.264710426330566
58,5138,-128.37510217555723,-180.68424074102046,0.9593241666666666,1.7682843208312988,-1.9029542207717896,8.729839324951172
59,5203,-75.2025525117613,-178.8964155167957,0.9588095833333333,2.9212417602539062,-1.6013000011444092,14.527409553527832
60,5330,-139.64977060730774,-178.24230476830425,0.9578041666666667,3.083800792694092,-4.736701488494873,18.24639129638672
61,5433,-22.989338476160356,-175.69717417335107,0.95698875,3.3403100967407227,-6.466793060302734,19.804508209228516
62,5550,-275.1277076952821,-177.30089245596287,0.9560625,2.3414082527160645,-7.153003692626953,22.09587860107422
63,5652,-331.7477096493857,-179.75242923681085,0.955255,1.9794316291809082,-6.264237880706787,14.90688419342041
64,5717,-82.2758003089277,-178.22935690981268,0.9547404166666666,3.010232448577881,-5.33411979675293,20.24883270263672
65,5775,-153.74550459638664,-177.8526822588369,0.95428125,3.6761856079101562,-7.011678695678711,21.15605926513672
66,5880,-190.01739239758217,-178.03699604881788,0.95345,3.975259780883789,-8.215011596679688,17.14593505859375
67,5951,-49.60150868235918,-176.12004847618417,0.9528879166666666,2.7903668880462646,-5.6746368408203125,18.798551559448242
68,6063,-271.14118166215405,-177.5174180818602,0.95200125,2.1024210453033447,-8.112567901611328,14.136056900024414
69,6165,-119.08132983218286,-176.67051825215475,0.9511937500000001,1.747780442237854,-8.776784896850586,17.74802017211914
70,6235,-97.37464493421925,-175.5377200618985,0.9506395833333333,2.5670087337493896,-7.44041633605957,14.064345359802246
71,6336,-158.33849751491942,-175.29547749081433,0.94984,2.287824869155884,-7.779187202453613,18.259719848632812
72,6439,-28.74534967218574,-173.2600590488889,0.9490245833333333,1.8506731986999512,-5.847420692443848,19.111648559570312
73,6524,-121.86728341171325,-172.55604842372213,0.9483516666666667,2.3045945167541504,-4.607809543609619,10.783821105957031
74,6631,-250.42020358451012,-173.60826673670573,0.9475045833333333,1.8833253383636475,-9.836848258972168,13.252220153808594
75,6702,-84.73517743713418,-172.42329221271146,0.9469425,2.6532082557678223,-3.363593816757202,15.061189651489258
76,6799,-191.04775837754485,-172.6683509780382,0.9461745833333334,1.691215991973877,-7.584611892700195,16.31416130065918
77,6896,-363.8013812684243,-175.1505981246666,0.9454066666666667,2.1188430786132812,-11.26047134399414,17.15280532836914
78,7003,-311.40216425416514,-176.89741307504477,0.9445595833333333,2.2155373096466064,-7.342690467834473,17.1003360748291
79,7082,-36.23556826204826,-175.11688339386762,0.9439341666666666,2.5935609340667725,-5.627248287200928,16.71213150024414
80,7161,-127.62038012935233,-174.5231771030612,0.94330875,1.9829760789871216,-4.966245651245117,11.041862487792969
81,7265,-127.1112695065657,-173.93784491051184,0.9424854166666666,1.2737443447113037,-10.566065788269043,18.488388061523438
82,7368,-78.10192650855782,-172.7691141982929,0.94167,2.2317371368408203,-6.289825439453125,16.58314323425293
83,7523,-187.53709279833083,-172.9470416513054,0.9404429166666667,3.220736026763916,-5.636589527130127,17.596832275390625
84,7609,-198.51607945093974,-173.2514349584439,0.9397620833333333,2.808772087097168,-8.444245338439941,20.635581970214844
85,7682,-98.46750445014055,-172.3716240112874,0.9391841666666667,3.7938313484191895,-3.7129006385803223,18.46636390686035
86,7780,-216.4415509501839,-172.8840650222048,0.9384083333333333,3.3880677223205566,-10.271016120910645,22.61180877685547
87,7871,-143.99548288665778,-172.5520123539801,0.9376879166666666,2.0351951122283936,-9.936653137207031,16.161052703857422
88,7950,-88.79262409147198,-171.60020112372433,0.9370625,3.00490140914917,-6.556766510009766,19.647668838500977
89,8061,-167.30414476661915,-171.55193082757708,0.93618375,2.656388521194458,-6.690757751464844,16.460237503051758
90,8192,-237.83521428323635,-172.28841175486218,0.9351466666666667,1.7876465320587158,-4.5146331787109375,8.340192794799805
91,8261,-79.17813814375467,-171.2652219349599,0.9346004166666667,1.8790751695632935,-7.158974647521973,16.113271713256836
92,8346,-158.65530631720804,-171.12815763476695,0.9339275,2.5877718925476074,-9.739818572998047,16.96747589111328
93,8460,-25.233823726710526,-169.55940135618567,0.933025,2.2046422958374023,-10.963471412658691,18.14130210876465
94,8588,-256.37560069179915,-170.48297794486243,0.9320116666666667,2.1578516960144043,-4.3856520652771,19.19670295715332
95,8645,-136.37833194944037,-170.1239816712264,0.9315604166666667,1.5333892107009888,-6.174968719482422,9.079291343688965
96,8751,-88.67416193271723,-169.27554604895028,0.9307212499999999,3.4370203018188477,-9.03055191040039,24.861286163330078
97,8847,-426.63336938833163,-171.92871948543873,0.92996125,1.8880125284194946,-6.726655006408691,14.11185359954834
98,8922,-229.8218967411192,-172.51946619212936,0.9293675,2.0430660247802734,-6.3887858390808105,15.372865676879883
99,9010,-163.53737316002457,-172.42873797968383,0.9286708333333333,3.3877246379852295,-4.803242206573486,19.01363182067871
100,9127,-91.51790998406368,-171.61962969972762,0.9277445833333333,2.7411839962005615,-3.2059133052825928,12.635248184204102
101,9251,-11.270156522792277,-169.83271116303692,0.9267629166666667,2.7860159873962402,-13.377647399902344,13.97630500793457
102,9337,-70.38060449865507,-169.7133956269401,0.9260820833333333,2.211512565612793,-4.575824737548828,15.207412719726562
103,9432,-203.0105352673957,-167.8114972348226,0.92533,1.9000341892242432,-9.262384414672852,15.425619125366211
104,9530,-325.19271365311636,-169.5018577510296,0.9245541666666667,2.2817463874816895,-5.723815441131592,13.756494522094727
105,9605,-83.96399317224385,-170.3380953630093,0.9239604166666666,2.1964032649993896,-11.341038703918457,16.992408752441406
106,9742,-137.03423220994742,-170.47546338701778,0.9228758333333333,2.9452478885650635,-8.843636512756348,16.02000617980957
107,9850,-329.92192913863994,-172.67375466421046,0.9220208333333333,2.4372129440307617,-10.042557716369629,13.511505126953125
108,9936,-100.80648118097008,-172.5473294234711,0.92134,2.839932680130005,-15.654934883117676,17.635086059570312
109,10016,-144.7464810777348,-173.1307323258911,0.9207066666666667,1.4568686485290527,-8.552165031433105,12.672632217407227
110,10151,-130.5479237537361,-172.87384053203766,0.9196379166666667,1.9738905429840088,-7.2442097663879395,12.795731544494629
111,10235,-143.37405799584553,-173.3712216364139,0.9189729166666667,1.8968088626861572,-3.07242488861084,11.13459587097168
112,10337,-117.4062766975692,-171.83498978422685,0.9181654166666666,1.2536492347717285,-12.46989631652832,22.48291015625
113,10402,-74.43464495913881,-171.64039444701604,0.9176508333333333,2.287555456161499,-11.050481796264648,21.139175415039062
114,10525,-149.87445386153468,-169.95962909507517,0.9166770833333333,1.5655031204223633,-6.378674507141113,10.38491439819336
115,10634,1.2587295571758688,-168.48231772924322,0.9158141666666667,0.9219198822975159,-2.336904525756836,12.088529586791992
116,10723,-99.53999068589046,-168.68328540190248,0.9151095833333334,2.2568342685699463,-5.72162389755249,14.087811470031738
117,10836,-219.8876267422021,-166.37893155243316,0.914215,1.4838674068450928,-8.964171409606934,20.359954833984375
118,10963,-63.635989415624344,-165.88776641662025,0.9132095833333334,2.0597329139709473,-7.605446815490723,10.404576301574707
119,11052,-176.69084786492755,-165.56596167954945,0.912505,4.614088535308838,-16.18642807006836,23.479671478271484
120,11138,-100.70827715973223,-164.3973058277639,0.9118241666666667,2.222395181655884,-8.794584274291992,14.489845275878906
121,11274,-164.34810057925023,-165.0597905816295,0.9107475,2.4034337997436523,-8.576494216918945,16.864086151123047
122,11357,-131.2868520206062,-164.61180677478825,0.9100904166666667,2.799133539199829,-9.443076133728027,17.520795822143555
123,11455,-348.4496313560154,-166.37116023411957,0.9093145833333334,2.195261240005493,-10.237890243530273,17.042797088623047
124,11549,-162.0027582231626,-165.27691894425934,0.9085704166666667,2.1454339027404785,-10.662400245666504,11.673948287963867
125,11653,-192.44519256156144,-166.04890556503042,0.9077470833333333,1.3230851888656616,-11.26549243927002,16.095399856567383
126,11795,-56.37306810828646,-164.58234284422377,0.9066229166666666,1.8259458541870117,-4.273656845092773,15.93306827545166
127,11906,-110.89107545584143,-161.24729021584614,0.9057441666666667,1.5729546546936035,0.10549890995025635,12.042664527893066
128,11990,-185.5915461354254,-160.66302283028628,0.9050791666666667,4.109188079833984,-14.406792640686035,20.810619354248047
129,12068,-102.01308869581626,-160.90662321070516,0.9044616666666667,2.0401248931884766,-6.1536030769348145,10.575011253356934
130,12127,-115.67657076433417,-161.0590745477778,0.9039945833333334,1.2548656463623047,-1.1131865978240967,10.638023376464844
131,12272,-69.95289903620494,-158.77050151726337,0.9028466666666667,3.506747245788574,-13.64279842376709,17.659290313720703
132,12335,-68.06005964964628,-154.93649389530773,0.9023479166666667,2.2174506187438965,-4.157073974609375,18.14266586303711
133,12444,-97.04250277577613,-155.1452036702129,0.901485,2.032824993133545,-7.962705612182617,10.918133735656738
134,12540,-91.96753181378753,-152.82211117112934,0.900725,1.7749358415603638,-5.725001811981201,15.43620491027832
135,12642,-201.87743953281057,-153.8617094503547,0.8999175,1.6490461826324463,-6.978087902069092,11.911886215209961
136,12733,-79.1350760234126,-152.02231017441684,0.8991970833333334,2.0220229625701904,-7.847699165344238,14.039905548095703
137,12835,-121.87158502233018,-152.07068787142083,0.8983895833333333,2.2418923377990723,-15.364145278930664,13.174086570739746
138,12949,-89.27645566609013,-153.03762462315078,0.8974870833333334,3.6322295665740967,-11.358119010925293,15.970719337463379
139,13079,-82.33241379132414,-153.11787010412914,0.8964579166666666,2.8409156799316406,-9.282600402832031,16.958892822265625
140,13147,-18.377477620446044,-151.37065916469209,0.8959195833333333,1.7476110458374023,-7.787260055541992,14.910728454589844
141,13217,-36.43151098637743,-150.8731518339954,0.8953654166666667,1.1132025718688965,-12.763347625732422,12.219344139099121
142,13299,-105.02502427695326,-150.02941247990222,0.89471625,2.351717948913574,-9.855432510375977,14.294818878173828
143,13390,-92.84941738254656,-149.52369354321817,0.8939958333333333,1.7511401176452637,-10.287982940673828,13.74672794342041
144,13499,-165.47789271434857,-149.4700424586069,0.8931329166666666,1.6765868663787842,-9.83303451538086,13.601907730102539
145,13587,-214.90094999253097,-147.38538821555332,0.89243625,2.330109119415283,-10.60093879699707,11.688217163085938
146,13689,-78.66094049204223,-147.28341664910985,0.89162875,2.431593418121338,-8.519876480102539,16.23695945739746
147,13757,-57.09259853274041,-146.9051799692461,0.8910904166666667,2.2640933990478516,-6.832930564880371,12.391276359558105
148,13838,-99.12639372589089,-146.91221241931567,0.8904491666666667,2.305208683013916,-5.406780242919922,13.948003768920898
149,13900,-111.82323558542494,-145.0527580946383,0.8899583333333333,2.296510696411133,-6.933012008666992,13.963995933532715
150,13989,-79.35033748134191,-142.96981788286027,0.88925375,1.6025757789611816,-3.9427504539489746,11.446496963500977
151,14070,-125.30831365317569,-142.2520097265001,0.8886125,1.4667826890945435,-9.955741882324219,11.425919532775879
152,14182,-183.32333098254537,-142.77778582114647,0.8877258333333333,1.4834885597229004,-9.25314712524414,15.993318557739258
153,14280,-87.28833388576126,-142.13579707309154,0.88695,1.262758731842041,-5.016211032867432,8.794100761413574
154,14383,-260.8364652450324,-142.72680199903573,0.8861345833333334,1.0683321952819824,-13.38986873626709,9.913318634033203
155,14472,-108.6318772058836,-142.34752226220743,0.88543,2.0510311126708984,-10.830141067504883,14.569730758666992
156,14547,-95.40941944755934,-142.05494070667137,0.88483625,1.1698405742645264,-9.861924171447754,10.463289260864258
157,14610,-59.512042369414914,-139.41840004261357,0.8843375,1.8204379081726074,-11.958778381347656,16.54401206970215
158,14719,-4.764350054259353,-138.1822925214006,0.8834745833333333,1.4574342966079712,-3.7201128005981445,10.323892593383789
159,14787,-127.84105609527361,-138.70867755723572,0.88293625,1.6217262744903564,-9.463113784790039,13.674072265625
160,14909,-155.5295297518524,-138.86747514868117,0.8819704166666666,1.2184337377548218,-7.333876609802246,11.881172180175781
161,15027,-206.2397944332418,-140.699979708252,0.88103625,1.051285982131958,-5.648312091827393,8.955255508422852
162,15129,-126.10179004866677,-139.20972053178582,0.88022875,1.350454330444336,-14.450204849243164,12.732742309570312
163,15214,-49.45681280539141,-136.38681156334587,0.8795558333333333,1.3395957946777344,-4.027444839477539,10.35727310180664
164,15355,-108.69705462043825,-136.65102410646097,0.8784395833333334,2.032538414001465,-2.4578022956848145,10.969734191894531
165,15441,-102.73514035614625,-136.14092046405855,0.87775875,1.4564096927642822,-10.459196090698242,12.036481857299805
166,15553,-104.39329201275154,-135.28467946021024,0.8768720833333333,2.194736957550049,5.01125955581665,10.51324462890625
167,15682,-72.05850592342621,-135.50924943262092,0.8758508333333334,3.3822999000549316,-17.013195037841797,19.65203857421875
168,15787,-90.30454256688155,-133.7008830416682,0.8750195833333333,2.2127676010131836,-1.4991991519927979,10.481521606445312
169,15879,-306.72314455208436,-135.5773011888672,0.87429125,2.461698293685913,-11.360967636108398,13.217572212219238
170,16007,-101.40874317753071,-135.61764217130033,0.8732779166666667,2.504795789718628,-1.415837287902832,18.816699981689453
171,16123,-61.90702983930554,-134.65332749454421,0.8723595833333333,2.836394786834717,-18.771528244018555,22.117965698242188
172,16215,-353.50877616112655,-137.90096175943364,0.8716312500000001,1.9037402868270874,-4.8908185958862305,16.664405822753906
173,16336,-89.50458905358674,-137.57733481585237,0.8706733333333334,2.154792547225952,-12.64017391204834,12.486026763916016
174,16482,-231.18862497790815,-137.38501902978632,0.8695174999999999,2.9863786697387695,-14.54157543182373,14.532513618469238
175,16580,-46.97446044380733,-137.00741185985308,0.8687416666666667,1.3281415700912476,-4.677742004394531,12.006906509399414
176,16650,-109.78080225782847,-136.19474229865588,0.8681875,2.1241893768310547,-6.777650833129883,13.1780366897583
177,16730,-94.61364490672146,-133.50286493503884,0.8675541666666666,1.907561182975769,-6.115133285522461,16.286453247070312
178,16834,-92.33834371874991,-131.3122267296847,0.8667308333333333,0.8934512138366699,-5.4669623374938965,10.895157814025879
179,16968,-51.0374294339329,-131.46024534140355,0.8656699999999999,1.4668365716934204,-3.469468116760254,10.367437362670898
180,17055,-80.63280149814844,-130.99036955509152,0.86498125,1.5227952003479004,-8.281381607055664,12.62630844116211
181,17190,-139.9833131850795,-131.11908999187665,0.8639125000000001,1.8199666738510132,-2.336301565170288,12.601104736328125
182,17283,-106.60924035064984,-131.40416313029758,0.86317625,1.4113445281982422,-8.72842788696289,12.15564250946045
183,17397,-121.46147922088174,-130.74340699452307,0.86227375,2.00386381149292,-3.5536890029907227,11.99528980255127
184,17498,-146.5659512833342,-130.223905712847,0.8614741666666667,1.8349453210830688,-6.216927528381348,11.329179763793945
185,17572,-68.46048692862517,-129.92383553763185,0.8608883333333334,2.3687052726745605,-2.1794252395629883,12.888639450073242
186,17660,-200.63150104096178,-129.76573503853965,0.8601916666666667,1.8143649101257324,-9.320148468017578,11.751067161560059
187,17799,-37.908354935339126,-128.70486375902647,0.85909125,2.10892391204834,-11.921539306640625,15.675607681274414
188,17865,-75.30736657462631,-128.570011183858,0.85856875,2.5846800804138184,-7.584462642669678,18.576087951660156
189,17976,-130.15343580540338,-128.19850409424586,0.8576900000000001,1.5982606410980225,-4.258028984069824,13.699366569519043
190,18094,-167.4719769630504,-127.494871721044,0.8567558333333334,1.427517294883728,0.9468876123428345,12.071537971496582
191,18169,-75.65121100379696,-127.4596024496444,0.8561620833333333,1.1846935749053955,-4.5860371589660645,9.432269096374512
192,18295,-52.77545182075432,-126.40080390467988,0.8551645833333333,1.7147204875946045,-5.779240131378174,12.068206787109375
193,18413,-99.24372267409622,-127.14090289415371,0.8542304166666667,1.9963644742965698,-7.408260822296143,8.444090843200684
194,18507,-356.50094384780226,-128.14215632571376,0.85348625,1.808760643005371,-5.574891090393066,10.296981811523438
195,18652,-113.85258831661062,-127.91689888938548,0.8523383333333333,2.6761748790740967,-3.7498505115509033,12.797304153442383
196,18719,-116.69844642634882,-128.1971417343218,0.8518079166666667,1.6049208641052246,-15.360822677612305,11.64372444152832
197,18787,-112.09687988080879,-125.05177683924656,0.8512695833333334,1.6890146732330322,-3.117147207260132,10.356529235839844
198,18936,-297.2576871372286,-125.72613474320765,0.85009,2.185263156890869,-17.372936248779297,13.247636795043945
199,19000,-63.57655114841197,-124.72652652309151,0.8495833333333334,0.8736656308174133,-9.761072158813477,14.622549057006836
200,19108,-98.01668260118718,-124.79151424926275,0.8487283333333333,1.0283911228179932,1.0457322597503662,12.286012649536133
201,19241,-114.59915855395246,-125.82480426957434,0.8476754166666667,1.3183454275131226,-17.059188842773438,16.265336990356445
202,19339,-158.7828913751393,-126.70882713833919,0.8468995833333334,0.5943366885185242,-5.076776504516602,9.684969902038574
203,19476,-74.85471426703359,-125.42726892833558,0.845815,2.226740837097168,-4.844464302062988,18.851638793945312
204,19584,-118.38282613890031,-123.35917005319345,0.8449599999999999,1.0239673852920532,4.313686370849609,7.431636333465576
205,19701,-132.7523628888668,-123.84705375035966,0.84403375,0.9922139644622803,-7.203813076019287,8.254469871520996
206,19820,-76.15539343119421,-123.23826536257212,0.8430916666666667,2.9114625453948975,-3.08225679397583,17.518381118774414
207,19916,-114.34677362282068,-121.08251380741395,0.8423316666666667,0.40658196806907654,-6.8188042640686035,9.871613502502441
208,19991,-33.680104021250145,-120.41125003581674,0.8417379166666666,1.0953757762908936,-8.358375549316406,13.429447174072266
209,20116,-123.24913110453325,-120.1962765360847,0.8407483333333333,1.3354133367538452,-16.139144897460938,13.578426361083984
210,20174,-115.46228481762991,-120.04542014672364,0.8402891666666666,2.70622181892395,-8.3280029296875,14.042207717895508
211,20270,-67.41761898665214,-119.2858557566317,0.8395291666666667,1.5401532649993896,-5.4695048332214355,8.65886402130127
212,20385,-133.0711663513253,-119.44250465316925,0.83861875,1.9580767154693604,-3.771247625350952,11.959848403930664
213,20522,-109.46138573953755,-119.79277206097326,0.8375341666666667,2.1871986389160156,-12.950592041015625,17.060447692871094
214,20609,-103.13536899601839,-119.32538121231809,0.8368454166666667,2.3958489894866943,-9.951889038085938,16.77847671508789
215,20723,-139.56346758873812,-120.73360318377723,0.8359429166666666,1.2004799842834473,-10.656689643859863,12.96455192565918
216,20832,-138.5779855549393,-121.12398313246773,0.83508,2.103419303894043,2.5286433696746826,13.712434768676758
217,20920,-130.53620927309314,-120.23046895777662,0.8343833333333334,1.2017475366592407,-1.9064632654190063,12.522361755371094
218,20989,-88.41619635893383,-120.47827102720974,0.8338370833333333,1.4132840633392334,-7.662539482116699,12.934852600097656
219,21060,-137.63836334197117,-120.08774618198018,0.833275,0.9771082401275635,-7.938920974731445,9.063294410705566
220,21141,-106.49514167865026,-120.14561482716935,0.8326337500000001,1.5988603830337524,-16.99925994873047,11.477338790893555
221,21233,-107.4410377692462,-119.57654419906929,0.8319054166666666,1.2053881883621216,-3.3583507537841797,9.641693115234375
222,21310,-46.926285018134124,-118.73293852904459,0.8312958333333333,3.2891714572906494,3.399693250656128,16.5166015625
223,21421,-119.02224412214987,-116.43866465670594,0.8304170833333333,0.6356527805328369,1.287604808807373,8.606527328491211
224,21550,6.610282461187538,-114.75253424986244,0.8293958333333333,2.7518534660339355,-10.529961585998535,16.59686279296875
225,21620,-111.93377719405663,-113.9474200961874,0.8288416666666667,1.3258881568908691,-2.6944761276245117,9.171516418457031
226,21745,-99.4512630126187,-114.37820204523072,0.8278520833333334,0.8014721870422363,0.12719392776489258,5.556087970733643
227,21845,-160.52988596623737,-114.87459015033468,0.8270604166666666,2.2249293327331543,-11.108203887939453,14.803417205810547
228,21921,-74.09825375704841,-113.75965722655091,0.82645875,2.4623069763183594,-1.8900623321533203,16.22854232788086
229,22005,-143.309103483558,-114.17261737442831,0.82579375,1.7924256324768066,-3.708784580230713,11.565908432006836
230,22074,-81.55317504007327,-113.83138341718572,0.8252475,1.3054242134094238,-17.608304977416992,10.863982200622559
231,22192,-41.36477439943488,-113.545502170818,0.8243133333333333,0.8196978569030762,-4.062744617462158,7.2594499588012695
232,22290,-92.46592116525316,-113.78956078597406,0.8235375,1.7577159404754639,-1.1137943267822266,8.590715408325195
233,22398,-33.95598775678263,-113.15869563578411,0.8226825,2.530259609222412,-11.029050827026367,12.407654762268066
234,22493,-82.51404639287998,-113.06416078157504,0.8219304166666667,1.4639301300048828,-9.741046905517578,13.324993133544922
235,22579,-58.650074071767975,-111.63188712696461,0.8212495833333333,1.282850742340088,-5.714839935302734,11.5203275680542
236,22661,-49.46811023934645,-111.33521746912396,0.8206004166666667,1.9674513339996338,-1.912604808807373,15.355489730834961
237,22733,-58.94519398669995,-110.70595355876765,0.8200304166666667,2.0382089614868164,-11.576459884643555,15.138178825378418
238,22867,-100.82926617987559,-110.8214816639055,0.8189695833333334,2.415768623352051,-1.1080433130264282,16.333148956298828
239,22972,-81.43698568406616,-110.81252738283293,0.8181383333333333,1.8674873113632202,-7.371928691864014,11.970800399780273
240,23056,-80.17725988510527,-111.43052520547954,0.8174733333333334,1.282873272895813,-10.41417121887207,9.326807022094727
241,23200,-55.537772389160054,-111.62158781950735,0.8163333333333334,2.477449893951416,-8.342517852783203,19.352006912231445
242,23277,-101.35255632016728,-111.5848631399395,0.81572375,0.8729643225669861,2.0377213954925537,5.834893703460693
243,23382,-41.91520455476666,-111.0755210116617,0.8148925,1.428260326385498,-12.994280815124512,9.663700103759766
244,23473,-172.26532982515837,-111.14339538276981,0.8141720833333334,1.6704356670379639,-3.421588659286499,14.168784141540527
245,23582,-92.85241739130132,-109.92291005675752,0.8133091666666666,2.2630624771118164,-11.712095260620117,16.264925003051758
246,23679,-94.57259055498974,-110.08202655738698,0.81254125,1.8498367071151733,-0.3928389549255371,11.24071979522705
247,23774,-99.45695040717301,-110.50567007613132,0.8117891666666667,1.6188364028930664,-10.463165283203125,11.437718391418457
248,23837,-66.1076258030017,-110.17548239690242,0.8112904166666667,2.8065435886383057,-6.142075538635254,14.22043228149414
249,23975,-228.68628514002796,-111.34411289244845,0.8101979166666666,2.330793857574463,-5.108517646789551,14.4414701461792
250,24047,-70.81834199892045,-111.25879293762424,0.8096279166666667,2.8355584144592285,-9.352300643920898,21.341215133666992
251,24191,-95.59502961227517,-110.96166009721523,0.8084879166666666,0.91501384973526,-11.4443941116333,10.873473167419434
252,24270,-64.8194349296127,-109.77662113668588,0.8078624999999999,2.3361716270446777,2.340014934539795,12.524148941040039
253,24338,-92.23932320809814,-109.82613102990925,0.8073241666666666,1.957383155822754,-1.2507646083831787,11.246906280517578
254,24439,-72.40626388197734,-107.94182901627872,0.8065245833333333,1.1906254291534424,-12.940472602844238,14.218631744384766
255,24570,-24.828882045862414,-107.10379906467848,0.8054875,0.8248400688171387,-1.3071873188018799,11.506927490234375
256,24687,-96.66082308378643,-107.11631310104076,0.80456125,2.0618324279785156,12.505178451538086,10.291509628295898
257,24764,-59.721980355378165,-107.1184124809004,0.8039516666666666,2.05108904838562,-2.702080726623535,13.459704399108887
258,24897,-92.99703851451477,-108.00073936550297,0.80289875,0.6859235763549805,0.4765281677246094,6.08437967300415
259,24963,-88.47939107591431,-107.60712271530937,0.80237625,1.0968263149261475,2.832030773162842,7.074036121368408
260,25080,-51.811889624072926,-106.56994631403157,0.80145,1.693454623222351,-6.865146636962891,8.23396110534668
261,25196,-106.09227497816647,-105.56847111948082,0.8005316666666666,1.4228076934814453,-2.7914443016052246,9.483575820922852
262,25285,-83.47574487245024,-105.14221066771864,0.7998270833333334,1.281402587890625,-2.0011844635009766,6.98861026763916
263,25378,-82.7249088199464,-105.47489162786418,0.7990908333333333,2.290894031524658,-2.0726704597473145,16.18675422668457
264,25505,-74.04955923526398,-105.12841667401244,0.7980854166666667,1.8821382522583008,-4.966136455535889,13.676513671875
265,25647,-60.642802971234104,-104.70749330016334,0.7969612500000001,1.8859117031097412,-8.056428909301758,11.383785247802734
266,25710,-80.4687035300625,-104.46824741533645,0.7964625000000001,1.0439698696136475,-0.8001794815063477,5.961922645568848
267,25808,-117.28327268883903,-104.92049508299057,0.7956866666666667,1.470468282699585,-4.672677040100098,9.574216842651367
268,25882,-51.6761419896604,-104.53421107721837,0.7951008333333334,1.9721553325653076,-2.8661553859710693,13.78882122039795
269,25987,-104.81731072264644,-102.515152738924,0.7942695833333333,2.919375419616699,-2.2094602584838867,13.912939071655273
270,26095,-94.0954616822689,-102.44201992397139,0.7934145833333334,0.9359524250030518,4.757284164428711,8.089448928833008
271,26190,-150.63864052410702,-103.32933603081938,0.7926625,3.383375883102417,-28.11723518371582,19.526466369628906
272,26317,-135.97659474472187,-101.15401421665534,0.7916570833333334,2.351665496826172,2.8770275115966797,13.978164672851562
273,26421,-113.90599235279207,-101.3980282496474,0.79083375,1.8823893070220947,-2.976006507873535,12.447663307189941
274,26517,-125.75117082969675,-100.34365370816528,0.79007375,0.8656063079833984,-2.7721493244171143,9.825199127197266
275,26627,-149.90812275054668,-101.37299033123267,0.7892029166666668,1.5491060018539429,-6.427560329437256,11.714332580566406
276,26719,-94.63557191051756,-101.22153802775958,0.7884745833333333,2.141430139541626,-8.467392921447754,18.983190536499023
277,26802,-77.07573689556466,-101.046158947648,0.7878175000000001,0.5629739761352539,-3.787327289581299,6.241806983947754
278,26897,-88.89409494563681,-101.01171645991685,0.7870654166666666,1.2769267559051514,-12.251388549804688,15.635437965393066
279,27030,-178.5905563900574,-102.28724772947812,0.7860125,1.6803112030029297,-8.680530548095703,16.954641342163086
280,27100,-44.691096065104006,-101.92783067514765,0.7854583333333334,2.5003442764282227,-3.1297483444213867,11.849115371704102
281,27196,-76.11554990188439,-101.28915304231572,0.7846983333333334,2.2275962829589844,-7.074295520782471,13.795388221740723
282,27269,-23.66715255256601,-100.45973216433487,0.7841204166666667,1.5600934028625488,-11.884967803955078,13.815359115600586
283,27378,15.575311489103967,-99.089364257235,0.7832575,0.8640552759170532,-4.328670501708984,7.705462455749512
284,27494,-116.92606453280996,-98.79296538972977,0.7823391666666667,1.5749924182891846,0.7686476707458496,9.944210052490234
285,27614,-41.89763820657824,-98.5273369025093,0.7813891666666667,1.5636790990829468,0.424100399017334,6.799882888793945
286,27691,-150.27822186652287,-98.02380411076494,0.7807795833333333,1.0601568222045898,-0.09391617774963379,11.897831916809082
287,27828,-64.75952714782296,-98.29231583288974,0.779695,1.9753611087799072,-1.861180305480957,9.192181587219238
288,27915,-93.10096234031413,-98.47025179054663,0.77900625,1.3686845302581787,-9.267203330993652,10.302738189697266
289,28014,-117.8822602506992,-98.34754003499958,0.7782225,1.5275154113769531,8.070172309875488,8.254379272460938
290,28156,-62.08635149011929,-97.29368378027027,0.7770983333333333,2.2488951683044434,1.162400722503662,11.277105331420898
291,28233,-125.76174124307698,-97.79478908266309,0.77648875,1.1850734949111938,-3.9267101287841797,7.908058166503906
292,28356,-91.2277676791629,-98.17931224124717,0.775515,2.3063852787017822,-11.76502799987793,10.405145645141602
293,28436,-77.03496497265658,-97.95722466423277,0.7748816666666667,1.2357184886932373,-7.883757591247559,7.972354412078857
294,28517,-32.12637492056366,-94.71347897496038,0.7742404166666667,1.379715919494629,-10.818163871765137,15.018783569335938
295,28651,-79.45896086953405,-94.36954270048962,0.7731795833333334,2.102748394012451,-14.033418655395508,12.76806640625
296,28749,-28.60717777928501,-93.48863001401898,0.7724037500000001,0.8263583779335022,8.903164863586426,7.997203350067139
297,28827,-66.62818520400067,-93.03394306725093,0.77178625,1.005310297012329,9.432025909423828,8.567880630493164
298,28950,-61.65382389337205,-90.67790443481233,0.7708125,1.8053343296051025,1.712709903717041,11.108569145202637
299,29056,-118.73955941933566,-91.22953451752159,0.7699733333333334,2.5900723934173584,4.826395034790039,15.840621948242188
300,29181,-45.37154832282563,-90.70308317473797,0.7689837500000001,1.681351661682129,2.6392416954040527,11.343459129333496
301,29243,-31.713841115925774,-89.8742300003577,0.7684929166666666,0.941615104675293,-1.8623567819595337,13.242449760437012
302,29320,-35.955529785127624,-88.64595638445756,0.7678833333333334,0.9364675879478455,6.477984428405762,5.149546146392822
303,29466,-27.78938903591346,-88.17530313214637,0.7667275,1.3041727542877197,2.1111371517181396,6.752690315246582
304,29571,-115.68071363224593,-88.14828200707981,0.76589625,1.6293940544128418,0.5388803482055664,12.910295486450195
305,29673,-59.951032983690794,-87.42026870802808,0.76508875,2.391322612762451,-7.383927822113037,13.881845474243164
306,29784,-224.43004166684528,-88.90301519038458,0.7642100000000001,0.9510974287986755,4.108253002166748,11.16415023803711
307,29866,-77.89870079458422,-88.53853446210219,0.7635608333333334,1.1843593120574951,0.1696319580078125,9.24282455444336
308,29952,-41.9024973824467,-88.62075839571416,0.76288,1.113133430480957,13.77296257019043,11.102460861206055
309,30054,-118.21932427888385,-88.57046032745768,0.7620725,1.5122501850128174,-3.2558958530426025,14.399092674255371
310,30199,-72.90806197723037,-88.14491809905368,0.7609245833333333,0.6761842966079712,10.206282615661621,3.6289162635803223
311,30321,-40.85489909526274,-87.87929090013978,0.75995875,0.9125121831893921,-3.4462878704071045,9.190682411193848
312,30415,-60.207153600781275,-87.15065077263435,0.7592145833333334,1.1706738471984863,0.3189225196838379,13.01317024230957
313,30499,-25.48199933080231,-86.31085690854701,0.7585495833333333,0.5833519697189331,7.395943641662598,8.766704559326172
314,30615,-69.35805876278438,-85.97308380621466,0.75763125,1.0387781858444214,5.973480224609375,11.039113998413086
315,30727,-123.8075690225447,-85.81552482055272,0.7567445833333334,2.1435022354125977,-5.688984394073486,13.828523635864258
316,30808,-64.97682521153972,-85.07951321711873,0.7561033333333333,1.337658166885376,6.098328113555908,9.71796989440918
317,30885,-41.41630227589101,-84.1883141471467,0.75549375,0.7683333158493042,9.480536460876465,8.763167381286621
318,31008,-92.72912728388005,-84.23144345639615,0.75452,1.4598569869995117,-2.0791594982147217,13.992783546447754
319,31129,-61.97360356304073,-83.47479585860687,0.7535620833333333,1.8834342956542969,-5.367245197296143,14.197087287902832
320,31220,-78.11647697407177,-83.19100921156108,0.7528416666666666,1.6438214778900146,-6.143770217895508,9.069185256958008
321,31348,-101.22599272974567,-83.12885876116607,0.7518283333333333,1.171426773071289,2.051217555999756,13.475833892822266
322,31423,-62.7114178907022,-83.28671008989176,0.7512345833333334,0.8977013826370239,-3.81378173828125,8.294068336486816
323,31497,-63.77663372378295,-82.73425398590807,0.75064875,1.6473276615142822,6.516390800476074,17.972793579101562
324,31635,-88.25226497525047,-83.68287946027245,0.74955625,1.1486660242080688,-5.0561933517456055,10.987298011779785
325,31757,-47.04236374388074,-83.0339653257707,0.7485904166666667,1.4776899814605713,3.2804412841796875,9.442420959472656
326,31852,-57.42237070428568,-82.61367640268737,0.7478383333333334,1.2592617273330688,-4.441170692443848,8.204012870788574
327,31973,-81.14427159200812,-81.8198202589451,0.7468804166666667,1.1108626127243042,-2.4624409675598145,10.235300064086914
328,32052,-1.2850899783713032,-81.09168862115833,0.746255,0.9131090044975281,2.2022879123687744,7.661983489990234
329,32134,-89.51029539998441,-80.5537005403226,0.7456058333333333,1.673769474029541,-8.989328384399414,11.326343536376953
330,32224,-55.60793371446771,-80.29424812706652,0.7448933333333334,1.9941020011901855,-5.001590251922607,11.24870491027832
331,32307,-30.382868251159252,-80.18442906558377,0.74423625,1.500509262084961,4.3212809562683105,9.678542137145996
332,32385,-79.31451415981736,-80.0529149955294,0.74361875,2.0874319076538086,-0.7984089851379395,15.224093437194824
333,32521,-68.82217096090142,-80.4015768275706,0.7425420833333334,1.1108496189117432,-7.2846598625183105,8.96481704711914
334,32633,-66.24354098579025,-80.23887177349971,0.7416554166666667,0.6102865934371948,1.5506792068481445,16.029529571533203
335,32797,-43.51821058361293,-80.08755313861815,0.7403570833333333,1.642620325088501,-3.556699752807617,10.741373062133789
336,32885,-91.0653007192551,-80.50352504341724,0.7396604166666667,1.9793496131896973,4.491894245147705,13.414682388305664
337,32978,-19.591186617050255,-80.10998496972074,0.7389241666666667,1.0460233688354492,7.759331226348877,8.503199577331543
338,33103,-80.52692512751123,-79.90696155919709,0.7379345833333333,1.830090880393982,0.7466951608657837,9.945791244506836
339,33198,-79.18899373759686,-79.8844816397324,0.7371825000000001,0.7180958390235901,4.2489166259765625,6.768396854400635
340,33274,-83.5938507530264,-79.91864754841161,0.7365808333333334,1.9873846769332886,-13.502142906188965,9.386855125427246
341,33374,-85.78597391423062,-80.22112956366233,0.7357891666666667,1.0506198406219482,6.377801895141602,10.61352825164795
342,33487,-48.53333950297776,-79.69293739549043,0.7348945833333334,1.0373196601867676,18.801544189453125,11.136609077453613
343,33610,-56.35579260897775,-79.83734327603253,0.7339208333333334,1.6852837800979614,-3.9356882572174072,9.7553071975708
344,33676,-45.97964218318862,-78.57448639961284,0.7333983333333334,2.5024642944335938,-7.096858501434326,17.220659255981445
345,33767,-64.01857972768443,-78.28614802297666,0.7326779166666667,1.2671961784362793,0.1706554889678955,19.212814331054688
346,33866,-111.74284166740699,-78.45785053410086,0.7318941666666667,0.7516718506813049,8.263103485107422,14.084417343139648
347,33928,-67.0166261630128,-78.13344729165925,0.7314033333333334,0.6531345248222351,-0.3183321952819824,8.662403106689453
348,33995,-64.2828644556305,-78.11519967818553,0.7308729166666668,1.3896123170852661,0.5272752046585083,13.461750030517578
349,34081,-92.81787643719616,-76.75651559115721,0.7301920833333333,1.0224237442016602,6.012558460235596,8.309077262878418
350,34203,-60.529611630085455,-76.65362828746885,0.72922625,1.0894219875335693,6.42158317565918,11.091192245483398
351,34294,-129.3005839875115,-76.99068383122122,0.7285058333333334,1.2879756689071655,3.9111006259918213,11.017641067504883
352,34404,-89.46828253103166,-77.23717230723541,0.727635,2.397037982940674,2.6197075843811035,13.730878829956055
353,34493,-121.67859413520809,-77.53156501650652,0.7269304166666667,2.0093560218811035,1.4059038162231445,11.21509838104248
354,34564,-85.79860442964815,-77.66548842198323,0.7263683333333334,1.0514541864395142,6.740504264831543,9.237773895263672
355,34661,-50.8711511155612,-77.92591111268023,0.7256004166666667,0.859513521194458,2.493997573852539,6.720746994018555
356,34772,-66.31515453150554,-77.62245442715742,0.7247216666666667,0.8591750860214233,-14.871410369873047,9.526506423950195
357,34842,-85.89644518832958,-77.88419907548692,0.7241675000000001,3.2829318046569824,-10.638278007507324,19.674297332763672
358,34958,-89.89076635139526,-77.85313635385573,0.7232491666666667,2.2331624031066895,-5.613640785217285,17.88283348083496
359,35048,-37.64431717645706,-77.34478561486115,0.7225366666666667,1.3609895706176758,-1.4157708883285522,14.269067764282227
360,35145,-86.57446611390446,-77.69241137975945,0.7217687500000001,1.3051984310150146,3.4628024101257324,10.617142677307129
361,35236,-99.58165703324237,-77.62730520031022,0.7210483333333333,1.1997538805007935,3.1872925758361816,9.994108200073242
362,35341,-81.96713171997179,-77.61221906878544,0.7202170833333333,1.7103586196899414,2.657219409942627,14.42621898651123
363,35466,-84.8402100036269,-77.63337208062225,0.7192275,1.0083391666412354,23.39181900024414,6.573487758636475
364,35554,-86.56299062373243,-77.75850639450692,0.7185308333333333,2.313427209854126,7.814489364624023,13.766054153442383
365,35645,-88.30069423494028,-78.03508530714399,0.7178104166666667,2.1101584434509277,-9.597692489624023,13.57810115814209
366,35740,-37.73989231706604,-77.60779719501402,0.7170583333333334,1.5992926359176636,1.9560704231262207,10.394953727722168
367,35872,-45.79509522303262,-76.89291542035596,0.7160133333333334,1.5492653846740723,2.452479362487793,11.20877456665039
368,35954,-16.490734265308006,-76.54106134311243,0.7153641666666667,2.15537166595459,-2.36991286277771,15.431783676147461
369,36014,-78.77189740475131,-76.28060720993348,0.7148891666666667,2.830723762512207,-7.477476119995117,12.367499351501465
370,36081,-74.37080794498684,-76.08336067256067,0.7143587499999999,1.8130667209625244,3.092684507369995,10.544178009033203
371,36173,-42.34079177766789,-75.00038218509627,0.7136304166666667,1.2459646463394165,5.185934543609619,7.369070053100586
372,36260,-116.13416238436801,-74.80195786149274,0.7129416666666667,1.6442973613739014,1.7511906623840332,8.775665283203125
373,36347,-89.84204090784903,-74.56131834704331,0.7122529166666667,1.5075831413269043,3.8803744316101074,9.55059814453125
374,36464,-55.456577772525506,-73.8583724164716,0.7113266666666667,1.4100184440612793,-5.289559364318848,10.350543975830078
375,36566,-69.67151077112347,-73.05600629667737,0.7105191666666666,1.5637739896774292,13.794370651245117,13.452444076538086
376,36667,-86.26305556578583,-72.97228113323004,0.7097195833333334,0.5421713590621948,2.9204342365264893,5.560380935668945
377,36761,-48.984151862645675,-72.69136528290085,0.7089754166666666,1.1817750930786133,6.625842094421387,8.817371368408203
378,36846,-55.25522856475844,-72.35497661909207,0.7083025000000001,0.4544535279273987,19.083580017089844,6.616119384765625
379,36921,-31.580265672418264,-70.88487371191567,0.7077087500000001,1.079163908958435,7.625543594360352,10.324110984802246
380,37041,-61.76272639957309,-71.05559001526036,0.7067587500000001,2.0733978748321533,-4.793464183807373,9.076783180236816
381,37132,-102.73748697691913,-71.32180938601071,0.7060383333333333,0.7759028077125549,-12.524887084960938,11.009812355041504
382,37263,-37.449447839552334,-71.45963233888058,0.70500125,1.1613130569458008,11.321016311645508,7.809467315673828
383,37355,-83.99051386839884,-72.45529059245561,0.7042729166666666,1.8373327255249023,-0.3320862054824829,11.604902267456055
384,38342,-256.7776325190023,-73.85380627231754,0.6964591666666666,0.9704427719116211,5.036462783813477,9.624375343322754
385,38417,-73.24811682966174,-74.16731105854838,0.6958654166666667,0.7409594058990479,11.07431697845459,9.682018280029297
386,38508,-77.71670830279226,-73.44169592291107,0.695145,1.9612840414047241,14.463994979858398,9.14588451385498
387,38602,-71.50692857521594,-73.50916993718499,0.6944008333333334,0.9869073629379272,1.424870491027832,13.330734252929688
388,38684,-4.64309478910549,-72.6245912616729,0.6937516666666667,1.0152101516723633,10.187402725219727,5.791436195373535
389,38776,-102.71662871201951,-72.47293494628612,0.6930233333333333,0.49933287501335144,23.281471252441406,5.677403450012207
390,38850,-60.90078918100937,-72.46107932319502,0.6924375,1.3202933073043823,15.865514755249023,9.539766311645508
391,38927,-54.44534965863379,-71.74791540735059,0.6918279166666667,1.7946432828903198,18.35622215270996,10.683774948120117
392,39065,-36.596494846686056,-71.20160267902581,0.6907354166666666,2.1251964569091797,11.45417594909668,14.218061447143555
393,39136,-53.00708073818063,-70.96132383668105,0.6901733333333333,0.9251046180725098,2.2098774909973145,8.167655944824219
394,39229,-38.649574176338504,-71.02655582923879,0.6894370833333333,1.1519582271575928,9.466073989868164,10.658299446105957
395,39334,-93.50004307189754,-71.16696665126243,0.6886058333333334,1.0050709247589111,0.5735282897949219,15.222268104553223
396,39412,-28.24857350206554,-71.16338060849023,0.6879883333333333,1.3403139114379883,9.474743843078613,11.35802173614502
397,39509,-94.82914131033345,-71.44539016955356,0.6872204166666667,2.0033700466156006,14.023063659667969,15.285860061645508
398,39646,-24.968011798306534,-71.0785320486029,0.6861358333333334,1.8947721719741821,21.470375061035156,10.932485580444336
399,39736,-83.97587464851443,-70.73089520089468,0.6854233333333333,0.45386388897895813,0.9780282974243164,8.367027282714844
400,39825,-56.67939425165608,-70.84397366018298,0.68471875,0.9556716084480286,3.649381637573242,11.346949577331543
401,39902,-73.3882277468945,-71.26071752649268,0.6841091666666667,1.229628086090088,14.91250991821289,12.053510665893555
402,40045,-74.73242443710743,-71.64848647301248,0.6829770833333333,0.939342200756073,15.663814544677734,6.071321487426758
403,40133,-56.743657727308914,-71.93802915992643,0.6822804166666667,1.7462552785873413,6.048717498779297,14.930272102355957
404,40262,-31.70977031474726,-71.09831972675146,0.6812591666666666,1.0112074613571167,15.494702339172363,9.732353210449219
405,40377,-97.85066332923499,-71.47731603020691,0.6803487500000001,1.460646629333496,15.96099853515625,15.836821556091309
406,40494,-86.51908252105528,-70.098206438749,0.6794225,1.1838442087173462,16.742061614990234,7.8921613693237305
407,40579,-31.051198148731203,-69.62973141229048,0.6787495833333334,1.0143325328826904,18.385852813720703,8.009373664855957
408,40686,-71.2409997915787,-69.92311643638179,0.6779025000000001,0.6781678795814514,26.613937377929688,4.9292120933532715
409,40777,-32.48645963797975,-69.06578778997275,0.6771820833333333,1.479506015777588,15.184860229492188,10.02273941040039
410,40861,-104.8353893605453,-69.38506106380589,0.6765170833333334,1.132109522819519,7.370896339416504,15.739166259765625
411,40920,-53.5515268728868,-69.51202734158213,0.67605,1.2315850257873535,12.838095664978027,9.466509819030762
412,41018,-38.89639751217115,-69.29891978069604,0.6752741666666666,1.4665536880493164,6.853618621826172,14.708284378051758
413,41133,-75.63151787044174,-69.80041496609243,0.67436375,0.5766147375106812,18.998132705688477,5.229681015014648
414,41210,-52.9289390721347,-69.63612376918593,0.6737541666666667,1.2951080799102783,2.7321419715881348,14.187423706054688
415,41341,-102.1117606592187,-69.41916568555267,0.6727170833333334,0.9745518565177917,20.325851440429688,7.755997180938721
416,41458,-79.84271139089066,-69.56782454734619,0.6717908333333333,1.733886957168579,17.901838302612305,10.396391868591309
417,41553,-70.93186818818035,-69.86298020646909,0.67103875,1.165520191192627,12.273164749145508,6.098665237426758
418,41629,-14.619777661385058,-69.08188671024413,0.6704370833333333,0.7577410936355591,17.122373580932617,7.8293328285217285
419,41776,-67.11722079998036,-69.13332288261353,0.6692733333333334,1.516083002090454,16.297866821289062,10.295001983642578
420,41886,-2.0861426739658384,-68.37301953961246,0.6684025,1.711899757385254,20.757965087890625,15.625349998474121
421,42007,-57.95584163487598,-67.94031802866378,0.6674445833333333,1.922739863395691,23.4868221282959,9.334681510925293
422,42077,-21.31280992334335,-67.52633194899018,0.6668904166666667,1.3993794918060303,7.479517936706543,10.120969772338867
423,42196,-60.49661025848991,-67.49353171433724,0.6659483333333334,1.272552728652954,26.14801025390625,8.927722930908203
424,42274,-57.41890063129979,-67.18519807089774,0.6653308333333334,2.463287830352783,13.345159530639648,21.25780487060547
425,42361,-61.45429063985284,-67.32931733985745,0.6646420833333333,1.9122493267059326,8.04047966003418,13.05099868774414
426,42437,-32.515419751290096,-67.0802478303275,0.6640404166666667,1.7201013565063477,9.030486106872559,15.129676818847656
427,42507,-67.41272009217829,-66.9429323153292,0.66348625,0.8086943626403809,23.80153465270996,4.045740127563477
428,42602,-55.10729936909914,-67.48115440923648,0.6627341666666666,0.8982824087142944,25.213272094726562,6.49552059173584
429,42697,-71.63567557808204,-67.30240821101745,0.6619820833333334,1.501013994216919,2.728440761566162,10.14242935180664
430,42853,-143.97616510521368,-68.18609052492492,0.6607470833333333,1.2727864980697632,10.189925193786621,14.63167953491211
431,42954,-89.69026218558142,-68.77916446426913,0.6599475,0.7900892496109009,13.955949783325195,6.222916126251221
432,43037,-90.63221308580552,-68.89234145352901,0.6592904166666667,1.4406051635742188,5.690736293792725,10.892223358154297
433,43112,-27.459297578491274,-68.47871271970492,0.6586966666666667,1.6893367767333984,9.82530689239502,11.170024871826172
434,43186,-78.07304857560793,-68.59700779560309,0.6581108333333334,0.8068583011627197,17.228551864624023,11.407074928283691
435,43287,-78.24127081910669,-68.94423839795803,0.65731125,1.4495435953140259,10.197992324829102,12.518389701843262
436,43416,-46.128535805817286,-68.49487074882366,0.65629,0.7593138217926025,16.300090789794922,5.82674503326416
437,43543,-92.85421942008739,-69.22750107685403,0.6552845833333334,1.0303034782409668,21.697553634643555,6.7145819664001465
438,43608,-37.33633073424238,-68.79559513292135,0.6547700000000001,0.9459579586982727,26.849178314208984,3.795595169067383
439,43680,-42.5954432711871,-68.42965962825724,0.6542,1.6327208280563354,2.2357306480407715,15.243348121643066
440,43772,-41.17752368941711,-68.00549635762115,0.6534716666666667,0.8861973285675049,11.940110206604004,7.004118919372559
441,43925,-67.04305863329056,-67.81806720481174,0.6522604166666667,2.0534558296203613,10.229175567626953,12.599183082580566
442,44033,-76.64933826953421,-68.09922719247731,0.6514054166666667,1.6337950229644775,16.694076538085938,10.132919311523438
443,44189,-59.856968008307405,-68.13423894647062,0.6501704166666666,1.4365200996398926,10.962445259094238,12.180950164794922
444,44320,-68.73470325403406,-68.36178955717907,0.6491333333333333,0.3718844950199127,24.46328353881836,5.302166938781738
445,44444,-99.07169256145119,-68.71232068551673,0.6481516666666667,1.9771199226379395,9.515972137451172,10.235527038574219
446,44530,-36.15723314819737,-67.95646460032464,0.6474708333333334,1.902298092842102,13.064648628234863,8.441916465759277
447,44647,-65.20693965638048,-67.93836773525831,0.6465445833333334,1.290787935256958,12.421371459960938,7.91485595703125
448,44739,-92.92037742065736,-68.22474286490858,0.64581625,1.0450657606124878,15.428438186645508,5.937623500823975
449,44823,-28.55421868441681,-67.58210628738078,0.6451512500000001,2.155951499938965,13.956626892089844,13.738377571105957
450,44908,-62.427912964146145,-67.60108930072138,0.6444783333333334,0.6595381498336792,17.787691116333008,8.349979400634766
451,44982,-51.35827100163763,-66.82166617086266,0.6438925,1.800645112991333,8.47165584564209,11.818880081176758
452,45071,-25.11611787225351,-66.17814452427487,0.6431879166666667,1.998089075088501,5.966973781585693,9.754344940185547
453,45148,-70.2564936426479,-65.66392351934927,0.6425783333333334,1.5541505813598633,20.233352661132812,9.758615493774414
454,45248,-44.65241795952639,-65.25246165464804,0.6417866666666667,0.7320059537887573,23.268089294433594,6.277088165283203
455,45368,-99.40218814819974,-65.73777202497443,0.6408366666666667,1.3873803615570068,10.762823104858398,8.724884033203125
456,45469,-20.14328601142911,-65.27605333977367,0.6400370833333333,0.9220790863037109,15.516729354858398,8.74174976348877
457,45546,13.629303817085557,-64.28079584971951,0.6394275,0.9349246025085449,20.223405838012695,6.907562255859375
458,45612,-54.59997444116974,-63.927887930617274,0.6389050000000001,1.309391736984253,14.325963020324707,7.469180107116699
459,45679,-41.34061697796115,-63.964850928632316,0.6383745833333334,0.8103172183036804,21.71419334411621,9.860963821411133
460,45774,-66.04236342593495,-63.759529901752614,0.6376225,1.5740092992782593,12.524006843566895,10.069499969482422
461,45862,-75.82579064368203,-63.52197123785702,0.6369258333333334,1.026282787322998,16.601116180419922,12.311867713928223
462,45962,-81.46062554791611,-63.516906176136445,0.6361341666666667,0.8651649355888367,21.94748306274414,6.559608459472656
463,46025,-67.6098243101832,-63.344602319202025,0.6356354166666667,1.5658435821533203,25.704444885253906,8.921733856201172
464,46105,-28.132766020427567,-62.76030007316896,0.6350020833333334,1.0684661865234375,10.806686401367188,13.186873435974121
465,46186,-29.453677120526066,-62.17182990202482,0.6343608333333333,0.9080847501754761,20.149274826049805,8.454862594604492
466,46271,-51.31280044520718,-62.307558983306244,0.6336879166666667,1.250260591506958,14.015334129333496,6.523775577545166
467,46352,-75.05182863237432,-62.600126317399656,0.6330466666666668,0.96782386302948,22.2414608001709,6.436758995056152
468,46432,-62.71998732582148,-63.06241884800478,0.6324133333333333,1.0489728450775146,20.286052703857422,12.434610366821289
469,46530,-36.21031715091466,-62.636803045466415,0.6316375000000001,1.2813177108764648,21.163249969482422,8.094470977783203
470,46620,-79.95160423422982,-62.69261100835885,0.630925,1.0701560974121094,19.00621795654297,14.301629066467285
471,46685,-48.68131455266516,-62.75601623610883,0.6304104166666666,0.8177725076675415,16.546112060546875,4.748249053955078
472,46826,-30.597106188497946,-61.90064567415013,0.6292941666666667,0.42683106660842896,19.291553497314453,4.313141822814941
473,46971,-45.72920967992988,-61.45951736187093,0.62814625,3.3492085933685303,-1.0400428771972656,15.253301620483398
474,47080,-52.492170061916255,-61.42987328476484,0.6272833333333334,0.6726821660995483,18.52583122253418,8.129353523254395
475,47159,-45.565148054673074,-61.18880965760034,0.6266579166666666,0.7252941131591797,19.92422103881836,4.594826698303223
476,47238,-56.33775881024188,-60.88955669004489,0.6260325,0.602262020111084,14.223257064819336,6.132572174072266
477,47378,-36.629006210050754,-60.766005233518946,0.6249241666666667,1.679793357849121,16.4848690032959,9.389759063720703
478,47504,-46.02783292127713,-60.67373127708414,0.6239266666666667,0.8912264108657837,19.494625091552734,8.219894409179688
479,47584,-79.38962546087548,-61.151824874968696,0.6232933333333333,0.9271894693374634,14.764348983764648,11.614535331726074
480,47681,-60.79762936852684,-61.142173904658236,0.6225254166666667,0.7766457796096802,14.240843772888184,7.1470947265625
481,47770,-43.286457224385366,-60.5476636071329,0.6218208333333333,1.4538081884384155,16.7044677734375,11.666709899902344
482,47844,-72.27258502193965,-60.895894978956775,0.621235,0.9593634605407715,19.3735408782959,9.258155822753906
483,47953,-18.558397646442984,-60.241573816737215,0.6203720833333333,1.734197974205017,17.442407608032227,10.330394744873047
484,48071,-58.107954919820855,-58.25487704074541,0.6194379166666667,0.7541389465332031,12.229024887084961,4.794194221496582
485,48189,-26.620332007246702,-57.78859919252126,0.61850375,1.0325393676757812,21.9459228515625,7.952255725860596
486,48261,-33.01889955209165,-57.341621105014255,0.61793375,1.1219242811203003,6.696896553039551,14.012632369995117
487,48332,-49.34206564425344,-57.11997247570463,0.6173716666666667,1.5412352085113525,13.820898056030273,12.138309478759766
488,48465,-53.819966585643044,-57.61174119366999,0.61631875,0.7286401987075806,25.483501434326172,7.499820709228516
489,48545,-45.598874169013754,-57.04056364823994,0.6156854166666667,1.7631958723068237,20.36374282836914,14.193629264831543
490,48677,-47.75305222741136,-56.909086278703946,0.6146404166666667,1.6791528463363647,11.935741424560547,10.62102222442627
491,48779,-105.28183540014709,-57.41745113611908,0.6138329166666667,1.3286755084991455,18.923614501953125,9.337645530700684
492,48889,-78.87881995191808,-57.840274387171405,0.6129620833333334,0.8332189321517944,23.028060913085938,11.24547004699707
493,49011,-40.70595879412146,-57.717263167730806,0.61199625,0.7506800293922424,18.547266006469727,7.010562896728516
494,49107,-66.90565263461978,-57.999823952313626,0.61123625,1.662318468093872,23.73345947265625,6.542367935180664
495,49198,-112.63867582156007,-58.19121027981025,0.6105158333333334,0.8914924263954163,19.984941482543945,7.721776485443115
496,49317,-21.613089379012763,-58.12485543857972,0.60957375,1.1303125619888306,24.279930114746094,14.92625617980957
497,49384,-35.28658025623983,-57.5294298280388,0.6090433333333334,1.6139469146728516,14.815292358398438,11.865071296691895
498,49464,-21.262692615941063,-57.49237663621515,0.60841,1.7084999084472656,19.66489601135254,14.017190933227539
499,49570,-49.49602439938943,-57.14757813372389,0.6075708333333334,0.8698301315307617,20.847286224365234,7.914365768432617
500,49676,-31.737784631508475,-56.89816203752242,0.6067316666666667,0.3680388033390045,19.03923225402832,12.828323364257812
501,49757,-44.42820901427099,-56.608561850196175,0.6060904166666667,1.1918200254440308,26.85727310180664,8.179765701293945
502,49854,-43.33189439628029,-56.294556549787906,0.6053225,0.7030086517333984,15.689367294311523,9.061384201049805
503,49972,-63.277381317245386,-56.35989378568727,0.6043883333333333,0.5857582092285156,15.115569114685059,8.739246368408203
504,50043,-57.30507329634175,-56.61584681550322,0.60382625,1.252762794494629,11.540620803833008,10.846773147583008
505,50137,-66.55712607007112,-56.30291144291158,0.6030820833333334,0.7166727781295776,22.162811279296875,3.6805949211120605
506,50261,-14.824919349793092,-55.58596981119896,0.6021004166666667,1.6626675128936768,13.757002830505371,9.871349334716797
507,50366,-68.46603969906393,-55.96011822670228,0.6012691666666667,0.7191604375839233,16.778209686279297,7.31942081451416
508,50482,-31.301663903624927,-55.56072486782275,0.6003508333333334,1.0171549320220947,27.080120086669922,6.009427547454834
509,50571,-52.85201094742838,-55.76438038091724,0.59964625,1.1022379398345947,20.295114517211914,10.971952438354492
510,50664,-69.95522314280191,-55.41557871873981,0.59891,0.40917688608169556,24.39529800415039,9.133501052856445
511,50747,-45.655314741708494,-55.33661659742802,0.5982529166666667,1.6682627201080322,18.724306106567383,9.674578666687012
512,50842,-74.51345164822543,-55.69278713878856,0.5975008333333334,1.524630069732666,10.330041885375977,11.14120864868164
513,50950,-44.36231259841554,-55.3800950860683,0.5966458333333333,1.2999835014343262,23.359962463378906,7.030473709106445
514,51084,-24.91409527739856,-55.09994664812095,0.595585,1.2274292707443237,2.1528050899505615,6.856832981109619
515,51166,-47.937148260985694,-54.55820052413861,0.5949358333333333,0.8674941062927246,12.331626892089844,10.313157081604004
516,51284,-83.23463993890483,-54.592119809618765,0.5940016666666668,0.5309242606163025,15.713988304138184,6.944479465484619
517,51386,-46.899026225647,-54.351791389993416,0.5931941666666667,0.6599704623222351,23.02680206298828,6.7137131690979
518,51506,-71.72996865988878,-54.92289329997846,0.5922441666666667,1.633965015411377,15.576391220092773,13.00633430480957
519,51666,-39.670931841764926,-54.6484304103963,0.5909775,1.2063573598861694,2.176785945892334,12.953653335571289
520,51737,-23.886537726586468,-54.866434360922504,0.5904154166666666,1.927364706993103,8.134056091308594,10.569059371948242
521,51863,-15.631623511366357,-54.44319217968742,0.5894179166666667,1.3224709033966064,19.893543243408203,13.217529296875
522,51936,-34.24934607726853,-54.57255754122666,0.58884,1.540579080581665,17.094802856445312,8.438411712646484
523,52008,-88.45441388347263,-54.852135577476496,0.5882700000000001,0.7698872685432434,24.140342712402344,11.95228385925293
524,52128,-40.88233436602397,-54.686769914823735,0.5873200000000001,0.8367358446121216,11.189847946166992,11.805953979492188
525,52220,-72.6487239178093,-54.7987142476033,0.5865916666666666,1.0540270805358887,16.13435173034668,8.124401092529297
526,52361,-32.13396473541735,-54.79489969744456,0.5854754166666667,0.8836919069290161,15.585147857666016,10.703078269958496
527,52442,-58.20468703012588,-54.70281936682405,0.5848341666666668,1.2864235639572144,14.077600479125977,10.8399076461792
528,52571,-233.8872136446472,-56.49061850957953,0.5838129166666667,1.4317889213562012,6.331387519836426,8.824071884155273
529,52670,-63.094583039412214,-56.40520758419282,0.5830291666666667,0.3836742043495178,13.065826416015625,6.431405067443848
530,52792,-96.60883640544807,-55.93153429719516,0.5820633333333334,2.2536091804504395,19.07766342163086,13.897666931152344
531,52876,-57.488162774818306,-55.60951330308753,0.5813983333333334,0.8278309106826782,13.97118854522705,7.876810073852539
532,52964,-6.93883217028413,-54.772579493932334,0.5807016666666667,1.1642472743988037,9.029166221618652,10.256475448608398
533,53100,-61.94660700490376,-55.117452588196464,0.5796250000000001,1.3847185373306274,22.239267349243164,7.93769645690918
534,53209,-57.22053586910806,-54.90892746113146,0.5787620833333333,1.0648659467697144,17.366893768310547,4.695988655090332
535,53276,-46.41735447950812,-54.590688297735475,0.5782316666666667,1.3077547550201416,20.734172821044922,7.34251594543457
536,53378,-82.42809606526363,-54.953683900329935,0.5774241666666666,1.312737226486206,11.365738868713379,17.396167755126953
537,53478,-97.1745597393042,-54.99688730352211,0.5766325000000001,1.1113088130950928,24.838808059692383,12.121265411376953
538,53561,37.46911030566494,-54.248832893123044,0.5759754166666666,1.239020824432373,19.956695556640625,9.446441650390625
539,53655,5.371903775504165,-53.769159422656124,0.5752312500000001,1.879575252532959,21.489910125732422,9.829571723937988
540,53756,-42.12807923019914,-53.778664978063944,0.5744316666666667,1.4577240943908691,14.740663528442383,8.382791519165039
541,53872,-40.37656432335875,-53.51200003496462,0.5735133333333333,0.6392888426780701,19.46657943725586,8.77499771118164
542,53947,-23.774995606136898,-52.98325660833065,0.5729195833333334,1.3441524505615234,17.154531478881836,12.283524513244629
543,54038,-6.280641039603864,-52.44749333864362,0.5721991666666667,1.1939009428024292,21.77346420288086,7.644712924957275
544,54148,-161.51553521898904,-53.375301658293154,0.5713283333333334,1.226806879043579,10.186014175415039,8.31153678894043
545,54217,-47.615193589849575,-52.86073666857715,0.5707820833333334,1.5326011180877686,29.901103973388672,12.736459732055664
546,54293,-45.66862575709564,-52.95585059466612,0.5701804166666666,1.4444935321807861,27.087732315063477,10.052682876586914
547,54422,-33.3948634924685,-52.637729833026995,0.5691591666666667,0.7490625381469727,19.790252685546875,14.322099685668945
548,54514,-47.81608486781485,-52.18668690749857,0.5684308333333334,1.9791500568389893,24.344017028808594,12.398039817810059
549,54588,-68.0073956520089,-52.58121867717448,0.5678449999999999,1.3609979152679443,13.955251693725586,13.496891021728516
550,54674,-44.530738781753115,-52.40224693535056,0.5671641666666667,1.0014781951904297,11.639156341552734,5.716973781585693
551,54750,-71.75735378697112,-52.6062377632039,0.5665625000000001,1.0728541612625122,10.581201553344727,9.112735748291016
552,54829,-105.26467027158267,-53.40772328719719,0.5659370833333333,1.6255173683166504,20.07933807373047,10.389033317565918
553,54952,-109.27682164242378,-53.797926567194956,0.5649633333333333,0.7933951616287231,25.566247940063477,7.777138710021973
554,55078,2.3896518919421794,-53.32750586868028,0.5639658333333333,1.1483128070831299,28.742992401123047,8.440441131591797
555,55177,-79.51889323344463,-53.12867291953272,0.5631820833333334,0.2771870493888855,29.61588478088379,5.55234432220459
556,55289,-12.129411248733646,-53.048534171905764,0.5622954166666667,0.9091899394989014,21.082515716552734,8.79013442993164
557,55373,-74.92250753936597,-53.93405228547029,0.5616304166666667,0.518241286277771,17.911964416503906,7.295450687408447
558,55499,21.401738809771715,-53.17403515296087,0.5606329166666666,1.1476038694381714,35.027793884277344,14.136624336242676
559,55577,16.08020302608668,-52.599826952920395,0.5600154166666667,0.7440739870071411,25.79252052307129,11.299333572387695
560,55698,-42.74195942954924,-52.36682291295652,0.5590575,1.1008515357971191,27.015064239501953,5.136486530303955
561,55826,-46.48176668487727,-52.07338267336848,0.5580441666666667,0.5985256433486938,29.987483978271484,7.982077121734619
562,55896,-47.59697612147404,-51.73474617910405,0.55749,0.5889146327972412,18.957958221435547,7.416498184204102
563,56046,-5.098190137443595,-51.10962983737665,0.5563024999999999,1.3686809539794922,20.858783721923828,10.419310569763184
564,56163,-45.96051191324304,-51.28790729630481,0.55537625,1.1004770994186401,13.192261695861816,10.659998893737793
565,56297,-3.7878515490524904,-51.031249040590076,0.5543154166666666,1.4815664291381836,18.262001037597656,15.342535972595215
566,56457,-192.44976549510665,-52.44261869108907,0.5530487500000001,1.491896629333496,8.156519889831543,10.126140594482422
567,56560,-14.705769400088357,-51.83915809876621,0.5522333333333334,1.577552080154419,25.81060028076172,11.339556694030762
568,56672,-31.967791199069424,-51.5316361374987,0.5513466666666667,1.1000416278839111,18.985933303833008,8.665895462036133
569,56746,-57.22131440861664,-51.74174611007571,0.5507608333333334,1.1063727140426636,21.183610916137695,9.390226364135742
570,56829,-58.61165949860646,-51.52834666271948,0.55010375,1.4448647499084473,23.55200958251953,8.682172775268555
571,56915,-54.1761418583972,-51.58329493577679,0.5494229166666666,0.5654664039611816,34.56463623046875,7.838359832763672
572,56992,-49.02751760364914,-51.767599049928315,0.5488133333333334,0.7297542095184326,38.369544982910156,6.015871524810791
573,57093,-52.665914302309,-51.83696609615211,0.54801375,1.2230472564697266,30.19082260131836,11.560007095336914
574,57209,-50.30397487454027,-51.815084144278345,0.5470954166666666,1.320160150527954,26.024934768676758,11.654354095458984
575,57285,-29.025863080241493,-51.64969129453403,0.54649375,1.7620712518692017,32.903968811035156,11.565754890441895
576,57371,-44.366436033925666,-51.52997806677087,0.5458129166666666,1.4825420379638672,13.274934768676758,10.273723602294922
577,57499,-63.21603028954911,-51.795848307565855,0.5447995833333333,0.9779983758926392,12.229955673217773,12.515195846557617
578,57616,-7.564350407438283,-51.41121348242746,0.5438733333333333,0.840630054473877,19.02630615234375,15.10234260559082
579,57698,-55.24221952407741,-51.169739423059475,0.5432241666666666,1.7238709926605225,17.875194549560547,9.200102806091309
580,57793,-25.305890613578683,-50.814822035510005,0.5424720833333334,2.4527359008789062,14.159778594970703,13.378209114074707
581,57877,-42.62690121418028,-50.80822647540795,0.5418070833333333,0.9856623411178589,27.633378982543945,4.440504550933838
582,57980,-38.20651486820302,-50.467565773870575,0.5409916666666666,1.054947853088379,16.468400955200195,11.427831649780273
583,58100,-29.358760317541254,-50.575569400581564,0.5400416666666666,1.0458542108535767,25.464611053466797,8.567523956298828
584,58188,7.51320321065765,-49.91935781927678,0.539345,0.8753292560577393,20.40966033935547,6.502463340759277
585,58305,-57.679132855122816,-50.229945827755536,0.53841875,1.1567540168762207,13.589973449707031,8.025690078735352
586,58415,-37.61172222352579,-50.27587405446988,0.5375479166666667,0.740322470664978,18.967683792114258,8.490321159362793
587,58494,-62.06304121411372,-50.40308381016848,0.5369225,0.6736994981765747,20.119476318359375,7.022353649139404
588,58599,-22.14205991213784,-50.08630474343343,0.53609125,1.4984725713729858,31.432476043701172,7.724169731140137
589,58673,-52.36405344968718,-50.153956536240166,0.5355054166666666,1.2918314933776855,23.795318603515625,8.371054649353027
590,58789,-83.98787668415179,-50.516304780807566,0.5345870833333334,1.3550488948822021,20.722431182861328,10.659730911254883
591,58883,18.577815072875936,-49.277708276077334,0.5338429166666667,1.3229639530181885,31.0003604888916,8.360835075378418
592,58956,-41.10594938271967,-48.89997957038537,0.533265,0.9377856254577637,8.83430290222168,9.551605224609375
593,59065,-50.65920490414198,-48.999512031485565,0.5324020833333334,0.7312278747558594,22.547088623046875,7.9214324951171875
594,59174,6.177762513691064,-48.26867788000245,0.5315391666666667,0.48764458298683167,17.367280960083008,11.67413330078125
595,59269,-9.508562683533228,-47.23737674862218,0.5307870833333334,0.8609268665313721,32.51374435424805,11.177448272705078
596,59368,-10.996342652551775,-47.13120928135758,0.5300033333333334,1.063009262084961,18.293182373046875,7.905722141265869
597,59434,-50.06762199391896,-47.279019698734366,0.5294808333333334,1.3112680912017822,26.05630111694336,8.75969409942627
598,59541,-149.0230410387649,-48.5566231829626,0.52863375,0.22846058011054993,25.399581909179688,6.072287559509277
599,59641,-131.11162845173976,-49.372779223486106,0.5278420833333334,1.725409746170044,27.918071746826172,16.590755462646484
600,59778,18.468743094982614,-48.870713946221194,0.5267575,1.9600361585617065,33.62117004394531,12.18117904663086
601,59864,-28.675158210785938,-48.71318343818634,0.5260766666666667,0.9432654976844788,25.676197052001953,8.519695281982422
602,59939,4.8972557319467995,-48.23089193690407,0.5254829166666667,1.4225069284439087,11.812002182006836,20.039676666259766
603,60029,-26.234703678663948,-47.86046516051827,0.5247704166666667,1.8833508491516113,18.21427345275879,13.239852905273438
604,60150,-21.136152220577117,-47.49877594976062,0.5238125,1.513134241104126,20.215177536010742,11.534097671508789
605,60253,-27.204218891791555,-47.10524687797781,0.5229970833333333,1.4096521139144897,24.998655319213867,9.797966957092285
606,60367,-17.114761944053996,-47.12814530392043,0.5220945833333333,1.0807170867919922,28.739809036254883,14.908514022827148
607,60482,-159.24872857244472,-48.035972192654235,0.5211841666666667,0.46872931718826294,22.11142349243164,6.940169334411621
608,60562,-95.79277434493017,-48.68088329706728,0.5205508333333333,1.8544254302978516,17.720972061157227,12.234914779663086
609,60628,-19.173228598322865,-48.34409547357623,0.5200283333333333,0.5280647873878479,12.439334869384766,22.522480010986328
610,60771,-41.23379349915647,-48.056881177139765,0.5188962500000001,0.8371869325637817,19.02615737915039,11.254812240600586
611,60857,-33.349692427829225,-47.933824954000976,0.5182154166666666,2.0804331302642822,13.661077499389648,13.656959533691406
612,60964,5.273853274000587,-47.13595190477872,0.5173683333333334,1.0664174556732178,40.32023620605469,5.0683417320251465
613,61038,-19.61065886185868,-46.88843536741316,0.5167824999999999,1.3308154344558716,23.43622398376465,6.910604953765869
614,61149,-77.02507378567323,-47.409545152495895,0.5159037500000001,1.4986340999603271,29.690393447875977,15.341787338256836
615,61258,-32.600680218290066,-47.25618047206895,0.5150408333333334,1.3715112209320068,33.55504608154297,11.449128150939941
616,61345,22.30784210683079,-46.20075565161159,0.5143520833333333,1.750544548034668,23.321636199951172,18.877735137939453
617,61458,-8.563988883821608,-45.817405278193334,0.5134575,1.325535535812378,32.04116439819336,10.043989181518555
618,61610,30.876452108807968,-44.79134107050637,0.5122541666666667,1.0303218364715576,21.169958114624023,19.285327911376953
619,61747,14.324159115100741,-44.25139016093772,0.5111695833333334,1.274260401725769,31.42445182800293,10.18917465209961
620,61874,-38.93351376065965,-44.401859921278444,0.5101641666666668,1.2961220741271973,26.39834976196289,7.338070869445801
621,61973,-24.32447926137968,-44.48878847877858,0.5093804166666667,0.8801932334899902,48.428001403808594,4.249670028686523
622,62098,-0.7322449950738417,-44.15361746795663,0.5083908333333333,0.9196139574050903,38.334716796875,9.355719566345215
623,62196,-54.44481532992915,-43.813521482421194,0.507615,0.38443663716316223,34.58623504638672,4.517538547515869
624,62319,-31.19457941580592,-43.716643932919006,0.5066412499999999,1.880469560623169,17.049747467041016,13.648519515991211
625,62408,-51.885373860279486,-43.509010432343715,0.5059366666666667,1.1755329370498657,32.759124755859375,8.336484909057617
626,62495,-15.05790193572345,-43.338249804346766,0.5052479166666667,1.6979222297668457,14.181867599487305,11.828584671020508
627,62590,20.220056738144038,-42.55400236666407,0.5044958333333334,0.5582736134529114,34.92314147949219,11.91813850402832
628,62676,-53.175592052503355,-40.74688615074264,0.503815,1.2820374965667725,25.84728240966797,13.005223274230957
629,62787,-38.01398460223028,-40.496080166370824,0.50293625,1.3405165672302246,27.080875396728516,10.206098556518555
630,62877,-69.81211611769069,-40.228112963493246,0.5022237500000001,0.6554273366928101,28.560386657714844,9.587965965270996
631,62980,-51.098824355728965,-40.164219579302355,0.5014083333333333,1.373396873474121,12.29066276550293,16.39763069152832
632,63073,-30.208397632912806,-40.39691523392864,0.5006720833333334,1.3194893598556519,27.69974136352539,14.967573165893555
633,63195,-112.39280251155486,-40.90137718899515,0.49970625,1.1176228523254395,20.150577545166016,11.679564476013184
634,63292,-19.032353086733806,-40.51949536117141,0.4989383333333334,1.9220662117004395,2.5633482933044434,13.038528442382812
635,63389,-87.54420859554554,-40.93076390233178,0.4981704166666666,0.7075957655906677,23.27116584777832,5.360879898071289
636,63496,-62.64355754605404,-40.732918517139694,0.49732333333333334,0.7133651971817017,34.577850341796875,7.281836986541748
637,63601,-44.45445505649579,-40.205717470311605,0.4964920833333334,0.7655677795410156,24.561176300048828,8.293197631835938
638,63736,1.0064270932954713,-40.5703443024353,0.4954233333333333,1.3864096403121948,29.198583602905273,10.741220474243164
639,63841,-64.15965751613787,-41.26565991535172,0.4945920833333334,1.2512403726577759,13.2063570022583,12.237357139587402
640,63969,-6.722129230910539,-40.91160041535883,0.49357875000000007,1.6762199401855469,10.940966606140137,8.147981643676758
641,64061,-33.812378346752354,-40.845958555592766,0.49285041666666674,1.1806492805480957,28.554969787597656,8.610610008239746
642,64150,-42.81444630894781,-41.036353062620876,0.4921458333333334,0.5393750667572021,21.277301788330078,9.236444473266602
643,64222,-28.726703827027634,-41.260813690495105,0.4915758333333333,0.40053486824035645,30.596548080444336,4.668379783630371
644,64339,8.545118678228391,-39.56020715152294,0.4906495833333334,1.124643087387085,39.264122009277344,15.230413436889648
645,64418,-30.926633444970037,-39.39332155007414,0.4900241666666666,0.8460837602615356,23.637086868286133,9.923943519592285
646,64496,28.64142271246945,-38.65022106537849,0.48940666666666666,0.45002877712249756,39.82017517089844,5.179018974304199
647,64610,-10.230645851661407,-38.418578888970416,0.48850416666666674,0.4250403344631195,36.826560974121094,7.129220962524414
648,64711,-26.04239965809515,-38.200842036873226,0.48770458333333344,0.9456561207771301,21.78291130065918,5.753103256225586
649,64798,-14.419555753630021,-37.664963637889436,0.4870158333333333,1.1100633144378662,21.458173751831055,7.252804756164551
650,64883,-86.79690805617992,-38.087625330633706,0.4863429166666666,0.9521480202674866,36.60935592651367,8.275093078613281
651,64971,-27.93880667207391,-37.64943985948473,0.48564624999999995,1.6099380254745483,19.92254638671875,15.767133712768555
652,65063,-14.780405953351405,-36.74459721630242,0.4849179166666667,0.7611825466156006,35.99694061279297,7.6003098487854
653,65166,27.049313356802713,-35.38133586631015,0.4841025,0.778796911239624,43.631683349609375,11.086677551269531
654,65274,2.021558871073779,-35.38501679651883,0.48324749999999994,1.0220273733139038,30.170719146728516,11.846083641052246
655,65392,-28.12203766673217,-34.87104824085171,0.48231333333333326,1.5199198722839355,29.031627655029297,13.209199905395508
656,65489,-142.73759452909474,-36.17713007365532,0.4815454166666667,1.600677490234375,22.939836502075195,10.757393836975098
657,65558,-56.62471610622022,-35.99415215932386,0.48099916666666664,1.210193395614624,34.189945220947266,12.509038925170898
658,65694,-2.3272708719751165,-36.231442256141335,0.47992250000000003,1.2818496227264404,38.65375518798828,8.22480583190918
659,65840,30.017044732111344,-36.092073839081095,0.4787666666666667,0.7151187062263489,31.561399459838867,8.549132347106934
660,65938,-59.135222357862176,-36.25600646836422,0.47799083333333336,0.7204038500785828,23.363327026367188,3.29708194732666
661,66013,-32.877458627214,-36.11996338778759,0.4773970833333334,0.4896840453147888,48.49751281738281,5.142152786254883
662,66094,-73.32888544461818,-36.37728248101903,0.4767558333333334,1.3221157789230347,23.882400512695312,10.999156951904297
663,66241,17.41757816931677,-36.15212479795143,0.47559208333333336,1.3210222721099854,15.340553283691406,18.782920837402344
664,66346,2.3717926554217996,-35.668801752264784,0.4747608333333334,0.7930583357810974,23.255687713623047,12.380447387695312
665,66443,1.951226490293081,-35.61141097187133,0.47399291666666665,1.6630897521972656,23.133970260620117,8.412095069885254
666,66543,-33.488208880640386,-34.02179540572666,0.47320125,1.137815237045288,28.992900848388672,10.474386215209961
667,66655,-11.488326035705143,-33.98962097208282,0.4723145833333333,1.7200958728790283,28.61648178100586,11.80044174194336
668,66744,-30.753863553306303,-33.977481695625194,0.47161,0.8153687715530396,22.85799789428711,6.783045291900635
669,66848,-27.73951153920089,-33.68266366693104,0.4707866666666667,2.7922301292419434,22.89604949951172,14.60250473022461
670,67848,59.72623997666304,-32.49928467217834,0.46287,0.7681385278701782,32.473777770996094,8.600909233093262
671,67975,10.437281626879937,-31.85315043732557,0.46186458333333336,0.621518611907959,37.44537353515625,6.364487648010254
672,68072,-12.688648132824525,-31.489761742617326,0.4610966666666667,1.639426350593567,35.076576232910156,8.910911560058594
673,68152,-27.27958236633809,-31.235898423257616,0.46046333333333345,1.4622774124145508,37.272911071777344,11.933502197265625
674,68276,-17.73519384331766,-30.910210612945388,0.4594816666666668,1.344487190246582,19.842239379882812,11.595687866210938
675,68373,35.2268764026972,-30.267683218116005,0.45871375000000003,1.7281720638275146,27.475540161132812,9.751667022705078
676,68483,-21.937877963993344,-30.043397637416682,0.45784291666666665,1.0887408256530762,36.660552978515625,8.479427337646484
677,68576,-44.587914910781436,-29.857116483629003,0.45710666666666666,0.4420986771583557,33.95891571044922,7.91283655166626
678,68659,19.184172124689937,-29.58963125830772,0.4564495833333334,0.6881875395774841,24.915189743041992,10.586176872253418
679,68773,-99.82742418915852,-30.03548330495853,0.4555470833333334,0.6453618407249451,33.203514099121094,9.712303161621094
680,68873,0.21604200018161634,-29.780263978820926,0.45475541666666663,0.9408836364746094,41.87868118286133,7.513058185577393
681,68975,-47.5702713347342,-29.829697680026467,0.4539479166666667,1.0425801277160645,32.36897659301758,13.416746139526367
682,69065,-11.947651514718117,-29.56710904649162,0.4532354166666668,0.7020493149757385,41.432716369628906,4.7793779373168945
683,69179,-49.79075943683338,-29.771429037684538,0.45233291666666675,2.2402029037475586,42.021854400634766,17.041431427001953
684,69269,-21.334253446272243,-30.05990360425384,0.45162041666666675,0.8189043998718262,30.17779541015625,7.705174446105957
685,69379,-37.93401018266955,-29.86245237752931,0.45074958333333337,0.5849735736846924,26.385147094726562,8.25836181640625
686,69493,-45.36952408890869,-29.940030396183136,0.44984708333333334,0.7079261541366577,21.45238494873047,6.901118278503418
687,69581,-50.50440919170962,-29.824444075959097,0.44915041666666666,0.8380650281906128,21.22480010986328,6.9138593673706055
688,69687,-74.40699166679367,-30.347093393505656,0.44831124999999994,1.1279211044311523,30.465736389160156,6.477181911468506
689,69812,-38.964051156265555,-30.213093370571436,0.44732166666666673,1.6794689893722534,28.604339599609375,10.621172904968262
690,69928,-73.2218021759049,-30.10543262548897,0.4464033333333334,1.4078896045684814,36.518592834472656,10.568552017211914
691,70005,-11.55907969916693,-30.4068015732094,0.4457937500000001,1.0350408554077148,34.23648452758789,10.683191299438477
692,70098,-45.40825594247883,-30.44982463880699,0.4450575000000001,2.0626161098480225,31.376497268676758,15.833504676818848
693,71098,89.18885616510704,-29.051344028114496,0.4371408333333333,1.4265644550323486,31.946868896484375,11.161537170410156
694,71186,-71.50201546634534,-29.82814180791486,0.43644416666666674,1.1352529525756836,38.60423278808594,7.6484293937683105
695,71286,34.528445333995705,-29.387771727739572,0.4356525000000001,1.2312055826187134,31.368276596069336,9.99540901184082
696,71409,6.853204184456104,-29.209276259369496,0.43467875,1.1914571523666382,23.358509063720703,13.695708274841309
697,71493,34.28537651402968,-28.365746274290007,0.43401375,1.3302440643310547,28.47283172607422,9.725969314575195
698,72493,0.28248871884311116,-26.87269097671393,0.4260970833333333,0.41432642936706543,38.10923767089844,5.200399875640869
699,72578,-41.33923154824453,-25.974967007678973,0.4254241666666667,1.6361172199249268,42.417091369628906,17.442821502685547
700,72660,-17.55578134799333,-26.335212252108736,0.424775,1.1937031745910645,42.292518615722656,8.832297325134277
701,72779,-57.50007236832603,-26.62346139368414,0.42383291666666667,1.4048266410827637,52.76756286621094,5.0038957595825195
702,72863,-5.573880524206757,-26.728172756245673,0.42316791666666664,2.4362685680389404,33.6136474609375,18.176143646240234
703,72961,-20.4620450530374,-26.670446169989404,0.42239208333333333,0.4854319393634796,47.41515350341797,3.1223840713500977
704,73067,-3.4031957191242412,-26.493116604974876,0.4215529166666666,0.9672467708587646,29.201183319091797,8.0440673828125
705,73175,-141.48958365945396,-27.635970252651504,0.4206979166666668,1.119206190109253,30.002262115478516,11.251134872436523
706,74175,64.00742987294282,-26.824748334481534,0.41278125,1.1331791877746582,20.76914405822754,6.250607490539551
707,74263,-10.291592608231923,-25.335176974839406,0.4120845833333334,1.3968862295150757,38.470359802246094,10.962122917175293
708,74383,-22.937341417959075,-24.606622645569697,0.4111345833333334,1.9270833730697632,25.605819702148438,15.55284595489502
709,75383,17.695001069137213,-24.237940348895094,0.4032179166666666,1.3571269512176514,39.632301330566406,11.57999038696289
710,75901,-140.65104545975328,-25.232112868501062,0.3991170833333334,0.8666876554489136,65.43128967285156,8.45289134979248
711,76018,-24.820751298174613,-25.146823457204516,0.3981908333333334,1.4383432865142822,29.44142723083496,11.763710021972656
712,76131,-40.2594735925161,-25.60215672586968,0.39729625,2.0139195919036865,40.39061737060547,12.92083740234375
713,76249,-32.99669352510159,-25.736017072502108,0.39636208333333334,1.4438745975494385,25.03015899658203,11.784711837768555
714,76387,16.7901249337623,-24.797865085307762,0.3952695833333334,1.256333351135254,38.75080871582031,10.850709915161133
715,76566,-117.06440907687492,-25.642502373893613,0.39385250000000005,0.5074261426925659,42.783775329589844,5.191424369812012
716,76709,-1.3143443822010425,-25.878724238783924,0.3927204166666667,0.7149260640144348,34.270835876464844,15.989078521728516
717,77709,44.96301254910428,-25.343454224454664,0.38480375,1.1493737697601318,31.507953643798828,9.573841094970703
718,77895,-71.85263423235186,-26.37074508786626,0.3833312500000001,1.2451332807540894,38.65721130371094,15.098228454589844
719,78372,-259.5540211105987,-29.109526890123252,0.379555,1.1756283044815063,43.573143005371094,13.241630554199219
720,79372,43.25354433072821,-28.287656309209375,0.3716383333333334,0.3895868957042694,26.185577392578125,8.60372543334961
721,79540,-69.03191244187312,-28.73473064101431,0.37030833333333335,1.4737358093261719,31.554716110229492,12.984990119934082
722,79644,-20.36000663994463,-28.931008257463013,0.36948500000000006,0.9496673345565796,36.29087448120117,7.701670169830322
723,79844,-106.9990582756143,-29.456550686919872,0.3679016666666667,0.5578660368919373,60.446128845214844,8.551021575927734
724,79959,10.36959810568112,-29.040908911705,0.3669912500000001,0.8533585071563721,50.130271911621094,9.20654010772705
725,80066,22.716912453136203,-28.29488604857085,0.3661441666666667,1.0671048164367676,46.219913482666016,7.9567718505859375
726,81066,75.89708491954173,-27.3853361800182,0.35822750000000003,1.7809979915618896,52.0374870300293,12.909460067749023
727,82066,88.81042363925961,-26.69943251100704,0.35031083333333346,0.9613049030303955,50.70262908935547,7.245924472808838
728,82161,24.48623844039298,-25.922814206078073,0.34955875000000003,1.5484883785247803,46.874053955078125,14.491146087646484
729,82254,17.33840272831918,-25.36929033277258,0.34882250000000004,1.509527325630188,44.828189849853516,9.220466613769531
730,82344,-22.40475745910571,-24.895216746186733,0.34811000000000003,0.5034676790237427,37.56166076660156,7.042024612426758
731,82455,23.644318336555315,-24.147785319263885,0.34723125,0.24604643881320953,49.75152587890625,14.224123001098633
732,82574,35.0601126623925,-23.49510021631084,0.34628916666666665,1.4533512592315674,51.43107604980469,9.156583786010742
733,83574,-27.786496362926982,-22.649037154824565,0.33837249999999996,1.2250087261199951,54.053375244140625,11.519559860229492
734,84574,-42.87631694860032,-22.88747679344322,0.3304558333333334,1.0520973205566406,65.96173858642578,13.636358261108398
735,85574,76.17580103919286,-21.25027669709584,0.3225391666666667,1.686542272567749,41.17461395263672,14.732254028320312
736,86574,3.960088904915853,-20.584240232586144,0.3146225,0.714113175868988,26.009305953979492,19.80181884765625
737,87574,95.2595500540455,-19.187100181480723,0.30670583333333334,1.2665297985076904,40.537410736083984,23.313335418701172
738,88094,-344.54409292921287,-22.642605381705806,0.3025891666666667,1.4092471599578857,43.28593826293945,7.232348442077637
739,88210,33.179728447295815,-21.669211522071475,0.30167083333333333,1.5602363348007202,43.08554458618164,10.02006721496582
740,89210,113.8862680102752,-20.46312754965961,0.29375416666666676,0.7191459536552429,55.80854797363281,7.220333099365234
741,90210,142.4696573877014,-18.700307192315076,0.28583749999999997,1.5280197858810425,52.281288146972656,14.217422485351562
742,90353,14.132558923220103,-18.130837139993396,0.2847054166666667,1.9088220596313477,52.3573112487793,20.09636878967285
743,91353,89.27149688289781,-16.95085513289414,0.27678875000000003,0.5382511615753174,30.89356803894043,10.703062057495117
744,92353,96.86817657699484,-16.06762455390648,0.26887208333333334,0.8895125389099121,45.85248565673828,9.601362228393555
745,93353,107.59731072816778,-14.6823851121751,0.2609554166666668,1.1594362258911133,59.34931945800781,9.766953468322754
746,94353,58.8963212789193,-14.379836126510604,0.2530387500000001,0.6671945452690125,56.925018310546875,6.655059814453125
747,95353,105.32097447220013,-13.224319923271986,0.2451220833333333,1.2314685583114624,48.110008239746094,12.0863618850708
748,95612,-27.16495345545232,-13.235545461245561,0.2430716666666668,0.45017188787460327,62.71873474121094,13.866630554199219
749,96612,121.30999223537776,-11.878249981355479,0.235155,1.4863991737365723,52.94502258300781,16.373878479003906
750,96719,-4.20146070924676,-11.05229550788615,0.23430791666666673,1.5062617063522339,47.26839828491211,12.8709077835083
751,97719,141.037290820644,-9.36253453295897,0.22639125000000004,2.0202488899230957,41.32732009887695,13.504865646362305
752,98719,132.7250517276923,-7.887479956148533,0.21847458333333336,0.96526038646698,54.67995834350586,8.154253959655762
753,99719,146.09950299751392,-6.69697805974142,0.21055791666666668,1.1322193145751953,58.956336975097656,11.258810043334961
754,99934,-25.336867797024965,-6.970562326422409,0.20885583333333335,1.0106592178344727,56.47309875488281,9.17788028717041
755,100934,77.00181694704396,-5.919323780284649,0.20093916666666678,0.5052628517150879,60.95892333984375,13.503013610839844
756,101934,146.82473388063733,-3.0237004961873284,0.19302249999999999,0.585716724395752,62.80339050292969,7.897614479064941
757,102934,90.24065067010211,-1.5550468284241044,0.1851058333333334,0.500821590423584,58.03903579711914,9.6298189163208
758,103074,-46.287152367104284,-1.9946456433753952,0.18399750000000004,0.9534705281257629,42.44289016723633,8.144947052001953
759,104074,147.5008215173015,-0.8198078755234937,0.17608083333333335,1.7241946458816528,68.04434204101562,11.108610153198242
760,105074,128.90166942057502,1.0605610422608778,0.16816416666666667,1.0468755960464478,54.813724517822266,8.87771224975586
761,106074,131.4328838229829,2.703664466762847,0.1602475,1.7670292854309082,60.729469299316406,16.2561092376709
762,106406,-48.822660866082316,2.948726712548206,0.15761916666666664,0.8080093860626221,50.8514404296875,13.660558700561523
763,106556,-4.281007082784228,2.7317408600271955,0.15643166666666675,1.1468985080718994,51.044918060302734,11.215356826782227
764,107556,123.3869879910069,3.9418928133830464,0.14851500000000006,0.9925826787948608,66.05363464355469,10.744009017944336
765,108556,140.05423491436542,5.32292289762377,0.14059833333333338,1.244810938835144,61.35475540161133,10.278766632080078
766,109556,91.58445283595573,6.573649514789731,0.1326816666666667,1.0342707633972168,48.141082763671875,15.433883666992188
767,110359,209.2337673324343,8.780870448471125,0.1263245833333334,0.7546346187591553,75.2987289428711,9.844793319702148
768,111359,26.422236327596558,9.352631447280153,0.11840791666666672,1.1877355575561523,57.67056655883789,14.024221420288086
769,112359,161.81808145282477,11.24820737720041,0.11049125000000004,2.0495107173919678,55.091636657714844,11.833324432373047
770,113359,80.21979374321167,11.453142914865898,0.10257458333333336,1.2435606718063354,67.25042724609375,17.421672821044922
771,113538,-1.8722511389605785,11.330047587207494,0.10115750000000001,0.6855946779251099,59.23992919921875,13.004400253295898
772,114248,202.19616314413162,13.478895699977054,0.09553666666666671,0.4333156943321228,62.30418395996094,10.615255355834961
773,115248,73.98216231339805,14.491513146774416,0.08762000000000003,0.6534112691879272,73.03645324707031,11.49881649017334
774,116248,109.00773812816819,15.758942466489275,0.07970333333333335,1.298567533493042,76.9249038696289,10.615806579589844
775,117248,105.27757292911076,16.45944943175341,0.07178666666666678,0.25071150064468384,53.864959716796875,9.49854850769043
776,118248,132.80163257388602,18.006844537132203,0.06386999999999998,0.5674266815185547,81.57168579101562,4.392121315002441
777,119248,9.187914605873774,18.54460283229876,0.0559533333333333,0.945712149143219,70.27977752685547,8.261205673217773
778,120248,134.3881071722393,19.696642182774248,0.050000000000000044,0.7400809526443481,77.64863586425781,7.663257598876953
779,120740,191.9802535236223,22.614718959902056,0.050000000000000044,0.480655699968338,75.19245910644531,10.379715919494629
780,121740,185.04328548700326,24.46299139477027,0.050000000000000044,1.4657047986984253,74.55098724365234,9.050387382507324
781,122546,160.6448885186336,26.545142993303948,0.050000000000000044,1.7895734310150146,71.43404388427734,20.411006927490234
782,123546,151.2134906095652,28.17675441454678,0.050000000000000044,1.5562738180160522,71.39947509765625,14.413557052612305
783,124546,61.63442382028539,29.291006247117977,0.050000000000000044,0.5994824171066284,67.73463439941406,13.502104759216309
784,125546,172.7546006606099,31.231894788186793,0.050000000000000044,0.94233238697052,68.22372436523438,16.605266571044922
785,125810,220.41374325875665,33.81537232260106,0.050000000000000044,0.879086434841156,74.72758483886719,9.944578170776367
786,126810,149.97645500772444,35.768832113567385,0.050000000000000044,0.4341747462749481,74.53045654296875,6.694425582885742
787,127074,213.77499703614393,38.411626175845925,0.050000000000000044,0.9017308950424194,65.52853393554688,16.698989868164062
788,127593,253.80958106756879,41.69379190318955,0.050000000000000044,0.6440368890762329,62.25762176513672,6.644907474517822
789,128593,128.24686053954596,43.36590102014767,0.050000000000000044,1.0693711042404175,71.58838653564453,16.84613037109375
790,129593,184.12108799668985,45.939329921873615,0.050000000000000044,0.7986910939216614,74.13766479492188,10.815218925476074
791,130554,204.02242945521067,48.095145013417394,0.050000000000000044,1.097919225692749,81.94410705566406,13.182500839233398
792,131554,176.73886201986915,50.31661619304088,0.050000000000000044,0.59090256690979,80.60790252685547,15.3608980178833
793,132554,180.48718597830583,51.229599491172856,0.050000000000000044,0.5186474323272705,75.04371643066406,7.650412082672119
794,133292,247.51699533659942,54.41978959920231,0.050000000000000044,1.2848315238952637,78.67117309570312,14.904115676879883
795,134292,132.45230360527606,55.3990281819151,0.050000000000000044,0.9448981285095215,82.30055236816406,9.492141723632812
796,135292,155.22254897097304,56.88272162978028,0.050000000000000044,0.6980304718017578,75.54837036132812,8.253129959106445
797,135851,219.0469108115829,58.7303369727558,0.050000000000000044,0.20904459059238434,77.88848114013672,9.544919967651367
798,136467,-283.72101941028836,55.890301891464496,0.050000000000000044,0.7603923678398132,81.52960205078125,6.097517013549805
799,136710,-237.18032743946614,53.93189093255227,0.050000000000000044,0.7929436564445496,72.90235137939453,10.487842559814453
800,137184,247.1316884078244,56.57876563011045,0.050000000000000044,0.9205718040466309,81.24826049804688,18.164318084716797
801,137782,243.29731617767354,59.58673951557045,0.050000000000000044,0.46451449394226074,77.78712463378906,6.535289764404297
802,138782,166.7341727602052,61.309820048414565,0.050000000000000044,0.6636896729469299,67.29798889160156,7.422405242919922
803,139782,186.79156254875627,63.38235612443252,0.050000000000000044,0.6383908987045288,70.76195526123047,11.111770629882812
804,140782,160.06390412609383,65.0170271228847,0.050000000000000044,0.5831910371780396,75.0438003540039,6.64923095703125
805,141782,142.20872087761018,67.85401016825534,0.050000000000000044,1.0395108461380005,80.14790344238281,16.4128475189209
806,142418,-167.0691795656818,65.54324407386908,0.050000000000000044,0.24577432870864868,77.53422546386719,5.419239044189453
807,143418,169.09922865518058,67.33715228650321,0.050000000000000044,1.0812782049179077,90.58335876464844,14.37479019165039
808,144418,163.31144623422279,69.19964016302502,0.050000000000000044,0.3953642249107361,92.28917694091797,6.656351566314697
809,145418,128.14849895961072,70.30417514192978,0.050000000000000044,0.6377441883087158,74.40794372558594,13.487446784973145
810,145748,168.1911494749064,73.39259709127637,0.050000000000000044,0.4294060170650482,79.06436157226562,10.55318546295166
811,146748,112.90013553441567,74.76980595960227,0.050000000000000044,0.5793393850326538,81.30523681640625,12.410784721374512
812,147748,161.0755675570182,76.7831563710976,0.050000000000000044,0.40491601824760437,72.02787017822266,12.019047737121582
813,148113,274.94803283445185,79.86260363469313,0.050000000000000044,0.3059399127960205,72.78437805175781,6.820545196533203
814,148234,44.88773459245047,80.14357973128001,0.050000000000000044,0.5442255139350891,85.65096282958984,4.077868461608887
815,148386,16.40710137843375,81.4782948358331,0.050000000000000044,0.3596668243408203,76.26350402832031,10.441582679748535
816,148724,272.1871072851094,84.2133093525062,0.050000000000000044,0.8525437712669373,73.89280700683594,13.352469444274902
817,149724,109.16732398595343,84.8553524668747,0.050000000000000044,0.4912680983543396,85.4168930053711,14.772587776184082
818,150724,150.84910004789353,87.08236980967716,0.050000000000000044,0.2045004516839981,67.52424621582031,8.03586196899414
819,151008,244.3843664220374,92.12175368500351,0.050000000000000044,0.390851765871048,89.94158935546875,6.046853065490723
820,151152,-9.510427284104466,91.59411396885518,0.050000000000000044,0.4290253520011902,89.96719360351562,7.112637519836426
821,152152,101.64031512695789,93.3008362445435,0.050000000000000044,0.9754633903503418,85.13433837890625,13.818231582641602
822,153152,146.9649519997316,94.97408583094028,0.050000000000000044,0.4753613770008087,80.06785583496094,13.290295600891113
823,154152,163.34383234038555,97.67751473710028,0.050000000000000044,0.4668230414390564,72.16931915283203,8.747923851013184
824,154510,253.4681870882882,100.10850062692634,0.050000000000000044,0.312457799911499,87.67726135253906,17.568553924560547
825,154855,243.65661513569276,102.3178976537519,0.050000000000000044,0.4205213785171509,85.95086669921875,3.751164436340332
826,155033,66.03064812441656,102.21923328580067,0.050000000000000044,0.6579563617706299,80.20703125,5.230024337768555
827,155156,19.817789085499285,101.52930694026306,0.050000000000000044,0.7612488269805908,93.09217071533203,11.307537078857422
828,155310,34.27650918343531,101.62720964769348,0.050000000000000044,0.30731117725372314,78.64141845703125,9.67994213104248
829,155442,44.377880819122765,101.89760442860148,0.050000000000000044,0.11877232789993286,80.51473999023438,9.482335090637207
830,155550,16.446481658083556,102.28611681977338,0.050000000000000044,0.48872607946395874,77.33592224121094,6.257662773132324
831,155662,15.294619272026026,102.20261982912808,0.050000000000000044,0.195189967751503,71.48590087890625,2.658592700958252
832,155794,43.37090726063644,102.28572777511053,0.050000000000000044,1.0088977813720703,84.30975341796875,10.276222229003906
833,156794,145.04980800062134,104.01409081874604,0.050000000000000044,0.2904636859893799,82.27717590332031,12.563379287719727
834,156899,14.747122479173385,104.59032521302375,0.050000000000000044,0.3331782817840576,68.48291015625,10.97036361694336
835,157089,242.96690180428388,106.25823622067468,0.050000000000000044,0.574409008026123,83.7999267578125,7.805689811706543
836,157195,15.45533289989001,106.37318866062442,0.050000000000000044,0.47798165678977966,96.12217712402344,9.69119644165039
837,158195,157.79908354625186,106.99858399554648,0.050000000000000044,0.3053344190120697,82.30030822753906,15.104719161987305
838,158994,194.13295002043935,112.38535442504299,0.050000000000000044,0.6063592433929443,87.0123062133789,12.327980041503906
839,159227,218.91111432940053,114.24266828386406,0.050000000000000044,0.6958816051483154,75.55464172363281,11.169121742248535
840,160194,239.73832307332864,115.50118883449458,0.050000000000000044,0.24186907708644867,87.68023681640625,9.956466674804688
841,161194,147.79489260569608,115.55444118667452,0.050000000000000044,0.5106748938560486,83.70217895507812,6.492372035980225
842,162194,122.58685572549255,116.63898415469724,0.050000000000000044,0.8552042245864868,81.20561218261719,11.013689041137695
843,162308,36.365633635982846,116.10992552222811,0.050000000000000044,0.283935546875,89.33778381347656,7.964941024780273
844,162434,54.84660134784551,115.68970976993661,0.050000000000000044,0.6852222681045532,86.2513656616211,13.366995811462402
845,162561,27.725320538051108,114.89098986803545,0.050000000000000044,0.3603755235671997,85.81411743164062,12.127693176269531
846,162736,257.1892142641134,116.8739187978874,0.050000000000000044,0.2765238583087921,81.85981750488281,8.870681762695312
847,162894,38.2862472503912,116.20357152566929,0.050000000000000044,0.3638649582862854,83.38667297363281,8.646270751953125
848,162988,9.240639316165144,116.56762745338548,0.050000000000000044,0.5539132356643677,82.8123550415039,13.701289176940918
849,163151,32.46900583525672,115.67921758938427,0.050000000000000044,0.4380947947502136,89.50709533691406,10.101617813110352
850,163336,237.40308550644784,118.09526305154122,0.050000000000000044,0.531819224357605,80.15032196044922,8.848182678222656
851,163747,239.24005169995934,119.07729066033437,0.050000000000000044,0.5420557260513306,82.55972290039062,9.841522216796875
852,163888,49.098510389000666,118.24102524694744,0.050000000000000044,0.30876508355140686,82.58253479003906,8.940144538879395
853,164021,26.73613169913493,117.04739153396366,0.050000000000000044,0.35569798946380615,75.74575805664062,8.418292999267578
854,164126,15.279218750248504,117.45355239943638,0.050000000000000044,0.13751475512981415,79.52687072753906,7.176897048950195
855,165126,118.96457047509102,117.87317993471686,0.050000000000000044,0.2839789092540741,79.36563873291016,8.163331985473633
856,166126,147.8396268209279,117.88332886411976,0.050000000000000044,0.3330315053462982,75.932861328125,8.778040885925293
857,166239,13.299621861860018,117.11391857603734,0.050000000000000044,0.22973813116550446,65.29473114013672,6.204326629638672
858,167239,143.69803824780539,119.01377048218642,0.050000000000000044,0.854917585849762,78.01205444335938,15.757607460021973
859,167390,-22.504066818143045,117.31372159883198,0.050000000000000044,0.366231232881546,82.70093536376953,7.380660533905029
860,167487,53.17185815161815,116.5564234861424,0.050000000000000044,0.4778999984264374,84.83628845214844,13.008045196533203
861,167812,181.99643021738154,117.06205895008641,0.050000000000000044,0.5356125235557556,82.915771484375,8.068306922912598
862,167902,-26.589212011049298,117.28439343863674,0.050000000000000044,0.33938294649124146,79.12094116210938,4.555152893066406
863,168020,-13.3162917205849,117.19404059225876,0.050000000000000044,0.5555429458618164,72.98577117919922,17.483001708984375
864,169020,87.0552220691607,116.83072293304026,0.050000000000000044,0.16786164045333862,84.08064270019531,7.724120140075684
865,170020,151.54053984151398,116.94558598231177,0.050000000000000044,0.4813533425331116,82.82038879394531,9.504623413085938
866,170136,-1.9254459219947222,116.01048699473223,0.050000000000000044,0.37377238273620605,79.14342498779297,14.131889343261719
867,170246,31.773067745745067,114.23587999886537,0.050000000000000044,0.4397163391113281,83.52212524414062,8.991510391235352
868,171246,42.43384131036042,114.39599604869298,0.050000000000000044,0.2811879813671112,83.1663818359375,5.55946683883667
869,172073,182.66393789143868,114.60445461307913,0.050000000000000044,0.15617017447948456,73.3310546875,6.2188568115234375
870,173073,188.2805015349173,115.68506169099619,0.050000000000000044,0.1947440207004547,80.24071502685547,5.906095504760742
871,173337,-169.2662775060508,114.01112142732526,0.050000000000000044,0.2776823937892914,72.646728515625,4.282909393310547
872,173445,9.817886021281524,112.08733865609678,0.050000000000000044,0.30886876583099365,88.90931701660156,6.349653720855713
873,174445,85.93202046683435,112.20683723763115,0.050000000000000044,0.25576162338256836,77.95033264160156,6.81809139251709
874,175119,221.83144235545603,113.33507427990403,0.050000000000000044,0.4373018145561218,79.33052062988281,8.817697525024414
875,175630,-115.96799881396007,111.12261856247335,0.050000000000000044,0.24752847850322723,78.5042724609375,11.90713119506836
876,176340,246.30725339309754,112.25767477066546,0.050000000000000044,0.35727357864379883,67.53816223144531,13.657160758972168
877,177046,231.0154394247516,114.47595001885422,0.050000000000000044,0.23654663562774658,74.41683959960938,7.142460823059082
878,178046,158.0671738051312,114.71274068518315,0.050000000000000044,0.7160839438438416,87.83673858642578,14.835616111755371
879,178158,-5.51012609936997,112.73783688895323,0.050000000000000044,0.26800018548965454,80.39303588867188,3.937533378601074
880,179158,146.47835559042602,112.35218758998744,0.050000000000000044,0.08928821235895157,74.82523345947266,4.136599063873291
881,180158,151.53985463980405,112.26113725119916,0.050000000000000044,0.39492252469062805,74.71842956542969,13.828779220581055
882,180293,-15.258887725137143,110.59641346785213,0.050000000000000044,0.36432692408561707,80.9472885131836,10.475122451782227
883,181293,183.4765539040343,111.81483476868965,0.050000000000000044,0.1452489197254181,70.78675842285156,4.296708106994629
884,181559,205.3496244069755,112.1407850061533,0.050000000000000044,0.6455930471420288,84.65020751953125,13.506946563720703
885,181973,181.92876830147492,111.75593525658047,0.050000000000000044,0.2752158045768738,79.3815689086914,13.513400077819824
886,182338,183.98718554695222,112.09604256197274,0.050000000000000044,0.1807723343372345,77.38093566894531,11.444812774658203
