episode,step,reward,moving_avg_reward,epsilon,loss,mean_q,mean_td_error
1,66,-189.96201019186577,-189.96201019186577,0.9994775,0.0,0.0,0.0
2,165,-82.31215810833469,-136.13708415010024,0.99869375,0.0,0.0,0.0
3,264,-393.20037447914757,-221.824847593116,0.99791,0.0,0.0,0.0
4,340,-156.1566620324188,-205.4078012029417,0.9973083333333334,0.0,0.0,0.0
5,449,-0.34023197427242735,-164.39428735720784,0.9964454166666666,0.0,0.0,0.0
6,528,-123.29742980909899,-157.5448110991897,0.99582,0.0,0.0,0.0
7,625,-110.09280141937136,-150.76595257350138,0.9950520833333333,0.0,0.0,0.0
8,745,-113.44900525490964,-146.1013341586774,0.9941020833333334,0.0,0.0,0.0
9,811,-86.40619083573218,-139.46854045612793,0.9935795833333333,0.0,0.0,0.0
10,963,-156.23710313908495,-141.14539672442362,0.99237625,0.0,0.0,0.0
11,1043,-93.63594755822002,-136.82635589113238,0.9917429166666667,0.0,0.0,0.0
12,1118,-271.02946191627257,-148.00994805989407,0.9911491666666666,0.0,0.0,0.0
13,1191,-93.89417868022326,-143.84719656915016,0.99057125,0.0,0.0,0.0
14,1277,-317.9509890556204,-156.2831817467552,0.9898904166666667,0.0,0.0,0.0
15,1359,-146.47240702601957,-155.62913009870616,0.98924125,0.0,0.0,0.0
16,1432,-79.44322341996397,-150.86751093128476,0.9886633333333333,0.0,0.0,0.0
17,1526,-450.32301168913284,-168.48254038762875,0.9879191666666667,0.0,0.0,0.0
18,1623,-112.75250299691508,-165.38642719925576,0.98715125,0.0,0.0,0.0
19,1704,-208.87132157200998,-167.67510585045338,0.98651,0.0,0.0,0.0
20,1791,-217.57386233828646,-170.170043674845,0.98582125,0.0,0.0,0.0
21,1860,-98.09962519268694,-166.73811898521842,0.985275,0.0,0.0,0.0
22,1985,-176.08523270473245,-167.16298779065087,0.9842854166666667,0.0,0.0,0.0
23,2085,-172.5142854228839,-167.3956529050958,0.98349375,0.0,0.0,0.0
24,2179,-271.42688720918716,-171.7302876677663,0.9827495833333333,0.0,0.0,0.0
25,2271,-115.24653048444986,-169.47093738043364,0.98202125,0.0,0.0,0.0
26,2389,-203.0293401889498,-170.76164518076118,0.9810870833333334,0.0,0.0,0.0
27,2466,-444.3963382936095,-180.8962634442,0.9804775,0.0,0.0,0.0
28,2553,-244.01828469140997,-183.1506213458861,0.97978875,0.0,0.0,0.0
29,2626,-77.6530506539286,-179.51277408064618,0.9792108333333334,0.0,0.0,0.0
30,2720,-100.43143705706693,-176.87672951319354,0.9784666666666667,0.0,0.0,0.0
31,2818,-298.8102020876493,-180.810067338176,0.9776908333333333,0.0,0.0,0.0
32,2918,-451.46082184520986,-189.26790341652077,0.9768991666666667,0.0,0.0,0.0
33,2986,-76.17152528526026,-185.8407404428462,0.9763608333333333,0.0,0.0,0.0
34,3082,-324.27678172214115,-189.91238871576664,0.9756008333333334,0.0,0.0,0.0
35,3146,-97.91761161027715,-187.28396651275264,0.9750941666666667,0.0,0.0,0.0
36,3213,-263.07500361719656,-189.38927309898722,0.97456375,0.0,0.0,0.0
37,3311,-117.03381532193295,-187.43372018609384,0.9737879166666666,0.0,0.0,0.0
38,3411,7.417219506905056,-182.30606387838336,0.97299625,0.0,0.0,0.0
39,3479,-74.30786569348834,-179.5368793095399,0.9724579166666667,0.0,0.0,0.0
40,3571,-193.09857156415097,-179.87592161590516,0.9717295833333334,0.0,0.0,0.0
41,3692,-86.18224405604758,-177.59070996810377,0.9707716666666667,0.0,0.0,0.0
42,3758,-189.39895968627098,-177.87185877091727,0.9702491666666667,0.0,0.0,0.0
43,3865,-143.42131105095189,-177.07068324254598,0.9694020833333333,0.0,0.0,0.0
44,3932,-170.84300117547332,-176.92914501374887,0.9688716666666667,0.0,0.0,0.0
45,4028,-423.3663742978909,-182.4055278867298,0.9681116666666667,0.0,0.0,0.0
46,4103,-88.85809713638824,-180.37188808780934,0.9675179166666666,0.0,0.0,0.0
47,4165,-94.9162665191179,-178.55368337358186,0.9670270833333333,0.0,0.0,0.0
48,4275,-98.42314871893004,-176.88429723494326,0.96615625,0.0,0.0,0.0
49,4362,-297.76866805316314,-179.35132521082528,0.9654675,0.0,0.0,0.0
50,4453,-287.6443586591465,-181.51718587979173,0.9647470833333334,0.0,0.0,0.0
51,4522,-197.08912928919267,-181.82251810350544,0.9642008333333333,0.0,0.0,0.0
52,4593,-130.74572151790778,-180.84027201532086,0.96363875,0.0,0.0,0.0
53,4660,-151.4872086912544,-180.28644063184794,0.9631083333333333,0.0,0.0,0.0
54,4738,-201.73597265061204,-180.683654187751,0.9624908333333333,0.0,0.0,0.0
55,4830,-146.55985088871378,-180.06322140049576,0.9617625,0.0,0.0,0.0
56,4919,-124.66757500116645,-179.07401342907914,0.9610579166666666,0.0,0.0,0.0
57,5023,-323.1661087751961,-181.60194492637945,0.9602345833333333,2.8481783866882324,-0.5795214176177979,3.3121089935302734
58,5138,-128.37510217555723,-180.68424074102046,0.9593241666666666,4.000783920288086,-1.4192595481872559,4.3972978591918945
59,5203,-75.2025525117613,-178.8964155167957,0.9588095833333333,0.3804016411304474,-1.2540771961212158,0.7331625819206238
60,5330,-139.64977060730774,-178.24230476830425,0.9578041666666667,0.3401629626750946,-0.7345060110092163,0.6345633864402771
61,5433,-22.989338476160356,-175.69717417335107,0.95698875,1.6920166015625,-1.5935919284820557,2.0162482261657715
62,5550,-275.1277076952821,-177.30089245596287,0.9560625,1.5633187294006348,-0.7597625255584717,1.8323376178741455
63,5652,-331.7477096493857,-179.75242923681085,0.955255,1.49925696849823,-1.464200496673584,1.7530969381332397
64,5717,-82.2758003089277,-178.22935690981268,0.9547404166666666,2.999055862426758,-1.7870945930480957,3.2601983547210693
65,5775,-153.74550459638664,-177.8526822588369,0.95428125,1.6801507472991943,-1.4345850944519043,1.9426264762878418
66,5880,-190.01739239758217,-178.03699604881788,0.95345,2.0420217514038086,-1.44024658203125,2.319174289703369
67,5951,-49.60150868235918,-176.12004847618417,0.9528879166666666,0.5574579834938049,-1.1812851428985596,0.8177015781402588
68,6063,-248.21153965792638,-177.18021746415096,0.95200125,3.261023998260498,-0.8851905465126038,3.608994960784912
69,6165,-119.08132983218286,-176.33820459991955,0.9511937500000001,2.104790449142456,-0.8130903840065002,2.404308557510376
70,6235,-97.37464493421925,-175.2101537475524,0.9506395833333333,2.764453887939453,-1.3707878589630127,3.03603458404541
71,6336,-158.33849751491942,-174.97252478652942,0.94984,1.0148062705993652,-0.9475997090339661,1.3187172412872314
72,6439,-28.74534967218574,-172.9415917988302,0.9490245833333333,0.8450170159339905,-1.7931231260299683,1.1146637201309204
73,6524,-121.86728341171325,-172.2419437387327,0.9483516666666667,0.2225656360387802,0.07529890537261963,0.4998789429664612
74,6631,-250.42020358451012,-173.2984067096216,0.9475045833333333,1.700480341911316,-0.6557579636573792,1.9279956817626953
75,6709,-1.2057098265321429,-171.00383741784705,0.9468870833333334,1.7911362648010254,-0.2805272936820984,2.0317723751068115
76,6793,-128.24980255386149,-170.44128432753143,0.9462220833333334,0.9425230026245117,-0.764298141002655,1.2284200191497803
77,6892,-308.501668735194,-172.23427633282577,0.9454383333333334,0.15523627400398254,-0.675207793712616,0.37052884697914124
78,6977,-116.18805291916583,-171.51573500700962,0.9447654166666667,3.05474853515625,-1.079012155532837,3.313333034515381
79,7071,-109.76588030784488,-170.73409127664044,0.94402125,3.1415507793426514,-1.2658027410507202,3.490396499633789
80,7161,-108.77815342337718,-169.95964205347465,0.94330875,0.6953282356262207,-0.6946233510971069,1.0308881998062134
81,7265,-127.1112695065657,-169.43064979980912,0.9424854166666666,1.8248472213745117,0.002731233835220337,2.143421173095703
82,7368,-78.10192650855782,-168.31688488162314,0.94167,0.8317461013793945,-1.7288804054260254,1.0991928577423096
83,7527,-184.3110915167,-168.5095861663831,0.94041125,1.7569299936294556,0.5994753837585449,2.0292961597442627
84,7661,-323.8680246195444,-170.35909138606357,0.9393504166666666,0.22337934374809265,0.1904483288526535,0.5173220038414001
85,7822,-317.7329978588284,-172.09290205044903,0.9380758333333333,0.2874709665775299,0.1139189600944519,0.5756016969680786
86,7956,-332.2466041113697,-173.95515439999463,0.937015,1.701577067375183,-0.9573845863342285,1.9643514156341553
87,8052,-127.86234539470956,-173.425351997635,0.936255,1.1419199705123901,-1.2211294174194336,1.4995307922363281
88,8146,-406.9367642608843,-176.07889077335378,0.9355108333333333,1.971841812133789,2.3370234966278076,2.310380220413208
89,8221,-325.0004449622985,-177.7521666631172,0.9349170833333333,0.38240498304367065,0.8450362682342529,0.6647038459777832
90,8337,-129.05847861098277,-177.21112568476016,0.93399875,0.34297725558280945,-0.041556864976882935,0.6396622657775879
91,8452,-94.26841644503162,-176.29966734146643,0.9330883333333333,3.35514235496521,0.9915209412574768,3.63775634765625
92,8593,-137.7249919472803,-175.88037739152963,0.9319720833333334,0.4831646680831909,0.7993394136428833,0.7717713713645935
93,8729,49.401661351872264,-173.4579898781597,0.9308954166666666,1.8330042362213135,-1.0373053550720215,2.1393327713012695
94,8797,-200.20845815225573,-173.74256932788415,0.9303570833333333,0.3181201219558716,1.8677451610565186,0.6331759095191956
95,8880,-119.82110167241387,-173.17497493151075,0.9297,1.9240676164627075,-1.2130045890808105,2.2029080390930176
96,8959,-71.44480621688558,-172.11528567406677,0.9290745833333334,0.2175866663455963,1.2303287982940674,0.4994569718837738
97,9060,-155.56335330566756,-171.94464719604204,0.928275,0.7335082292556763,3.0747838020324707,1.0386559963226318
98,9163,-251.36564439482441,-172.75506553480514,0.9274595833333333,2.6364169120788574,0.7452406883239746,2.935460329055786
99,9235,-54.51686771752772,-171.5607403043276,0.9268895833333334,0.7915360927581787,1.880570411682129,1.1138038635253906
100,9388,-242.51810224716192,-172.27031392375594,0.9256783333333334,1.8899532556533813,2.367952823638916,2.163213014602661
101,9496,-104.582250200716,-171.4165163238444,0.9248233333333333,0.38701945543289185,1.4579370021820068,0.670998752117157
102,9612,-264.7081012178645,-173.24047575493972,0.923905,1.7650433778762817,2.2466039657592773,2.0565783977508545
103,9708,-76.8876150188195,-170.07734816033644,0.923145,2.577133893966675,2.035003185272217,2.859652042388916
104,9826,-110.81181357896102,-169.62389967580185,0.9222108333333333,0.3392030596733093,2.73726224899292,0.6004990339279175
105,9906,-300.0630754967072,-172.6211281110262,0.9215775,0.1891542226076126,2.009931802749634,0.4395744502544403
106,9980,-78.4992795324285,-172.1731466082595,0.9209916666666667,1.6502654552459717,1.8104820251464844,1.9383296966552734
107,10073,-313.36854825827237,-174.20590407664852,0.9202554166666667,0.15660518407821655,5.582776069641113,0.4259490966796875
108,10157,-133.30068852893461,-174.40442090938876,0.9195904166666666,0.44444745779037476,0.13350129127502441,0.7186048030853271
109,10255,-115.47593467170337,-174.6951183477485,0.9188145833333333,0.8109209537506104,3.1503777503967285,1.061316728591919
110,10378,-141.2161886553826,-174.54490920291147,0.9178408333333333,0.7757809162139893,2.146317958831787,1.0686103105545044
111,10451,-174.63824833408034,-175.35493221067009,0.9172629166666667,0.280398964881897,4.6626458168029785,0.550427258014679
112,10563,-149.4860318259914,-174.13949790976727,0.91637625,1.5547714233398438,2.5217840671539307,1.822603702545166
113,10640,-106.26459347354208,-174.26320205770043,0.9157666666666666,1.6777124404907227,3.335386276245117,1.9691861867904663
114,10739,-109.78722102209571,-172.18156437736516,0.9149829166666666,0.8201095461845398,-0.5028847455978394,1.1405351161956787
115,10848,-275.5417536246134,-173.47225784335114,0.91412,0.5069848299026489,1.7647591829299927,0.7910184860229492
116,10956,-111.21312900170058,-173.7899568991685,0.913265,2.2240662574768066,2.9249582290649414,2.5168309211730957
117,11039,-466.9166173690907,-173.9558929559681,0.9126079166666666,0.37195512652397156,0.8542640209197998,0.7373534440994263
118,11141,-134.04092151831588,-174.16877714118206,0.9118004166666667,2.0460715293884277,2.9158377647399902,2.3111276626586914
119,11218,-64.43702176987566,-172.72443414316075,0.9111908333333334,1.4417883157730103,5.6792144775390625,1.7007461786270142
120,11290,-78.07331108521771,-171.32942863063,0.9106208333333333,2.0673911571502686,2.3549022674560547,2.358419179916382
121,11385,-211.4632749456122,-172.46306512815926,0.90986875,2.224715232849121,2.0246188640594482,2.5113325119018555
122,11518,-135.66176725805062,-172.0588304736924,0.9088158333333334,1.7344390153884888,0.6798429489135742,1.981071949005127
123,11649,-54.984163967269,-170.8835292591363,0.90777875,0.6633213758468628,3.3417181968688965,0.9526755809783936
124,11776,-91.97650774868046,-169.08902546453126,0.9067733333333333,0.5425902009010315,2.758291721343994,0.847015380859375
125,11884,-123.93187824635147,-169.1758789421503,0.9059183333333334,1.3860511779785156,4.395174980163574,1.7157487869262695
126,11978,-53.99581236241126,-167.68554366388489,0.9051741666666666,3.552797317504883,-2.209326982498169,3.822718620300293
127,12045,-125.66438321078819,-164.49822411305666,0.90464375,0.14303797483444214,8.350813865661621,0.3950909376144409
128,12112,-116.60356498630651,-163.22407691600563,0.9041133333333333,0.38583242893218994,6.268054962158203,0.6900870203971863
129,12184,-121.2621056882363,-163.6601674663487,0.9035433333333334,1.0130655765533447,5.035215377807617,1.3327102661132812
130,12284,-147.84810792676817,-164.13433417504572,0.9027516666666666,1.1673979759216309,3.9222676753997803,1.4553773403167725
131,12396,-108.95075706519287,-162.23573972482117,0.901865,1.9319238662719727,3.2640345096588135,2.232090950012207
132,12466,-82.03930886067488,-158.5415245949758,0.9013108333333333,1.2891379594802856,2.414644479751587,1.5994718074798584
133,12561,-94.49401668189232,-158.72474950894212,0.90055875,1.8012230396270752,5.937087535858154,2.0894534587860107
134,12683,-204.01493853891162,-157.52213107710983,0.8995929166666666,0.17638522386550903,6.6049323081970215,0.4778633117675781
135,12787,-104.07737147397741,-157.58372867574684,0.8987695833333333,1.3986032009124756,1.804284691810608,1.7178447246551514
136,12867,-342.3265484797775,-158.37624412437265,0.89813625,1.4053895473480225,4.31933069229126,1.700411081314087
137,12939,-122.50574091073196,-158.43096338026066,0.89756625,5.189574241638184,1.4979417324066162,5.464731216430664
138,13060,-119.21492275585103,-159.69728480288822,0.8966083333333333,0.8250839114189148,3.787524700164795,1.1283328533172607
139,13156,-337.94452752514695,-162.3336514212048,0.8958483333333334,2.45363450050354,3.501323699951172,2.7776906490325928
140,13224,-42.55885090271197,-160.8282542145904,0.89531,0.4226093292236328,9.171680450439453,0.7163313031196594
141,13301,-36.126953776413856,-160.32770131179407,0.8947004166666667,0.16663718223571777,6.491194725036621,0.44426169991493225
142,13379,-91.52948785681664,-159.3490065934995,0.8940829166666666,0.45633500814437866,6.132941246032715,0.7843581438064575
143,13490,-162.97479285111734,-159.54454141150117,0.8932041666666667,4.149984836578369,3.858412504196167,4.470071315765381
144,13583,-148.84019185194768,-159.32451331826593,0.8924679166666667,0.5306808948516846,7.555771827697754,0.8322739005088806
145,13719,-125.21719777970358,-156.34302155308404,0.89139125,0.6624128818511963,0.36830565333366394,0.9947554469108582
146,13811,-69.44847604867397,-156.14892534220692,0.8906629166666666,3.895143508911133,1.8405742645263672,4.19514799118042
147,13917,-214.39286622659301,-157.34369133928166,0.88982375,1.1549181938171387,7.729711055755615,1.4386296272277832
148,13992,-69.13958294694828,-157.05085568156184,0.88923,5.748126983642578,1.1945431232452393,6.029233932495117
149,14079,-65.69129826260851,-154.7300819836563,0.8885412500000001,0.33711519837379456,5.889567852020264,0.6876217126846313
150,14161,-78.35717214305448,-152.63721011849537,0.8878920833333334,1.12895667552948,4.71048641204834,1.4477176666259766
151,14240,-104.04231182132119,-151.70674194381664,0.8872666666666666,5.85423469543457,-1.517747163772583,6.150379180908203
152,14354,-163.91400573205206,-152.0384247859581,0.8863641666666666,3.833637237548828,6.224844932556152,4.142812252044678
153,14472,-100.68210668287982,-151.53037376587437,0.88543,1.5105432271957397,7.443728446960449,1.8316047191619873
154,14569,-18.649368575106223,-149.6995077251193,0.8846620833333334,1.9863495826721191,3.679508686065674,2.2944674491882324
155,14673,-174.38615623936877,-149.97777077862582,0.88383875,3.4838457107543945,7.2609100341796875,3.7818174362182617
156,14747,-96.61900484867343,-149.6972850771009,0.8832529166666667,0.6185110807418823,3.987135171890259,0.917314350605011
157,14876,-26.31038034745373,-146.72872779282346,0.8822316666666666,1.644413948059082,8.09172534942627,1.9143669605255127
158,14983,-98.19033736828251,-146.42688014475073,0.8813845833333334,3.4133262634277344,2.4881274700164795,3.725592613220215
159,15087,-297.2653386221389,-148.6475080058545,0.88056125,0.845142126083374,5.290005683898926,1.1327191591262817
160,15188,-63.240388724733535,-147.88341418702876,0.8797616666666667,0.5853205919265747,9.379899024963379,0.8632960915565491
161,15329,-14.562456886972484,-147.7991453711369,0.8786454166666666,2.989316940307617,2.80745005607605,3.284757137298584
162,15438,-141.02440209322071,-146.45811231511627,0.8777825,1.2472052574157715,7.354439735412598,1.5475165843963623
163,15540,-103.18250614708903,-144.1724602800933,0.8769750000000001,1.5810458660125732,7.879929542541504,1.9098455905914307
164,15646,-94.59174145965889,-144.2956196916006,0.8761358333333333,1.4649982452392578,4.134898662567139,1.7937016487121582
165,15741,-292.0543921556885,-145.67870856719364,0.87538375,1.7420750856399536,5.3248090744018555,2.044891834259033
166,15875,-101.60784172640079,-144.79461306048185,0.8743229166666666,1.5923821926116943,9.3818359375,1.868735909461975
167,15945,-77.74881402512413,-145.0760861139095,0.87376875,0.7574032545089722,7.598835468292236,1.0855809450149536
168,16014,-64.24405037048696,-143.2364112210351,0.8732225,2.0577945709228516,3.0053482055664062,2.4569835662841797
169,16142,-72.49141767479259,-142.7705120994612,0.8722091666666667,1.38848876953125,5.637045860290527,1.715442180633545
170,16290,-81.63872090807547,-142.61315285919974,0.8710375,0.9100106358528137,6.368695259094238,1.2178566455841064
171,16374,-97.98364846860886,-142.00960436873666,0.8703725,2.2396273612976074,3.7445781230926514,2.586777448654175
172,16473,-138.26755362997636,-143.10482640831455,0.86958875,0.5659511089324951,6.776389122009277,0.8955068588256836
173,16607,-126.09703422441507,-143.14712391644153,0.8685279166666666,1.2678735256195068,10.257682800292969,1.5612304210662842
174,16721,11.866581302726729,-140.52425606756918,0.8676254166666667,0.8647243976593018,12.68268871307373,1.1768500804901123
175,16811,-108.59481375311915,-141.59814710683503,0.8669129166666667,1.0978001356124878,11.573710441589355,1.4020394086837769
176,16913,-252.71866197245154,-142.84283570102096,0.8661054166666666,4.115269184112549,3.343003988265991,4.414985656738281
177,17019,-144.91727215328237,-141.20699173520185,0.86526625,0.7562904357910156,12.345556259155273,1.1262298822402954
178,17091,-80.83873447565122,-140.85349855076672,0.8646962499999999,3.487855911254883,5.400252342224121,3.829578399658203
179,17185,-107.61915144878367,-140.8320312621761,0.8639520833333334,2.384341239929199,2.79605770111084,2.7278993129730225
180,17280,-116.6782722702844,-140.9110324506452,0.8632,0.8454151153564453,11.46037483215332,1.158820390701294
181,17352,-79.88249365933638,-140.43874469217286,0.86263,5.490449905395508,6.548467636108398,5.789180755615234
182,17432,-136.09900157575498,-141.01871544284484,0.8619966666666667,0.3884642422199249,8.334306716918945,0.6960933804512024
183,17509,-63.95822432672067,-139.81518677094505,0.8613870833333334,0.5220835208892822,9.492940902709961,0.8085871934890747
184,17616,-93.38100301850999,-137.51031655493472,0.86054,0.25829824805259705,17.015705108642578,0.5432443618774414
185,17755,-62.47456383469556,-134.95773221469338,0.8594395833333334,0.6516318321228027,9.798358917236328,0.9659087061882019
186,17876,-71.94924163221344,-132.35475858990182,0.8584816666666667,2.154892921447754,12.993289947509766,2.469174861907959
187,17991,-165.5334285568484,-132.73146942152323,0.85757125,0.6042107343673706,10.881324768066406,0.9157280921936035
188,18066,-47.76717655803021,-129.1397735444947,0.8569775,0.3010636568069458,15.073895454406738,0.6413064002990723
189,18138,-106.2860025815968,-126.95262912068765,0.8564075,4.208256244659424,9.1416597366333,4.562129974365234
190,18283,-94.89807525900301,-126.61102508716786,0.8552595833333333,2.7684166431427,14.482177734375,3.0903093814849854
191,18413,-155.2097372434235,-127.22043829515178,0.8542304166666667,1.594515323638916,9.206613540649414,1.9344348907470703
192,18507,-67.72298260232131,-126.52041820170217,0.85348625,2.2586541175842285,10.817525863647461,2.596414089202881
193,18603,-19.69670532562138,-127.21140186847711,0.85272625,0.7119055390357971,10.746203422546387,1.0065879821777344
194,18662,-107.88193171985502,-126.2881366041531,0.8522591666666667,1.725571632385254,8.058746337890625,2.0162878036499023
195,18727,-101.03445684913964,-126.10027015592037,0.8517445833333334,0.7880257964134216,13.346324920654297,1.117748737335205
196,18797,-69.37136946645616,-126.07953578841607,0.8511904166666666,0.61786949634552,14.192996978759766,0.9209882616996765
197,18876,-82.65879521234393,-125.35049020748285,0.850565,0.43371936678886414,14.592470169067383,0.7356274127960205
198,18985,-83.87207389598643,-123.67555450249445,0.8497020833333333,4.457022190093994,2.3798775672912598,4.778312683105469
199,19053,-74.90303925741034,-123.87941621789327,0.84916375,0.9974128007888794,12.493085861206055,1.371124267578125
200,19178,-58.49341164329033,-122.03916931185455,0.8481741666666667,1.6095590591430664,13.68035888671875,1.915140151977539
201,19259,-66.82079159816868,-121.6615547258291,0.8475329166666666,0.35054442286491394,12.181675910949707,0.6482104063034058
202,19371,-205.38874523546153,-121.06836116600508,0.84664625,4.0230560302734375,12.54401969909668,4.335752964019775
203,19453,-141.92056287618004,-121.71869064457866,0.8459970833333333,1.1986663341522217,8.627481460571289,1.5023434162139893
204,19564,-71.49822492735244,-121.3255547580626,0.8451183333333333,0.22659389674663544,14.834272384643555,0.5426369905471802
205,19686,-166.0417626813873,-119.98534162990936,0.8441525,0.5097451210021973,14.938362121582031,0.8164754509925842
206,19779,-101.81794575243606,-120.21852829210945,0.84341625,2.691753387451172,12.221959114074707,2.9831037521362305
207,19916,-127.96866661299075,-118.36452947565664,0.8423316666666667,1.5505366325378418,7.357911586761475,1.8631408214569092
208,19991,-33.680104021250145,-117.3683236305798,0.8417379166666666,0.2808397114276886,16.647113800048828,0.6011227369308472
209,20124,-126.58948005021679,-117.47945908436493,0.840685,1.3186674118041992,16.010604858398438,1.6090474128723145
210,20180,-147.63214402029757,-117.54361863801411,0.8402416666666667,0.9514726400375366,14.666497230529785,1.3052208423614502
211,20302,-83.04234583668742,-116.62765961304017,0.8392758333333333,0.3527984023094177,12.160795211791992,0.6770104169845581
212,20376,-101.40966734525811,-116.14689596823283,0.8386899999999999,0.453299343585968,13.30915641784668,0.736976146697998
213,20483,-68.52665989925381,-115.76951663248992,0.8378429166666667,1.5587005615234375,7.9617486000061035,1.8773335218429565
214,20548,-92.46855652991351,-115.59632998756811,0.8373283333333333,0.5345383286476135,15.366462707519531,0.8364423513412476
215,20614,-93.19360850449641,-113.77284853636695,0.8368058333333334,1.2892307043075562,17.659423828125,1.6289035081863403
216,20720,-70.31235261354794,-113.3638407724854,0.8359666666666667,0.3547533452510834,12.807701110839844,0.6453104019165039
217,20847,-147.09748351667815,-110.16564943396128,0.83496125,1.9277360439300537,9.865571975708008,2.269605875015259
218,20953,-117.89633982890528,-110.00420361706718,0.8341220833333334,1.3563122749328613,14.645817756652832,1.6321706771850586
219,21032,-76.11483791865666,-110.12098177855498,0.8334966666666667,0.45361560583114624,12.475400924682617,0.809109091758728
220,21142,-145.69950099637583,-110.79724367766657,0.8326258333333334,2.347778081893921,18.58821678161621,2.671823501586914
221,21255,-85.28429796527773,-109.53545390786323,0.83173125,1.3849400281906128,17.41893768310547,1.6930651664733887
222,21329,-57.79444496465564,-108.75678068492927,0.8311454166666667,2.7467007637023926,16.43265151977539,3.0655269622802734
223,21392,-158.5451436520642,-109.7923904817772,0.8306466666666666,0.439901202917099,14.803084373474121,0.7301860451698303
224,21452,-184.81011720634646,-110.7207265763539,0.8301716666666668,0.4588125944137573,20.339454650878906,0.8265333771705627
225,21566,-93.59720148313086,-110.41737980872169,0.8292691666666667,3.9411187171936035,16.734119415283203,4.22816276550293
226,21658,-78.71018836850463,-110.66452356878263,0.8285408333333333,1.0052613019943237,13.650179862976074,1.2886431217193604
227,21741,-131.49142954015417,-110.7227940320763,0.82788375,0.7641688585281372,12.361888885498047,1.107122778892517
228,21797,-59.30457418182186,-110.14980412403145,0.8274404166666667,1.4356647729873657,14.370529174804688,1.7493269443511963
229,21872,-91.25453707351066,-109.84972843788421,0.8268466666666667,0.4824688136577606,15.681621551513672,0.7840073704719543
230,21976,-83.85749352173015,-109.20982229383382,0.8260233333333333,4.338106155395508,7.9908928871154785,4.6438751220703125
231,22040,-54.204924795862254,-108.6623639711405,0.8255166666666667,2.1907577514648438,15.354280471801758,2.5201754570007324
232,22141,-62.40076665870799,-108.46597854912083,0.8247170833333334,0.6029848456382751,19.241825103759766,0.9280495643615723
233,22238,-89.59040007370733,-108.41694238303897,0.8239491666666667,2.2406857013702393,15.528096199035645,2.5801515579223633
234,22331,-75.72524710639692,-107.13404546871384,0.8232129166666666,3.571852207183838,16.206071853637695,3.9292941093444824
235,22482,-3.1127102742406834,-106.12439885671647,0.8220175000000001,1.2468845844268799,17.07595443725586,1.5826959609985352
236,22623,-77.16427631621252,-103.47277613508082,0.82090125,1.0573928356170654,14.280549049377441,1.3650572299957275
237,22736,-124.81459847179217,-103.49586471069142,0.8200066666666667,2.865267038345337,17.684921264648438,3.1908512115478516
238,22823,-60.47825567385013,-102.90849803987139,0.8193179166666666,6.800004959106445,15.614579200744629,7.144952774047852
239,22898,-63.85015095270651,-100.16755427414702,0.8187241666666667,0.41221219301223755,18.14071273803711,0.7344130277633667
240,22979,-94.38177567622513,-100.68578352188214,0.8180829166666667,3.356125593185425,6.493513107299805,3.6615214347839355
241,23083,-82.70941417768037,-101.1516081258948,0.8172595833333334,1.550371766090393,18.595760345458984,1.8906327486038208
242,23155,-23.099696929087656,-100.46731021661752,0.8166895833333333,7.877089023590088,11.832938194274902,8.17612361907959
243,23283,-72.6058452569612,-99.56362074067594,0.81567625,0.5889016389846802,16.638256072998047,0.8998896479606628
244,23412,-60.443217879129065,-98.67965100094776,0.814655,0.9833658933639526,17.578472137451172,1.3382723331451416
245,23495,-65.42852066650732,-98.08176422981582,0.8139979166666667,1.8781957626342773,19.463306427001953,2.2435436248779297
246,23574,-39.89994470981955,-97.78627891642725,0.8133725,3.3987913131713867,21.738555908203125,3.7531630992889404
247,23665,-88.9543336464313,-96.53189359062564,0.8126520833333333,6.54604959487915,11.562606811523438,6.8917036056518555
248,23792,-53.469472998271044,-96.37519249113888,0.8116466666666666,2.6428184509277344,19.237503051757812,2.9879863262176514
249,23919,-65.38607635677226,-96.3721402720805,0.81064125,1.1147688627243042,13.466323852539062,1.4396162033081055
250,24012,-107.38458168894958,-96.66241436753945,0.809905,1.8295156955718994,19.397817611694336,2.1777892112731934
251,24147,-71.04400846665524,-96.33243133399279,0.80883625,1.3909087181091309,17.220577239990234,1.7120718955993652
252,24234,-78.07799846258679,-95.47407126129812,0.8081475,1.7610937356948853,19.236604690551758,2.0784122943878174
253,24312,-84.83641419812899,-95.31561433645064,0.80753,0.5019810795783997,27.14655303955078,0.8456582427024841
254,24444,-41.86487832796699,-95.54776943397924,0.806485,2.1239914894104004,17.023029327392578,2.4646177291870117
255,24529,-86.98805344346422,-94.67378840602021,0.8058120833333333,1.6645300388336182,15.829558372497559,1.9971227645874023
256,24637,-102.79239267117555,-94.73552228424523,0.8049570833333333,1.452286958694458,18.256637573242188,1.8379862308502197
257,24761,3.698823293786276,-94.43543024783283,0.8039754166666666,0.7246823310852051,20.680679321289062,1.0420149564743042
258,24854,-36.3433905893947,-93.81696078004396,0.8032391666666667,2.1119496822357178,17.87759780883789,2.4505534172058105
259,24922,-83.06136789193128,-91.67492107274185,0.8027008333333333,0.2811347246170044,23.555641174316406,0.5817919969558716
260,25009,-98.93528663364827,-92.031870051831,0.8020120833333333,1.0191904306411743,26.138118743896484,1.4186007976531982
261,25167,-115.3433281927861,-93.03967876488912,0.80076125,2.4769012928009033,21.054115295410156,2.802393674850464
262,25236,-59.61148676120865,-92.22554961156902,0.800215,0.22501695156097412,24.07039451599121,0.5216984748840332
263,25296,-86.77819106550449,-92.06150646075317,0.79974,1.3880826234817505,20.272411346435547,1.740483283996582
264,25416,-246.1588548998122,-93.5771775951547,0.79879,0.31989461183547974,23.674068450927734,0.6436202526092529
265,25527,-84.33534719907962,-91.4999871455886,0.7979112500000001,4.220975875854492,11.89651107788086,4.569136142730713
266,25628,-130.68501601049903,-91.7907588884296,0.7971116666666667,1.7265267372131348,19.33534049987793,2.0939571857452393
267,25711,-84.65647438710664,-91.8598354920494,0.7964545833333334,1.9547040462493896,25.790889739990234,2.3139476776123047
268,25795,-80.56647730423725,-92.02305976138692,0.7957895833333333,0.5874345898628235,15.540525436401367,0.9315097332000732
269,25872,-90.23022914867224,-92.20044787612571,0.79518,1.167072057723999,22.71319580078125,1.5220786333084106
270,25969,-60.127142457007594,-91.98533209161504,0.7944120833333334,1.8488130569458008,22.453041076660156,2.1836798191070557
271,26096,-73.21714378304893,-91.73766704475946,0.7934066666666667,5.693138122558594,13.215295791625977,6.025561332702637
272,26211,-145.00787680820986,-91.80507027654177,0.79249625,0.4381043612957001,22.213329315185547,0.8071839809417725
273,26302,-122.81996491806115,-91.77229958347823,0.7917758333333333,1.3825886249542236,20.86648941040039,1.6989103555679321
274,26438,-80.99528601816779,-92.70091825668719,0.7906991666666667,3.638486862182617,19.905702590942383,4.002884864807129
275,26522,-128.54409982035915,-92.90041111735958,0.7900341666666667,6.8669209480285645,14.766487121582031,7.195931434631348
276,26633,-132.08101369623375,-91.69403463459741,0.7891554166666667,0.28376784920692444,21.054759979248047,0.5976909399032593
277,26767,-71.65342736971922,-90.96139618676177,0.7880945833333334,7.362471580505371,6.477287292480469,7.661831378936768
278,26879,-82.41337285600228,-90.9771425705653,0.7872079166666667,0.6420318484306335,22.22931480407715,0.9590678215026855
279,27004,-47.37464730525035,-90.37469752912997,0.7862183333333334,3.9955074787139893,16.252277374267578,4.379680633544922
280,27119,-116.8946935561788,-90.3768617419889,0.7853079166666667,1.1427109241485596,23.601619720458984,1.4603135585784912
281,27201,-76.45343668872596,-90.34257117228279,0.78465875,5.916559219360352,12.463648796081543,6.250724792480469
282,27273,-55.03292179987318,-89.53191037452396,0.78408875,1.797187328338623,22.817169189453125,2.124011754989624
283,27330,-75.17552312444568,-89.64408336250122,0.7836375,0.3197505474090576,25.09781265258789,0.6306337118148804
284,27403,-79.92797683558899,-89.50955310067201,0.7830595833333334,0.5199230909347534,22.951276779174805,0.8146934509277344
285,27504,-111.41759685707014,-89.99898343089576,0.78226,0.9005763530731201,22.74769401550293,1.2320950031280518
286,27579,-106.17730018483435,-90.34126401642196,0.78166625,5.937087059020996,18.698467254638672,6.261806964874268
287,27711,-139.61210451560723,-90.08205077600957,0.78062125,2.3400399684906006,20.525951385498047,2.6852169036865234
288,27829,-57.870027474201194,-90.18307928517126,0.7796870833333334,2.264371395111084,17.728717803955078,2.6111364364624023
289,27920,-119.12525671253462,-90.31147182648063,0.7789666666666667,2.397301197052002,24.284395217895508,2.7335591316223145
290,28035,-71.0847591327877,-90.07333866521847,0.77805625,1.972406029701233,25.628284454345703,2.3277158737182617
291,28102,-46.50682713276255,-88.98630956411185,0.7775258333333334,2.2067019939422607,20.38910675048828,2.560711145401001
292,28227,-131.88957850003067,-89.62797552308895,0.77653625,0.9382346272468567,20.392013549804688,1.2811336517333984
293,28291,-36.55750031894044,-89.79658347302215,0.7760295833333334,6.516050815582275,10.122413635253906,6.8736066818237305
294,28445,-52.584088838361076,-89.24360504420721,0.7748104166666667,1.9788532257080078,17.376609802246094,2.270195960998535
295,28524,-53.151300844463364,-88.76477348416047,0.774185,1.9423679113388062,21.704715728759766,2.2638683319091797
296,28649,-79.47710844753998,-88.8658308739713,0.7731954166666667,2.553060531616211,20.38605499267578,2.8430237770080566
297,28796,-86.18762047245349,-88.90111912657241,0.7720316666666667,0.7149077653884888,23.54779815673828,1.0716599225997925
298,28871,-78.29677118657546,-88.84536609947828,0.7714379166666667,9.168381690979004,16.29684829711914,9.534188270568848
299,28987,-73.43664012179319,-88.83070210812211,0.7705195833333334,4.291717529296875,24.775684356689453,4.608642101287842
300,29055,-70.53708669986548,-88.95113885868788,0.7699812500000001,7.439205169677734,16.671812057495117,7.775403022766113
301,29148,-70.61707771419393,-88.98910171984814,0.769245,3.0781383514404297,31.009296417236328,3.378567695617676
302,29273,-78.73645186319368,-87.72257878612545,0.7682554166666666,0.9540832042694092,20.577808380126953,1.2563793659210205
303,29360,-74.09324070199352,-87.04430556438358,0.7675666666666667,0.40171486139297485,21.726612091064453,0.717823326587677
304,29443,-78.12138929383609,-87.11053720804841,0.7669095833333334,1.2643635272979736,27.37415313720703,1.6247600317001343
305,29554,-58.83700007020427,-86.03848958193657,0.7660308333333333,1.977846384048462,19.657236099243164,2.3188300132751465
306,29662,-66.99846917922353,-85.69029481620446,0.7651758333333334,0.41993457078933716,27.385190963745117,0.7522475719451904
307,29807,-56.370771627747175,-84.97431586635201,0.7640279166666667,1.3782968521118164,22.849597930908203,1.7272226810455322
308,29871,-71.33189834407625,-85.3508338095803,0.76352125,2.790780782699585,25.512805938720703,3.1271324157714844
309,29947,-32.281498730507764,-84.40775399638322,0.7629195833333333,0.6552547812461853,29.552793502807617,0.9606599807739258
310,30064,-126.44632599258603,-84.19589581610606,0.7619933333333333,0.6178786158561707,23.662574768066406,0.9139138460159302
311,30207,-36.878266718000674,-83.73425502491921,0.76086125,2.6618261337280273,26.564876556396484,2.992995023727417
312,30299,-70.76307573248536,-83.42778910879147,0.7601329166666667,3.488859176635742,22.349407196044922,3.8412413597106934
313,30409,-57.70073799911171,-83.31952988979009,0.7592620833333333,0.2811989188194275,27.981834411621094,0.6042128801345825
314,30485,-172.9917640117775,-84.1247619646087,0.7586604166666666,2.479856491088867,26.588523864746094,2.8317437171936035
315,30616,-105.19729498902323,-84.24479882945397,0.7576233333333333,2.662858009338379,21.12164306640625,3.0495598316192627
316,30688,-97.2322809987492,-84.51399811330599,0.7570533333333334,0.5976747274398804,31.120569229125977,0.9436694979667664
317,30770,-77.44852892515804,-83.8175085673908,0.7564041666666667,2.10813570022583,17.76656723022461,2.5013110637664795
318,30885,-85.00490305381874,-83.48859419963993,0.75549375,0.6193857192993164,29.356884002685547,0.9847858548164368
319,30964,-77.42943909177563,-83.5017402113711,0.7548683333333334,2.121931314468384,18.169626235961914,2.4203929901123047
320,31104,-51.871104350901064,-82.56345624491637,0.75376,2.2248997688293457,27.78986358642578,2.563251495361328
321,31215,-89.11801950544285,-82.601793460318,0.7528812500000001,3.0435638427734375,29.40148162841797,3.373281478881836
322,31348,-74.9152618306514,-82.77300162897797,0.7518283333333333,1.4829521179199219,26.89413833618164,1.806293249130249
323,31452,-78.1379561871426,-81.96892975432874,0.751005,2.3462860584259033,22.601940155029297,2.6854677200317383
324,31544,-47.71120252496968,-80.597940607515,0.7502766666666667,0.7869481444358826,31.205219268798828,1.1541693210601807
325,31665,-40.03836663285251,-80.0623522590122,0.74931875,1.5190385580062866,29.46430206298828,1.8707349300384521
326,31786,-142.16318180198203,-80.69688219334698,0.7483608333333334,0.9345505237579346,28.194568634033203,1.2495684623718262
327,31881,-108.37541846693112,-80.46572208261476,0.74760875,1.5860097408294678,25.110105514526367,1.9246881008148193
328,31975,-90.82461785926931,-80.78092251938922,0.7468645833333334,2.824352741241455,13.04777717590332,3.1486847400665283
329,32088,-105.70630967287049,-80.92544024538283,0.74597,2.9816348552703857,22.399677276611328,3.3315393924713135
330,32147,-79.43241753665289,-80.88118948553205,0.7455029166666667,3.811535120010376,24.632286071777344,4.163780689239502
331,32235,-57.4944785138175,-80.9140850227116,0.74480625,1.9460318088531494,23.754772186279297,2.2658944129943848
332,32364,-85.95457299856227,-81.14962308611014,0.743785,1.50282621383667,24.08145523071289,1.8494386672973633
333,32485,-96.79714476133431,-81.22169053298641,0.7428270833333334,0.8918862342834473,25.949085235595703,1.2476720809936523
334,32607,-63.106220049349595,-81.09550026241594,0.74186125,1.0986319780349731,29.950796127319336,1.4668457508087158
335,32700,-43.67731977716602,-81.5011463574452,0.741125,0.8268576860427856,22.630626678466797,1.181795358657837
336,32791,-28.952294666679123,-81.01902654094987,0.7404045833333334,2.528702735900879,29.058889389038086,2.8291513919830322
337,32889,-49.614361946342456,-80.26702417569537,0.7396287500000001,2.3183560371398926,26.5429744720459,2.649839401245117
338,33043,-49.59124640032536,-80.15815408296012,0.7384095833333333,1.8920117616653442,37.49147033691406,2.239105701446533
339,33186,-63.38333560978667,-80.15348592953092,0.7372775,2.827000617980957,26.697216033935547,3.168886423110962
340,33278,-139.5377086939267,-80.60504525970794,0.7365491666666667,1.697006344795227,30.237224578857422,2.023982048034668
341,33347,-118.08691075554606,-80.95882022548659,0.7360029166666666,0.46229177713394165,29.712499618530273,0.764021635055542
342,33459,-78.84336191335024,-81.51625687532923,0.73511625,0.7402571439743042,31.071229934692383,1.067371129989624
343,33575,-80.6968634101802,-81.59716705686142,0.7341979166666667,0.3342788815498352,35.39943313598633,0.677751898765564
344,33663,-90.98400791080478,-81.90257495717816,0.73350125,0.6058730483055115,31.32476043701172,0.9479409456253052
345,33765,-57.576591787538405,-81.82405566838847,0.73269375,3.927277088165283,29.80520248413086,4.210561752319336
346,33862,-87.0221584563978,-82.29527780585425,0.7319258333333334,1.7036457061767578,27.045080184936523,2.034531831741333
347,33977,-51.426170686072574,-81.91999617625066,0.7310154166666667,4.886933326721191,21.31705093383789,5.232244491577148
348,34066,-81.99921773656604,-82.20529362363362,0.7303108333333334,1.0884759426116943,29.589033126831055,1.4118702411651611
349,34198,-42.38849659563269,-81.97531782602222,0.7292658333333334,0.39741379022598267,35.37407684326172,0.691836953163147
350,34267,-76.71331267223965,-81.66860513585513,0.7287195833333333,1.2499628067016602,33.76375961303711,1.5996378660202026
351,34377,-110.6199894224618,-82.0643649454132,0.72784875,2.6951744556427,28.399709701538086,3.038057804107666
352,34445,-40.90179152324525,-81.69260287601979,0.7273104166666666,0.4136384129524231,30.76612091064453,0.7400741577148438
353,34542,-77.66120808980482,-81.62085081493655,0.7265425000000001,1.545143961906433,34.307838439941406,1.8738681077957153
354,34637,-111.97269297666091,-82.3219289614235,0.7257904166666667,1.209839105606079,28.143890380859375,1.5521574020385742
355,34716,-20.677978772516852,-81.658828214714,0.7251650000000001,0.35082271695137024,31.325197219848633,0.6539696455001831
356,34831,-73.83956423884938,-81.36929993039075,0.7242545833333334,0.620780348777771,29.24413299560547,0.9500152468681335
357,34949,-99.08892969321828,-82.3971774602608,0.7233204166666667,0.8731082677841187,35.806297302246094,1.1781034469604492
358,35046,-91.92215435494789,-82.95296509791633,0.7225525,2.4392848014831543,26.758018493652344,2.8171494007110596
359,35114,-83.72726460938652,-82.95962406509086,0.7220141666666666,0.8420768976211548,30.20916748046875,1.1783865690231323
360,35207,-58.50060690029935,-82.55527726775738,0.7212779166666667,0.6605178117752075,30.35064125061035,0.9915510416030884
361,35274,-45.7062300191204,-81.85890628602071,0.7207475000000001,1.2996140718460083,27.700666427612305,1.6692261695861816
362,35369,-65.5217090005345,-81.91800850841396,0.7199954166666667,6.607567310333252,31.025503158569336,6.963038444519043
363,35445,-105.5520642720747,-82.10574724047969,0.71939375,2.125305414199829,20.873943328857422,2.458144426345825
364,35564,-61.00021781615801,-80.25416086964314,0.7184516666666667,1.0754125118255615,31.727008819580078,1.4042688608169556
365,35626,-78.57067029734422,-80.19651410062578,0.7179608333333334,3.7611098289489746,31.64501953125,4.143424987792969
366,35709,-61.94938814673603,-79.50915782198815,0.71730375,0.45086950063705444,32.158851623535156,0.7756637334823608
367,35849,-109.19203721275748,-79.75451345024467,0.7161954166666666,2.5370240211486816,25.312501907348633,2.869718551635742
368,35921,-27.80265616353826,-79.22687523883768,0.7156254166666667,1.8392055034637451,33.02320861816406,2.1924047470092773
369,36021,-62.344984993209906,-78.94802279728306,0.7148337499999999,0.8025194406509399,30.074954986572266,1.170044183731079
370,36122,-49.769878344727914,-78.84445015616026,0.7140341666666667,0.4318716824054718,36.991912841796875,0.8096892833709717
371,36196,-62.65309232787555,-78.73880964160851,0.7134483333333334,1.7563574314117432,32.75950622558594,2.086982488632202
372,36322,-40.11321262438336,-77.68986299977026,0.7124508333333333,0.6093252301216125,31.405498504638672,0.9598425030708313
373,36439,-54.38164951837126,-77.00547984577335,0.7115245833333333,2.714495897293091,25.00763702392578,3.0721962451934814
374,36549,-50.32699603031007,-76.69879694589477,0.7106537500000001,5.8017258644104,29.35641860961914,6.171109199523926
375,36649,-120.66429265015573,-76.61999887419275,0.7098620833333333,1.6194496154785156,27.789775848388672,1.9802684783935547
376,36719,-116.36092849910987,-76.4627980222215,0.7093079166666667,3.189811944961548,29.389448165893555,3.565175771713257
377,36838,-48.08657995039587,-76.22712954802827,0.7083658333333334,1.407233476638794,35.501461029052734,1.7193865776062012
378,36924,-52.01954558180769,-75.92319127528633,0.7076850000000001,1.538957953453064,32.329769134521484,1.8748443126678467
379,36993,-45.320986410354955,-75.90265466633737,0.7071387499999999,1.5134012699127197,26.639522552490234,1.850466012954712
380,37066,-71.09256898323926,-75.44463342060797,0.7065608333333333,0.5180016160011292,26.235885620117188,0.8874685168266296
381,37146,-69.15044099192225,-75.37160346363994,0.7059275,2.117171287536621,27.723190307617188,2.4679746627807617
382,37229,-44.18323373703929,-75.2631065830116,0.7052704166666667,0.48858022689819336,29.471492767333984,0.8133893013000488
383,37307,2.099188986141911,-74.49035946190574,0.7046529166666666,0.9016972184181213,35.5656623840332,1.2005770206451416
384,37378,-67.90554098635931,-74.37013510341345,0.7040908333333333,0.6163020133972168,27.291561126708984,0.9612801671028137
385,37491,-73.73011724639306,-73.99326030730667,0.70319625,4.01759672164917,24.934303283691406,4.402598857879639
386,37555,-65.15060817946781,-73.582993387253,0.7026895833333333,1.7596311569213867,31.723705291748047,2.1280605792999268
387,37682,-38.43298695598358,-72.57120221165675,0.7016841666666667,0.2849924564361572,40.770660400390625,0.5875507593154907
388,37774,-38.09750582479771,-72.3734769951627,0.7009558333333333,0.8892747163772583,24.810523986816406,1.2141183614730835
389,37846,-27.789439814859378,-71.46011882618596,0.7003858333333333,1.499863862991333,28.138294219970703,1.8475425243377686
390,37952,-7.236650162790056,-70.821637736486,0.6995466666666668,6.254618167877197,9.832562446594238,6.597862243652344
391,38071,-72.93748662661778,-71.08594433142454,0.6986045833333334,1.3830260038375854,30.454227447509766,1.7109042406082153
392,38191,-117.19398584857886,-70.93898840491002,0.6976545833333334,2.093681573867798,32.10840606689453,2.411980628967285
393,38279,-67.44362810066475,-71.24784968272728,0.6969579166666666,0.7462438344955444,30.189208984375,1.0888023376464844
394,38382,-80.40936456696586,-71.5261024400133,0.6961425,1.3911170959472656,34.36408996582031,1.7442681789398193
395,38452,-71.44118373757537,-71.70900126894442,0.6955883333333333,2.3223695755004883,28.330955505371094,2.700005054473877
396,38512,-65.65950735415916,-71.57082525801063,0.6951133333333334,0.8131950497627258,21.64742660522461,1.152441382408142
397,38600,-86.41222208130014,-71.5730712740991,0.6944166666666667,1.4487903118133545,30.501127243041992,1.7873399257659912
398,38675,-21.44184611901177,-71.00452202342346,0.6938229166666667,0.9279735684394836,34.974334716796875,1.2542273998260498
399,38749,-68.55780996080952,-70.95573372181362,0.6932370833333333,0.9238483905792236,32.56304168701172,1.2841495275497437
400,38846,-69.5804323130104,-70.94616717794507,0.6924691666666667,0.4457584023475647,32.48371505737305,0.7879399061203003
401,38935,-101.00856860026718,-71.2500820868058,0.6917645833333333,3.0034568309783936,28.191452026367188,3.338273525238037
402,39061,-24.27116981884464,-70.70542926636232,0.6907670833333334,1.5608001947402954,35.31574630737305,1.9094343185424805
403,39165,-117.35591514152861,-71.13805601075768,0.68994375,2.189887046813965,32.830596923828125,2.569530487060547
404,39268,-89.10068417702072,-71.2478489595895,0.6891283333333333,0.5585862398147583,26.427509307861328,0.9070032238960266
405,39336,-68.60374513025641,-71.34551641019003,0.68859,3.522066116333008,26.238441467285156,3.8766891956329346
406,39405,-64.6239746486429,-71.32177146488421,0.6880437500000001,0.7192665338516235,27.309078216552734,1.0753631591796875
407,39484,-72.77281878446232,-71.48579193645136,0.6874183333333334,1.0851476192474365,35.84134292602539,1.4341565370559692
408,39555,-39.543316429207266,-71.16790611730268,0.68685625,2.428201913833618,31.534915924072266,2.7333483695983887
409,39636,-73.50463477215494,-71.58013747771915,0.686215,0.7207297682762146,33.73420333862305,1.0167213678359985
410,39717,-44.082269671239985,-70.7564969145057,0.68557375,0.8733904361724854,40.56664276123047,1.2594068050384521
411,39779,-53.753644224298995,-70.92525068956867,0.6850829166666667,0.6634292602539062,25.87088394165039,1.0035086870193481
412,39849,-49.703631422670256,-70.71465624647053,0.68452875,0.9818447232246399,39.50218200683594,1.3065309524536133
413,39923,-73.4888839155918,-70.87253770563534,0.6839429166666666,0.6087859869003296,36.58074951171875,0.9673535823822021
414,40019,-115.71032494342202,-70.29972331495179,0.6831829166666666,1.128089189529419,32.98243713378906,1.4932446479797363
415,40137,-51.00033653660623,-69.75775373042762,0.6822487500000001,0.8453986644744873,28.03575897216797,1.1850037574768066
416,40211,-53.055959920095596,-69.31599051964108,0.6816629166666667,1.607679009437561,26.158740997314453,1.9627937078475952
417,40281,-61.327528756991846,-69.15478051795941,0.68110875,0.5833815932273865,32.73442840576172,0.9188177585601807
418,40401,-109.4508268920455,-69.3992397563417,0.68015875,0.6154656410217285,36.428466796875,0.977950930595398
419,40470,-37.48101108810752,-68.999755476305,0.6796125,1.3178329467773438,38.4317626953125,1.652916669845581
420,40588,-92.81612614735448,-69.40920569426952,0.6786783333333333,0.4025433659553528,40.142425537109375,0.6996183395385742
421,40685,-62.190143583099186,-69.13992693504609,0.6779104166666667,2.1292505264282227,29.70220947265625,2.481980085372925
422,40808,-29.14467721266105,-68.68222108886619,0.6769366666666667,0.5006318688392639,40.079559326171875,0.8603185415267944
423,40881,-97.83901806314843,-68.87923170762625,0.67635875,0.42915621399879456,40.925445556640625,0.7807518243789673
424,40967,-27.69304244046309,-68.67905010678118,0.6756779166666667,1.1471971273422241,33.008583068847656,1.5178422927856445
425,41067,-98.98800944790351,-69.26854653493169,0.67488625,0.8594658374786377,33.4593505859375,1.194589376449585
426,41135,-61.359389513674756,-68.46050861204861,0.6743479166666667,0.9169133305549622,32.0088005065918,1.2794703245162964
427,41248,-47.60218003763322,-67.85277622775563,0.6734533333333333,1.0080842971801758,43.14247131347656,1.3226491212844849
428,41334,-78.57012961682015,-67.73023134533113,0.6727725,0.5487513542175293,27.1235408782959,0.857948899269104
429,41421,-64.73447061868532,-67.32051295478928,0.67208375,3.6973166465759277,29.711471557617188,4.008060455322266
430,41524,-57.37629800301838,-67.09995175945295,0.6712683333333334,1.0815925598144531,40.128173828125,1.4108233451843262
431,41585,-69.75245019492735,-67.22253147626405,0.6707854166666667,1.9810729026794434,32.987342834472656,2.289121627807617
432,41709,-74.41329703354023,-67.10711871661383,0.66980375,0.791933536529541,22.526765823364258,1.153367519378662
433,41835,-73.9994945557971,-66.87914221455846,0.66880625,5.233953952789307,25.395910263061523,5.617520332336426
434,41908,-20.501750622616996,-66.45309752029112,0.6682283333333334,0.993145227432251,40.103660583496094,1.3115029335021973
435,42006,-80.356425644068,-66.81988857896016,0.6674525,6.642423629760742,25.149545669555664,7.017905235290527
436,42079,-41.67221921295704,-66.94708782442294,0.6668745833333334,2.011448383331299,30.19377326965332,2.368251323699951
437,42177,-94.31097756797371,-67.39405398063924,0.66609875,1.5038787126541138,31.013572692871094,1.8866629600524902
438,42259,-25.80754758847732,-67.15621699252075,0.6654495833333334,1.438265323638916,34.35657501220703,1.7728724479675293
439,42321,-30.577144832857755,-66.82815508475147,0.66495875,0.9761266112327576,44.305938720703125,1.3752940893173218
440,42449,-125.60538409806867,-66.6888318387929,0.6639454166666667,5.995785713195801,33.2966423034668,6.315938472747803
441,42539,-52.14307612550717,-66.02939349249249,0.6632329166666666,2.7571945190429688,31.206281661987305,3.1456775665283203
442,42618,-66.27222411423557,-65.90368211450135,0.6626075,2.033395290374756,30.232616424560547,2.382978677749634
443,42709,-77.18230735805301,-65.86853655398008,0.6618870833333333,1.8931374549865723,23.48105812072754,2.2643086910247803
444,42872,-87.08564885842746,-65.82955296345631,0.6605966666666667,0.6324154138565063,30.647136688232422,0.9363189935684204
445,42990,-33.041503833434774,-65.58420208391527,0.6596625,1.054402470588684,18.886703491210938,1.425883173942566
446,43054,-67.17658379456662,-65.38574633729696,0.6591558333333334,1.1399855613708496,31.617008209228516,1.4902637004852295
447,43169,-93.95478590422269,-65.81103248947846,0.6582454166666667,0.5620620846748352,32.105567932128906,0.9059137105941772
448,43290,-95.9337945910065,-65.95037825802287,0.6572875,1.0796115398406982,34.548065185546875,1.3798775672912598
449,43371,-41.46633146876,-65.94115660675413,0.6566462500000001,2.7876784801483154,33.36102294921875,3.1335299015045166
450,43431,-78.56429976302134,-65.95966647766195,0.6561712500000001,8.466354370117188,22.926584243774414,8.793773651123047
451,43547,-97.02027266962598,-65.8236693101336,0.6552529166666667,7.386744976043701,16.346546173095703,7.746193885803223
452,43632,-84.86961069788514,-66.26334750187999,0.65458,0.8120630979537964,29.798398971557617,1.1995455026626587
453,43733,-73.78025391876334,-66.22453796016958,0.6537804166666668,1.0971025228500366,32.19770431518555,1.4548609256744385
454,43828,-70.08865717788314,-65.80569760218181,0.6530283333333333,1.8782707452774048,41.21217346191406,2.241377353668213
455,43938,-131.70598568418353,-66.91597767129846,0.6521575000000001,2.0129384994506836,31.153518676757812,2.3776111602783203
456,44039,-35.25643716865261,-66.5301464005965,0.6513579166666668,0.5255966782569885,32.450157165527344,0.8889168500900269
457,44115,-17.30892088944509,-65.71234631255876,0.65075625,0.39199763536453247,43.727325439453125,0.6986960172653198
458,44255,1.8765121759673207,-64.77435964724963,0.6496479166666667,1.7821171283721924,28.53761863708496,2.0940935611724854
459,44375,-109.00575277597494,-65.02714452891551,0.6486979166666667,0.5289371013641357,33.31114959716797,0.8961225748062134
460,44473,-121.88850261767635,-65.66102348608929,0.6479220833333333,1.7760368585586548,33.87124252319336,2.1302883625030518
461,44579,-85.06184532777252,-66.05457963917578,0.6470829166666667,1.7571717500686646,39.67467498779297,2.1646292209625244
462,44661,-86.89684642715281,-66.26833101344198,0.64643375,0.4727080166339874,39.938533782958984,0.808052659034729
463,44754,-67.03392972191993,-65.88314966794043,0.6456975,0.5604684352874756,34.489959716796875,0.8930661678314209
464,44837,-110.28786458035196,-66.37602613558238,0.6450404166666667,1.4814276695251465,38.82522964477539,1.8448435068130493
465,44909,-71.5037456978724,-66.30535688958766,0.6444704166666667,0.8240282535552979,32.397647857666016,1.1611783504486084
466,45098,-26.932788618386766,-65.95519089430417,0.6429741666666666,1.223079800605774,29.504772186279297,1.602622628211975
467,45165,-30.53006961020492,-65.16857121827864,0.64244375,0.7585382461547852,38.8535270690918,1.0826951265335083
468,45236,-57.75095346018894,-65.46805419124513,0.6418816666666667,0.5217904448509216,33.63372039794922,0.894976019859314
469,45337,-88.04670674496157,-65.72507140876266,0.6410820833333333,0.7617480754852295,33.14423370361328,1.1417567729949951
470,45427,-46.984065654130575,-65.69721328185669,0.6403695833333334,1.4288389682769775,38.99464416503906,1.7606921195983887
471,45501,7.41533059591066,-64.99652905261883,0.6397837500000001,2.5386369228363037,34.605133056640625,2.911250114440918
472,45588,-68.93911594077787,-65.28478808578278,0.639095,0.5475335121154785,38.05626678466797,0.9221101999282837
473,45655,-34.90691501972255,-65.0900407407963,0.6385645833333333,2.15856671333313,30.38471221923828,2.497499465942383
474,45725,-44.68680542081905,-65.03363883470138,0.6380104166666667,0.6835708618164062,34.1275749206543,1.0359607934951782
475,45841,-103.72696423388601,-64.86426555053868,0.6370920833333333,6.814720153808594,25.991409301757812,7.215487957000732
476,45933,-98.81421837151177,-64.68879844926269,0.6363637500000001,0.9765984416007996,41.609954833984375,1.327101707458496
477,46009,-46.46135579460441,-64.67254620770478,0.6357620833333333,4.908377647399902,30.72476577758789,5.293698310852051
478,46107,-78.97893159764395,-64.94214006786314,0.6349862500000001,1.5862969160079956,34.829200744628906,1.9920578002929688
479,46227,-38.00170799420739,-64.86894728370166,0.6340362500000001,0.43539661169052124,39.086647033691406,0.7628257274627686
480,46296,-11.214919153857409,-64.27017078540784,0.6334900000000001,0.9315962791442871,34.20189666748047,1.2670104503631592
481,46380,-35.079702268897464,-63.9294633981776,0.632825,0.44853994250297546,41.957427978515625,0.8050728440284729
482,46469,-71.1346011767331,-64.19897707257452,0.6321204166666667,1.8898775577545166,32.70587921142578,2.230391025543213
483,46544,-68.34658286507988,-64.90343479108675,0.6315266666666667,1.6118128299713135,34.09229278564453,1.9720237255096436
484,46612,-27.235300128671682,-64.49673238250988,0.6309883333333333,0.5548806190490723,42.59507369995117,0.9251612424850464
485,46679,-60.31640887145516,-64.36259529876048,0.6304579166666666,3.5446462631225586,35.10027313232422,3.8926122188568115
486,46809,-35.65731949104787,-64.0676624118763,0.62942875,0.9779828786849976,41.476295471191406,1.3200063705444336
487,46886,-23.3489106560871,-63.91682164887734,0.6288191666666667,0.7171315550804138,35.78294372558594,1.0984290838241577
488,47014,-11.185532082822945,-63.64770191145758,0.6278058333333334,0.54985511302948,35.12188720703125,0.8996255397796631
489,47126,-47.338321852545704,-63.843190731834454,0.6269191666666667,1.4902772903442383,33.610984802246094,1.8616721630096436
490,47203,-72.93024136515507,-64.5001266438581,0.6263095833333334,2.506944179534912,46.64381408691406,2.844449043273926
491,47280,-37.802167437312136,-64.14877345196504,0.6256999999999999,1.078235387802124,29.74010467529297,1.4254424571990967
492,47400,-49.39890972542351,-63.47082269073349,0.62475,1.0638946294784546,34.1852912902832,1.4187655448913574
493,47505,-72.63003307607394,-63.522686740487586,0.6239187500000001,0.5155901908874512,32.05838394165039,0.8798917531967163
494,47575,-49.89053892916911,-63.217498484109626,0.6233645833333333,1.4736888408660889,19.38638687133789,1.846516489982605
495,47668,-79.66806467188668,-63.29976729345274,0.6226283333333333,3.38618803024292,32.82779312133789,3.762239456176758
496,47796,-62.90750996897819,-63.27224731960093,0.621615,8.154829978942871,27.353118896484375,8.52492618560791
497,47893,-74.1901479409521,-63.15002657819745,0.6208470833333333,0.6841582655906677,37.40703582763672,1.0520975589752197
498,47963,-55.82031345098411,-63.493811251517165,0.6202929166666666,0.47354045510292053,35.492584228515625,0.805988073348999
499,48055,-35.22084789897879,-63.16044163089885,0.6195645833333333,1.1652758121490479,37.05891799926758,1.503915548324585
500,48165,-54.88165020743912,-63.01345380984313,0.61869375,0.6467281579971313,39.464141845703125,0.9767858982086182
501,48236,-39.74176329500137,-62.40078575679048,0.6181316666666666,5.242740631103516,28.23435401916504,5.601883411407471
502,48337,-109.62790208574488,-63.25435307945948,0.6173320833333333,0.6177687644958496,30.70398712158203,0.9466763734817505
503,48411,-26.806877263161383,-62.3488627006758,0.61674625,1.1809570789337158,27.92852210998535,1.5285403728485107
504,48517,-110.87177877791098,-62.56657364668471,0.6159070833333333,1.0812687873840332,46.977386474609375,1.4067575931549072
505,48618,-56.45628911133474,-62.445099086495496,0.6151075,0.5174314975738525,45.86409378051758,0.8697340488433838
506,48701,-28.721516776269,-62.086074507771755,0.6144504166666667,1.5871886014938354,20.740806579589844,1.9654628038406372
507,48812,-60.56275696562093,-61.96397388958334,0.6135716666666666,0.47496166825294495,33.46764373779297,0.7970259785652161
508,48925,-32.201994687335684,-61.89056067216463,0.6126770833333334,0.5266804695129395,45.403343200683594,0.8773901462554932
509,49035,-83.56852646215081,-61.99119958906459,0.61180625,0.4623560905456543,40.26678466796875,0.8302040100097656
510,49109,-71.24640861560977,-62.262840978508294,0.6112204166666666,1.2221530675888062,31.806211471557617,1.5854370594024658
511,49209,-131.6736322691057,-63.042040858956355,0.6104287500000001,0.9568701386451721,39.179168701171875,1.305834174156189
512,49280,-51.35048409463748,-63.058509385676025,0.6098666666666667,1.0078644752502441,32.16650390625,1.3922882080078125
513,49387,-93.9283026441315,-63.26290357296142,0.6090195833333334,1.168907880783081,35.9222412109375,1.5012872219085693
514,49496,-69.86561961944363,-62.80445651972164,0.6081566666666667,0.6894884705543518,18.135833740234375,1.0558454990386963
515,49566,3.608438392173042,-62.25836877043383,0.6076025,0.7935446500778198,35.926883697509766,1.1057579517364502
516,49677,-56.166307277686485,-62.28947224400976,0.60672375,0.8553543090820312,40.16437530517578,1.188830018043518
517,49782,-59.298876597036646,-62.26918572241019,0.6058925,0.5656901597976685,45.160614013671875,0.9459013938903809
518,49900,-58.5868664438469,-61.760546117928214,0.6049583333333334,0.4783591330051422,44.60376739501953,0.8411087989807129
519,49997,-73.21174037993394,-62.11785341084647,0.6041904166666667,0.5200904607772827,34.13822937011719,0.8472352027893066
520,50118,-70.67660542687074,-61.89645820364165,0.6032325000000001,0.9703795909881592,31.407527923583984,1.344329595565796
521,50228,-38.08157731021511,-61.6553725409128,0.6023616666666667,1.7304860353469849,33.833770751953125,2.0817160606384277
522,50341,-22.913551863952193,-61.59306128742572,0.6014670833333333,2.740482807159424,26.033849716186523,3.0967342853546143
523,50409,-93.58071329227184,-61.55047823971695,0.60092875,0.43060627579689026,42.0146369934082,0.7938437461853027
524,50502,-56.71500068547912,-61.8406978221671,0.6001925,1.9303210973739624,27.20425033569336,2.2934958934783936
525,50599,-80.22960602123149,-61.65311378790038,0.5994245833333334,1.1679484844207764,26.917808532714844,1.5035773515701294
526,50695,-72.38335664311029,-61.76335345919474,0.5986645833333333,0.7420414090156555,36.31930160522461,1.0917950868606567
527,50773,-54.181466361573534,-61.829146322434134,0.5980470833333333,1.4737335443496704,32.743812561035156,1.8314589262008667
528,50850,-65.15455052841138,-61.694990531550054,0.5974375000000001,5.0256547927856445,34.8094482421875,5.410879135131836
529,50941,-41.31133693814304,-61.46075919474463,0.5967170833333333,2.9408726692199707,19.75116729736328,3.3387413024902344
530,51050,-74.55215006669484,-61.63251771538139,0.5958541666666667,1.4402419328689575,35.834808349609375,1.7785768508911133
531,51136,-39.457976267772864,-61.32957297610985,0.5951733333333333,1.1317073106765747,45.979225158691406,1.4915285110473633
532,51212,-4.86194259127069,-60.63405943168716,0.5945716666666667,0.5621956586837769,36.858367919921875,0.884451150894165
533,51292,-55.00865525515015,-60.444151038680694,0.5939383333333333,0.4789065718650818,34.756919860839844,0.8200623393058777
534,51387,-44.556643293388944,-60.684699965388425,0.59318625,1.6869268417358398,28.223726272583008,2.067749500274658
535,51468,-138.3361823893099,-61.264497532840835,0.592545,0.3807278871536255,37.20348358154297,0.7002702951431274
536,51529,-101.83605173124229,-61.86613585802369,0.5920620833333333,1.0597325563430786,40.505126953125,1.4006199836730957
537,51667,-72.84814215478075,-61.65150750389175,0.5909695833333334,1.859602689743042,36.37311553955078,2.2153971195220947
538,51783,-137.25252276722154,-62.76595725567918,0.59005125,0.7831600904464722,30.178388595581055,1.1536812782287598
539,51883,-51.24859763197391,-62.97267178367035,0.5892595833333334,0.5395060181617737,34.32654571533203,0.8982041478157043
540,51965,-87.65188678716136,-62.593136810561276,0.5886104166666667,1.317070722579956,36.6453742980957,1.623496413230896
541,52027,-104.28758124694761,-63.11458186177569,0.5881195833333334,0.8557623624801636,31.667238235473633,1.1888463497161865
542,52098,-14.0527125296896,-62.59238674593021,0.5875575,0.6688494086265564,38.30816650390625,1.0293775796890259
543,52186,-67.43620682293884,-62.49492574057906,0.5868608333333334,1.0995309352874756,16.92515754699707,1.4790079593658447
544,52258,-67.93320037811446,-62.30340125577595,0.5862908333333334,0.5720695853233337,36.05195617675781,0.9025194644927979
545,52346,-66.21624860914764,-62.635148703533076,0.5855941666666666,0.5787150859832764,41.05296325683594,0.9625126123428345
546,52444,-136.45554915984673,-63.327938357185886,0.5848183333333333,2.699284791946411,38.07392883300781,3.040754795074463
547,52548,-83.72089617211584,-63.225599459864824,0.583995,0.6610893607139587,34.160972595214844,1.0339972972869873
548,52622,-62.03310631151725,-62.88659257706993,0.5834091666666668,1.1837608814239502,32.108673095703125,1.5763165950775146
549,52734,-52.021413539257935,-62.99214339777492,0.5825225,2.1023101806640625,33.830116271972656,2.501863479614258
550,52833,-52.55574096936685,-62.73205780983836,0.58173875,0.9528392553329468,36.359336853027344,1.2700889110565186
551,52939,-53.652297207028894,-62.298378055212396,0.5808995833333334,0.6690722703933716,31.504013061523438,1.022953987121582
552,53043,-34.25417625511217,-61.792223710784654,0.5800762500000001,1.1602814197540283,37.84968948364258,1.5101990699768066
553,53135,-42.842346388445605,-61.48284463548148,0.5793479166666667,0.4479430913925171,41.816078186035156,0.8090925216674805
554,53202,-72.62066596589324,-61.50816472336158,0.5788175,0.5095939040184021,42.56633377075195,0.8365941047668457
555,53289,-69.52760078813401,-60.886380874401084,0.5781287500000001,1.0378539562225342,30.31536865234375,1.39938223361969
556,53377,-93.76721554436834,-61.47148865815824,0.5774320833333334,0.699847400188446,31.796451568603516,1.038567304611206
557,53443,-72.68790325546416,-62.02527848181843,0.5769095833333333,2.143667697906494,18.5963134765625,2.5228161811828613
558,53525,-56.259735959707086,-62.60664096317518,0.5762604166666667,2.072934627532959,27.956130981445312,2.466569185256958
559,53640,-24.482738138511763,-61.761410816800556,0.57535,0.9522215127944946,29.706890106201172,1.316435694694519
560,53750,-38.62377950608253,-60.92876358568462,0.5744791666666667,0.9810881614685059,36.07653045654297,1.3620496988296509
561,53864,-19.961259598660618,-60.277757728393496,0.5735766666666666,1.3705291748046875,44.765419006347656,1.7786355018615723
562,53948,-61.093471563973495,-60.0197239797617,0.5729116666666667,1.3301169872283936,40.02393341064453,1.6811244487762451
563,54060,-8.798821223427268,-59.43737289477677,0.572025,0.6877017617225647,33.41118240356445,1.086330533027649
564,54137,-32.69166403696151,-58.66141088934287,0.5714154166666667,0.441020131111145,38.85204315185547,0.7834643125534058
565,54228,-44.958503359411054,-58.39595846595826,0.570695,1.1973598003387451,42.08778381347656,1.5572447776794434
566,55061,-156.78469997001037,-59.694477579474494,0.5641004166666668,2.6722609996795654,38.333457946777344,3.042581558227539
567,55147,-82.69635351694482,-60.2161404185419,0.5634195833333333,3.2559876441955566,34.18703079223633,3.6060662269592285
568,55208,-53.402731895041754,-60.17265820289042,0.5629366666666666,1.3064851760864258,47.41107177734375,1.6605393886566162
569,55303,0.12009257448083588,-59.290990209696,0.5621845833333334,1.128097653388977,36.70677947998047,1.5075364112854004
570,55372,-21.50858089862922,-59.036235362140985,0.5616383333333335,2.1090188026428223,29.207454681396484,2.4997622966766357
571,55480,23.768781612750345,-58.872700851972596,0.5607833333333334,6.634076118469238,28.056020736694336,6.978749752044678
572,55576,-101.67359468214188,-59.200045639386225,0.5600233333333333,0.7083861827850342,32.73411560058594,1.0813469886779785
573,55713,-86.75109775968005,-59.7184874667858,0.55893875,1.9687813520431519,24.031049728393555,2.322739839553833
574,55829,-57.27127057257253,-59.844332118303335,0.5580204166666667,0.7542353272438049,31.568683624267578,1.0959739685058594
575,55927,-116.00466746118411,-59.96710915057631,0.5572445833333333,0.7060315012931824,43.952301025390625,1.0152148008346558
576,56024,-11.190963320959995,-59.0908766000708,0.5564766666666667,1.3086503744125366,35.691566467285156,1.6638774871826172
577,56145,-43.37856808019349,-59.06004872292669,0.5555187500000001,1.487900733947754,39.38190841674805,1.8858824968338013
578,56251,-71.4528580222257,-58.98478798717251,0.5546795833333333,0.7943594455718994,37.34288024902344,1.1281671524047852
579,56329,-47.81959142344178,-59.08296682146486,0.5540620833333334,0.898681640625,35.5380744934082,1.2470595836639404
580,56415,13.464141238595289,-58.836176217540334,0.5533812499999999,1.158979058265686,24.655071258544922,1.5529953241348267
581,56517,-24.734532688287103,-58.73272452173422,0.5525737500000001,2.5515260696411133,38.233951568603516,2.8908257484436035
582,56602,-24.100637010033964,-58.26238488006723,0.5519008333333333,1.990806221961975,33.235801696777344,2.319586753845215
583,56746,4.034078485250291,-57.53857826656392,0.5507608333333334,1.909438133239746,41.74348068237305,2.3129866123199463
584,56836,-104.16602316941632,-58.307885496971366,0.5500483333333334,1.0458705425262451,42.65858459472656,1.388482689857483
585,56943,-90.71427389263194,-58.611864147183134,0.5492012500000001,1.6456279754638672,33.42350769042969,2.045860528945923
586,57020,-82.27226288501876,-59.07801358112284,0.5485916666666667,7.017819404602051,25.353878021240234,7.421722412109375
587,57094,-51.73738348362035,-59.361898309398185,0.5480058333333333,0.5942041277885437,43.17075729370117,0.9531196355819702
588,57163,-30.318858005935553,-59.553231568629315,0.5474595833333333,1.186720371246338,46.53443908691406,1.5555682182312012
589,57247,-42.09477929474711,-59.50079614305133,0.5467945833333334,1.326274037361145,33.936500549316406,1.6844388246536255
590,57368,-46.824010349943116,-59.23973383289921,0.5458366666666667,1.4608302116394043,33.10263442993164,1.8100359439849854
591,57493,-10.667002058477507,-58.96838217911087,0.5448470833333333,0.8564183115959167,35.78791046142578,1.2401247024536133
592,57613,-29.562011108389,-58.77001319294052,0.5438970833333333,0.5836461782455444,37.896732330322266,0.9154687523841858
593,57725,-47.222099231124105,-58.51593385449101,0.5430104166666667,1.796010136604309,31.086746215820312,2.191347599029541
594,57835,-36.65400864622366,-58.38356855166157,0.5421395833333333,1.266846776008606,38.463462829589844,1.5998055934906006
595,57904,-75.10513847968221,-58.337939289739516,0.5415933333333334,2.7565364837646484,22.30339241027832,3.1552462577819824
596,57983,-97.44616145535943,-58.68332580460332,0.5409679166666667,1.7658205032348633,31.88600730895996,2.1945180892944336
597,58109,-34.00491289472383,-58.28147345414104,0.5399704166666667,0.5891256332397461,42.47132110595703,0.9224746823310852
598,58222,-97.07336474257922,-58.694003967057,0.5390758333333333,1.459884524345398,43.137447357177734,1.825963020324707
599,58324,-67.31718799020369,-59.01496736796925,0.5382683333333333,2.536465644836426,35.066078186035156,2.9135425090789795
600,58437,-111.85252552892345,-59.584676121184096,0.53737375,0.6312723755836487,37.73667526245117,0.9950775504112244
601,58513,-55.45238734857914,-59.74178236171988,0.5367720833333334,1.2710789442062378,32.08098602294922,1.6608202457427979
602,58609,-81.35315105639503,-59.459034851426374,0.5360120833333333,0.412963330745697,48.84953308105469,0.7231000661849976
603,58681,-55.91472810636892,-59.75011335985845,0.5354420833333333,0.6429499983787537,40.14952087402344,0.9855431914329529
604,58808,-27.214119959967405,-58.91353677167902,0.5344366666666667,1.1135482788085938,28.409645080566406,1.4750182628631592
605,58936,-18.062922618779155,-58.529603106753456,0.5334233333333334,3.222510576248169,32.8302001953125,3.6102256774902344
606,59024,-43.48090959640499,-58.67719703495481,0.5327266666666667,3.418229579925537,33.37352752685547,3.8217568397521973
607,59125,-56.06941589145262,-58.63226362421314,0.5319270833333334,1.043128252029419,33.20392990112305,1.4573640823364258
608,59231,-102.61176510511142,-59.33636132839089,0.5310879166666667,1.4317359924316406,44.25985336303711,1.792910099029541
609,59331,-54.401443646635165,-59.04469050023573,0.53029625,2.43969988822937,28.853239059448242,2.823014736175537
610,59407,-90.88062049202163,-59.24103261899986,0.5296945833333333,1.3594588041305542,35.54737854003906,1.722988486289978
611,59521,-42.839173152254276,-58.352688027831334,0.5287920833333334,2.8688771724700928,40.24848175048828,3.2339353561401367
612,59611,-49.71075900295608,-58.336290776914524,0.5280795833333334,0.803922712802887,38.71439743041992,1.1955089569091797
613,59741,12.599014295224407,-57.27101760752096,0.5270504166666667,1.5761001110076904,30.53284454345703,1.982932686805725
614,59848,-109.51886188265937,-57.66755003015312,0.5262033333333334,1.040618896484375,37.751216888427734,1.371821641921997
615,59921,-40.47301661634708,-58.10836458023832,0.5256254166666667,2.833630323410034,32.298309326171875,3.2000293731689453
616,60044,-80.13854807753577,-58.348086988236815,0.5246516666666667,2.9789106845855713,36.85861587524414,3.347641944885254
617,60157,-52.044496398262154,-58.27554318624907,0.5237570833333334,0.8020515441894531,31.78645133972168,1.1295616626739502
618,60268,-33.50710370202616,-58.024745558830865,0.5228783333333333,0.3926704227924347,43.08799743652344,0.7238540053367615
619,60330,-50.79160912398555,-57.80054424627137,0.5223875,0.9165041446685791,38.53524398803711,1.2703402042388916
620,60416,-26.962991504245167,-57.36340810704512,0.5217066666666668,5.139690399169922,33.705108642578125,5.505411148071289
621,60526,-14.64047809580704,-57.12899711490104,0.5208358333333334,0.8162598609924316,39.730079650878906,1.1306021213531494
622,60635,-54.525817364260156,-57.44511976990413,0.5199729166666667,0.6370985507965088,39.50956726074219,0.9554327726364136
623,60764,4.235245322473617,-56.46696018375666,0.5189516666666667,1.477001667022705,32.83641815185547,1.827372431755066
624,60844,-52.751908463141675,-56.42732926153329,0.5183183333333334,1.1182491779327393,32.96159744262695,1.485963225364685
625,60932,-49.92544023964387,-56.124287603717406,0.5176216666666666,0.78278648853302,26.481843948364258,1.1051982641220093
626,61036,-100.95475604606739,-56.41000159774698,0.5167983333333332,0.9919144511222839,34.388763427734375,1.387886643409729
627,61148,-25.975700394843884,-56.12794393807968,0.5159116666666668,0.5895117521286011,47.346561431884766,0.9430036544799805
628,61246,-13.42125528920387,-55.610610985687615,0.5151358333333333,0.5692508816719055,44.94793701171875,0.8996524810791016
629,61329,28.691464319232864,-54.910582973113854,0.5144787500000001,3.2383477687835693,32.537269592285156,3.601743221282959
630,61410,24.72813224708686,-53.917780149976025,0.5138375,0.943389356136322,42.76026153564453,1.3020131587982178
631,61499,30.537253978277448,-53.21782784751553,0.5131329166666667,0.7980136871337891,50.561866760253906,1.1729215383529663
632,61579,-3.9020499493273633,-53.208228921096094,0.5124995833333332,4.010461807250977,22.436817169189453,4.422220706939697
633,61676,-11.350029096476518,-52.77164265950936,0.5117316666666667,5.696979522705078,44.611572265625,6.06370735168457
634,61809,18.00176124181094,-52.14605861415736,0.5106787500000001,1.1064889430999756,25.980655670166016,1.4868388175964355
635,61881,-64.88122997371366,-51.41150909000141,0.5101087500000001,0.657027006149292,32.531219482421875,1.0261470079421997
636,61973,-48.73678638287302,-50.880516436517716,0.5093804166666667,0.9672598838806152,34.37321090698242,1.3018078804016113
637,62081,-11.347334319414031,-50.26550835816404,0.5085254166666666,1.8829421997070312,35.963768005371094,2.2740602493286133
638,62199,-65.096405418664,-49.54394718467847,0.5075912499999999,0.8155605792999268,33.2309684753418,1.1880556344985962
639,62330,-14.639804839159126,-49.177859256750324,0.5065541666666666,1.8351564407348633,34.27101516723633,2.20770263671875
640,62407,-45.84395648507284,-48.75977995372944,0.5059445833333334,0.852724552154541,46.92436599731445,1.200347661972046
641,62484,-10.710713848806634,-47.82401127974803,0.505335,1.2897554636001587,37.179718017578125,1.6590512990951538
642,62599,-40.603133489894915,-48.08951548935008,0.5044245833333334,1.2061868906021118,44.9886474609375,1.5852018594741821
643,62722,6.868653630532762,-47.346466884815364,0.5034508333333333,1.3945915699005127,28.675941467285156,1.801478624343872
644,62828,-31.41501318141863,-46.9812850128484,0.5026116666666667,0.7886630892753601,29.436275482177734,1.1614406108856201
645,62972,24.532405066561736,-46.07379847609131,0.5014716666666666,1.646451711654663,42.193382263183594,2.0029165744781494
646,63065,-69.52079598110683,-45.404450944303896,0.5007354166666667,0.4686610698699951,37.45474624633789,0.848365068435669
647,63135,-51.088648089763566,-45.07812846348039,0.50018125,0.8954997062683105,40.65003967285156,1.2883737087249756
648,63224,-38.62401509266058,-44.84403755129182,0.4994766666666667,0.8449759483337402,44.671207427978516,1.2064096927642822
649,63316,-27.68005043918781,-44.60062392029112,0.49874833333333335,0.6421924829483032,37.13739013671875,1.0107409954071045
650,63413,-11.161103229669877,-44.18667754289414,0.4979804166666667,1.4687048196792603,36.22486877441406,1.8550242185592651
651,63499,-87.01167463311039,-44.520271317154965,0.49729958333333335,1.3784557580947876,30.577808380126953,1.7666950225830078
652,63610,-41.076928935879764,-44.58849884396263,0.4964208333333333,2.4976539611816406,30.60308074951172,2.915477991104126
653,63718,-70.86646502412067,-44.86874003031939,0.49556583333333337,0.6713727116584778,39.269081115722656,1.0157417058944702
654,63837,-57.57432601088236,-44.71827663076928,0.49462375000000003,1.0693094730377197,46.71088409423828,1.4629065990447998
655,63923,-43.37609255395847,-44.45676154842752,0.4939429166666667,0.6763121485710144,37.671749114990234,1.031184196472168
656,64052,-48.15802475524548,-44.0006696405363,0.4929216666666667,1.9086910486221313,34.559783935546875,2.3116676807403564
657,64151,-79.2359918009154,-44.06615052599081,0.4921379166666666,0.9098732471466064,36.69590377807617,1.2919180393218994
658,64236,-44.73487229062643,-43.950901889300006,0.49146500000000004,1.6251124143600464,24.537216186523438,1.998215675354004
659,64336,4.820462937274797,-43.65786987854213,0.4906733333333333,6.650798797607422,31.713741302490234,7.047191619873047
660,64439,-27.62598493479291,-43.54789193282923,0.48985791666666667,0.7427269220352173,28.278173446655273,1.1389979124069214
661,64564,-48.36010614123231,-43.83188039825495,0.48886833333333335,3.828345775604248,30.947324752807617,4.209806442260742
662,64648,-74.54811515405585,-43.96642683415578,0.48820333333333343,0.7858263850212097,34.48184585571289,1.162460207939148
663,64792,-117.78806640866301,-45.05631928600814,0.4870633333333333,1.39069402217865,34.727054595947266,1.7912508249282837
664,64872,-94.72301352521137,-45.67663278089064,0.48643000000000003,1.0989612340927124,38.40885925292969,1.4884941577911377
665,64967,-30.106901547711317,-45.52811676277365,0.4856779166666666,1.0872821807861328,39.34663391113281,1.476784348487854
666,65087,-146.71633642958454,-45.42743312736938,0.4847279166666666,2.7640621662139893,32.574241638183594,3.0985145568847656
667,65187,-10.254087559491154,-44.70301046779485,0.48393625000000007,0.6881448030471802,41.48130416870117,1.0406219959259033
668,65253,4.534662335789122,-44.123636525486546,0.48341375,1.095468521118164,38.594947814941406,1.4678616523742676
669,65336,-94.45404487920803,-45.06937790002342,0.4827566666666667,1.1020750999450684,41.231319427490234,1.4943084716796875
670,65587,-107.22450651553193,-45.92653715619245,0.4807695833333333,2.195206642150879,26.994979858398438,2.574246883392334
671,65675,-65.42848486959177,-46.818509821015866,0.48007291666666674,1.601793646812439,42.796199798583984,1.9872477054595947
672,65753,-1.8372334231161034,-45.82014620842561,0.4794554166666667,2.1264820098876953,44.402076721191406,2.438305616378784
673,65875,-35.16266890523616,-45.304261919881185,0.47848958333333336,1.2990515232086182,38.68893814086914,1.6558650732040405
674,65949,6.372378077100848,-44.66782543338445,0.47790374999999996,0.828336238861084,35.78099822998047,1.1878433227539062
675,66041,-58.701532676041566,-44.094794085533024,0.47717541666666674,2.61069655418396,38.91524887084961,2.9904937744140625
676,66160,-7.53940817614658,-44.05827853408489,0.4762333333333334,2.6835296154022217,31.52826690673828,3.0641422271728516
677,66247,-47.22610158279044,-44.09675386911086,0.4755445833333334,3.833716869354248,45.44630432128906,4.167462348937988
678,67247,-108.76444493400257,-44.46986973822864,0.4676279166666667,2.057098627090454,26.82486343383789,2.457988977432251
679,67329,6.512785654947365,-43.92654596744474,0.46697875,0.39125365018844604,48.02446746826172,0.7201410531997681
680,67443,-35.82927281910908,-44.41948010802177,0.4660762500000001,1.0425548553466797,37.85570526123047,1.4430698156356812
681,67530,-25.852221008088364,-44.430656991219784,0.46538750000000007,2.6423349380493164,36.873939514160156,3.0093841552734375
682,67650,-51.786668714730325,-44.70751730826676,0.46443750000000006,2.3912320137023926,36.797691345214844,2.7484116554260254
683,67758,14.130013469516513,-44.60655795842409,0.4635825,3.005000114440918,37.42144012451172,3.4065136909484863
684,67856,-23.624138902570223,-43.801139115755625,0.4628066666666667,3.3815040588378906,25.779743194580078,3.76772141456604
685,67930,-29.684590095469645,-43.19084227778401,0.4622208333333333,1.1808936595916748,39.333160400390625,1.56145441532135
686,68237,-228.36123821767077,-44.65173203111053,0.45979041666666665,1.7951202392578125,35.40333557128906,2.20274019241333
687,68331,-40.12514471860892,-44.535609643460404,0.4590462500000001,1.600996732711792,21.706073760986328,1.9809801578521729
688,68425,-51.04317396865852,-44.74285280308764,0.45830208333333333,0.8840645551681519,40.930850982666016,1.2413618564605713
689,68525,14.22200330443924,-44.17968497709577,0.4575104166666667,2.211729049682617,20.634597778320312,2.57808780670166
690,68609,41.8763777898894,-43.292681095697446,0.45684541666666667,0.660000741481781,49.04151916503906,1.0356221199035645
691,68726,40.63119917006878,-42.77969908341198,0.45591916666666665,0.9966762065887451,43.715919494628906,1.379231333732605
692,68843,-100.42882808422235,-43.48836725317032,0.45499291666666664,4.778595924377441,31.00244140625,5.127721786499023
693,68948,-45.80413557984713,-43.474187616657545,0.4541616666666667,1.3334327936172485,47.03996276855469,1.7047245502471924
694,69052,3.7306597932439445,-43.07034093226287,0.4533383333333333,0.7110841274261475,43.47132110595703,1.0566411018371582
695,69562,-264.32056214572674,-44.96249516892331,0.44930083333333337,2.4411580562591553,32.1414680480957,2.804593563079834
696,69678,-62.809413220902584,-44.61612768657875,0.4483825,2.676952838897705,39.41931915283203,3.104163646697998
697,69796,-43.39888573072939,-44.710067414938806,0.44744833333333334,2.21875262260437,41.46109390258789,2.603076934814453
698,69911,-17.16051012823452,-43.91093886879536,0.44653791666666676,2.325807571411133,32.24651336669922,2.717122793197632
699,70000,-10.956591361662603,-43.34733290250996,0.4458333333333333,2.3651556968688965,34.67627716064453,2.741103410720825
700,70109,-32.70379934919218,-42.55584564071264,0.4449704166666667,0.9046024680137634,42.248016357421875,1.2471094131469727
701,70196,-25.067631257696505,-42.251998079803805,0.4442816666666667,2.1934854984283447,27.712501525878906,2.5325186252593994
702,71084,-187.1289698550315,-43.30975626779017,0.4372516666666667,1.1992249488830566,46.764198303222656,1.582516074180603
703,71166,-22.242463684033538,-42.97303362356683,0.4366025,1.3756630420684814,40.99116897583008,1.7605276107788086
704,71263,3.995684931778797,-42.66093557464936,0.43583458333333336,1.3984090089797974,27.605731964111328,1.7839186191558838
705,71371,-104.46783962462307,-43.52498474470779,0.4349795833333333,0.7379537224769592,41.16856002807617,1.0925908088684082
706,71469,20.57307120351905,-42.88444493670855,0.4342037500000001,2.737985372543335,29.0908203125,3.121330499649048
707,72095,-281.55556411193606,-45.13930641891339,0.42924791666666673,9.167593002319336,22.014301300048828,9.533474922180176
708,72203,9.277203167316301,-44.020416736189105,0.4283929166666667,1.9329841136932373,21.819534301757812,2.3096046447753906
709,72285,-53.20662045563294,-44.00846850427909,0.42774375,3.8509130477905273,31.912111282348633,4.228545188903809
710,72361,-24.41943838628498,-43.34385668322173,0.42714208333333337,2.4226276874542236,41.317962646484375,2.812781810760498
711,72477,-2.322216940528122,-42.93868712110446,0.42622375,1.6633185148239136,46.831878662109375,2.0473122596740723
712,72603,28.050781851198224,-42.161071712562936,0.42522625000000003,0.7144515514373779,55.57633590698242,1.0524258613586426
713,72716,-13.805780685067106,-42.425119662365844,0.42433166666666666,0.7889696359634399,38.239662170410156,1.183584451675415
714,72807,-23.328917756112247,-41.56322022110037,0.4236112500000001,0.6681891679763794,44.616859436035156,1.0146925449371338
715,72926,-167.32119082191423,-42.831701963156036,0.42266916666666665,2.8427205085754395,23.601219177246094,3.260143756866455
716,73039,29.06414709185097,-41.73967501146217,0.4217745833333334,1.5333713293075562,38.07392883300781,1.9282501935958862
717,73155,-82.39051826562992,-42.043135230135846,0.42085625000000004,1.4274804592132568,52.34943771362305,1.7951349020004272
718,73279,-14.494716427213419,-41.85301135738772,0.4198745833333334,0.7570233345031738,46.757789611816406,1.1234486103057861
719,73384,-12.365375515136535,-41.468749021299224,0.4190433333333333,1.247889518737793,46.843170166015625,1.6191840171813965
720,73466,12.862845433375028,-41.07049065192303,0.41839416666666673,2.1343162059783936,45.09825897216797,2.5277066230773926
721,73547,-49.17096015656662,-41.41579547253062,0.4177529166666667,0.7504295110702515,44.36683654785156,1.1249079704284668
722,73887,-127.96669707789637,-42.15020426966699,0.41506125000000005,2.617133617401123,35.220394134521484,3.013603687286377
723,73984,-20.561306524238802,-42.39816978813411,0.4142933333333333,2.265009880065918,26.441699981689453,2.6746935844421387
724,74124,-41.366265936788494,-42.28431336287058,0.413185,1.2429382801055908,47.91775894165039,1.6387321949005127
725,74229,-17.693334357014322,-41.96199230404428,0.4123537500000001,2.2919790744781494,33.27803039550781,2.696995258331299
726,74473,-122.15721516703879,-42.174016895254,0.4104220833333334,1.3349673748016357,45.6873779296875,1.699796438217163
727,74568,22.221269124637928,-41.69204720005918,0.4096700000000001,0.6632647514343262,56.424346923828125,1.0153405666351318
728,74687,-99.65045522551983,-42.55433919942234,0.40872791666666664,0.5453066229820251,51.90229034423828,0.9137165546417236
729,75045,-203.81840906457487,-44.87943793326041,0.40589375000000005,3.294342517852783,36.113800048828125,3.683335781097412
730,75128,-43.660092219622584,-45.56332017792751,0.4052366666666667,0.8606285452842712,51.97787094116211,1.1573882102966309
731,75223,-27.998248248772896,-46.14867520019802,0.40448458333333337,3.105184316635132,43.14137268066406,3.4814767837524414
732,75354,-150.63126353789264,-47.615967336083656,0.40344750000000007,3.824617624282837,36.99822998046875,4.224505424499512
733,75449,-17.209818383277067,-47.67456522895168,0.40269541666666675,5.9398345947265625,48.98945617675781,6.338566780090332
734,76449,-36.86135364914129,-48.22319637786119,0.39477875000000007,1.017106056213379,44.083953857421875,1.3571096658706665
735,76539,33.45574751793504,-47.2398266029447,0.39406625000000006,1.8469680547714233,39.30636978149414,2.220735788345337
736,76647,-16.162382831623347,-46.9140825674322,0.39321125,2.351318359375,36.55656433105469,2.7376675605773926
737,76750,-5.246135123862231,-46.85307057547669,0.3923958333333334,0.9892960786819458,24.406415939331055,1.364189624786377
738,77750,-6.055127167230996,-46.262657792962365,0.3844791666666667,1.2799382209777832,50.27660369873047,1.6296367645263672
739,78267,-118.48227401840568,-47.30108248475482,0.3803862499999999,1.8847825527191162,33.07044982910156,2.2809581756591797
740,78370,-61.69088087171198,-47.45955172862122,0.3795708333333333,1.5069677829742432,39.96164321899414,1.9353471994400024
741,78465,10.088638921953446,-47.251558200913614,0.3788187500000001,3.4084479808807373,52.50904846191406,3.8188910484313965
742,78555,41.4052987275862,-46.43147387873881,0.37810625,1.7227492332458496,38.29823303222656,2.1371755599975586
743,79166,-198.10254030999388,-48.48118581814407,0.37326916666666676,1.6590021848678589,28.830902099609375,2.094058036804199
744,79294,-43.782537853255405,-48.60486106486243,0.37225583333333345,2.5534310340881348,42.138824462890625,2.9240236282348633
745,79381,22.822742383907254,-48.621957691688976,0.3715670833333333,2.300797700881958,29.745391845703125,2.7098495960235596
746,79525,-146.16656600283068,-49.38841539190622,0.3704270833333334,3.107119083404541,37.58130645751953,3.516629219055176
747,80525,-28.365715203104543,-49.161186063039644,0.3625104166666667,1.9561820030212402,38.550392150878906,2.4001498222351074
748,80611,-47.01270667886875,-49.24507297890171,0.36182958333333337,2.3447980880737305,35.57594680786133,2.756443977355957
749,80731,-37.387838368403195,-49.342150858193875,0.36087958333333336,6.669095039367676,42.28125762939453,7.020364761352539
750,80850,-54.498517438691024,-49.77552500028409,0.3599375,2.2467875480651855,53.91766357421875,2.649782657623291
751,81082,-173.2475898790771,-50.63788415274375,0.3581008333333334,6.99220609664917,48.09217071533203,7.354920387268066
752,81487,-145.45846909390264,-51.68169955432398,0.35489458333333335,0.9542545676231384,48.272010803222656,1.3465704917907715
753,81563,-11.930012491518497,-51.092335028997965,0.3542929166666666,1.9622690677642822,34.18001174926758,2.357055902481079
754,81961,-120.18605064540185,-51.71845227534316,0.3511420833333334,5.191300392150879,35.5247688293457,5.561886310577393
755,82405,-137.67367916894455,-52.661428141493026,0.34762708333333336,1.5718421936035156,34.53877639770508,1.957527995109558
756,82518,-42.880534936237694,-52.60865324330294,0.3467325,4.399376392364502,45.00163269042969,4.793605327606201
757,83518,12.038914076362913,-51.69590418453016,0.3388158333333334,3.0604372024536133,40.60526657104492,3.4592783451080322
758,83931,-119.23981804566249,-52.4409536420805,0.33554625000000005,2.8197903633117676,35.72511672973633,3.2364840507507324
759,84038,15.311733087085457,-52.3360409405824,0.33469916666666666,3.0360589027404785,35.14434051513672,3.4732143878936768
760,84169,-34.23443798719413,-52.40212547110641,0.33366208333333336,2.0698559284210205,40.258079528808594,2.443861246109009
761,84751,-183.92919824291158,-53.757816392123196,0.3290545833333334,2.03005313873291,37.08418273925781,2.438730239868164
762,85001,-137.36301578638006,-54.385965398446444,0.32707541666666673,1.1105313301086426,49.874351501464844,1.4844988584518433
763,85119,25.985146247514365,-52.94823327188467,0.32614125000000005,0.7512193322181702,60.369598388671875,1.1110234260559082
764,85200,-43.91113493234185,-52.440114485955974,0.3255,1.305675745010376,49.20314407348633,1.6786662340164185
765,85319,-26.584573915983242,-52.4048912096387,0.32455791666666667,1.1207541227340698,56.63843536376953,1.5181243419647217
766,85415,10.567375418454574,-50.832054091158305,0.3237979166666667,3.9570910930633545,42.82028579711914,4.357903480529785
767,85531,-31.348062159726382,-51.042993837160665,0.32287958333333333,2.9819698333740234,51.26594161987305,3.380769968032837
768,85634,26.07356367594683,-50.82760482375908,0.3220641666666667,0.8711085319519043,56.48326873779297,1.2840557098388672
769,85730,-45.17394774233307,-50.334803852390344,0.3213041666666666,2.266836404800415,34.85145950317383,2.6456117630004883
770,86188,-115.63238001237573,-50.41888258735879,0.3176783333333334,1.9913660287857056,44.19891357421875,2.3437438011169434
771,86265,-6.583217276051698,-49.83042991142338,0.31706875,11.218891143798828,39.401947021484375,11.619622230529785
772,86349,-15.962054079052777,-49.97167811798275,0.3164037500000001,0.8889740705490112,47.74582290649414,1.2405980825424194
773,87265,-289.2790047232318,-52.51284147616269,0.3091520833333333,3.657175302505493,49.37604904174805,4.070695877075195
774,87422,-128.50688585523764,-53.86163411548608,0.3079091666666667,2.8306097984313965,33.748626708984375,3.2303249835968018
775,88422,-17.403741954299292,-53.44865620826866,0.2999925,1.9216609001159668,45.04411697387695,2.2950942516326904
776,88809,-155.76852960604737,-54.93094742256767,0.29692874999999996,2.2425835132598877,51.56829071044922,2.646979570388794
777,89255,-156.42890681548386,-56.022975474894594,0.2933979166666667,1.1826328039169312,51.28121566772461,1.5872920751571655
778,89593,-326.452586201044,-58.19985688756502,0.2907220833333334,2.956859827041626,42.42823791503906,3.373947858810425
779,89708,1.503277868310505,-58.249951965431386,0.2898116666666667,1.4402223825454712,50.59329605102539,1.8338335752487183
780,89796,-14.215861833096042,-58.03381785557125,0.289115,4.588359832763672,53.980491638183594,4.9628005027771
781,90796,77.16907870366326,-57.00360485845373,0.28119833333333333,5.623968124389648,58.83200454711914,6.0174102783203125
782,90891,-5.862021247955823,-56.54435838378598,0.28044625,3.140817165374756,53.81553649902344,3.536355495452881
783,91231,-70.60017312578012,-57.39166024973896,0.27775458333333336,1.11976957321167,54.65809631347656,1.4976348876953125
784,92231,36.118447048774854,-56.794234390225505,0.2698379166666667,2.968458652496338,39.42365264892578,3.4334006309509277
785,92320,45.50767941232806,-56.04231169514752,0.26913333333333334,4.100887775421143,41.57738494873047,4.533796310424805
786,92794,-176.08113006782068,-55.519510613649025,0.2653808333333334,5.455192565917969,62.616859436035156,5.883776664733887
787,92876,10.647198274115823,-55.01178718372178,0.2647316666666667,0.9926260113716125,46.731136322021484,1.418705701828003
788,92978,-5.713546588916415,-54.558490909924366,0.2639241666666666,2.032374143600464,39.650634765625,2.467327117919922
789,93071,18.081103263570043,-54.519899910333045,0.26318791666666674,3.016357660293579,45.51129913330078,3.401224374771118
790,93190,14.648112719739771,-54.792182561034544,0.2622458333333334,4.640707015991211,51.04557800292969,5.066715717315674
791,94190,120.6556205234201,-53.99193834750103,0.2543291666666667,2.964428424835205,55.03827667236328,3.353520154953003
792,94294,43.48025833514839,-52.552847483307325,0.25350583333333343,4.650969505310059,51.194580078125,5.018805980682373
793,95229,-220.89157266554093,-54.303721854164266,0.24610374999999995,1.018148422241211,49.1246223449707,1.4064407348632812
794,95883,259.26248249929847,-51.74840362710373,0.24092625,4.72524356842041,43.29521942138672,5.101640701293945
795,96883,45.63595788424426,-48.64883842680401,0.23300958333333344,4.264865398406982,50.8504638671875,4.662797927856445
796,97883,114.13853155287536,-46.87935897906624,0.22509291666666664,3.821072578430176,56.83629608154297,4.253786087036133
797,98883,64.15964056624853,-45.803773716096465,0.21717625000000007,2.0419857501983643,51.31663513183594,2.424368143081665
798,99883,70.42608889863774,-44.927907725827744,0.2092595833333334,5.003161430358887,43.1357536315918,5.392348289489746
799,100883,116.4621683285898,-43.653720128925215,0.2013429166666667,2.323784828186035,29.55889892578125,2.7448275089263916
800,100988,5.164971954929257,-43.275032415884,0.20051166666666664,6.1570515632629395,29.612457275390625,6.589777946472168
801,101988,70.05144866299408,-42.32384161667708,0.19259500000000007,6.658359527587891,45.69347381591797,7.070471286773682
802,102988,50.423324886975855,-39.94831866925701,0.1846783333333334,1.878663420677185,54.00414276123047,2.2939255237579346
803,103120,8.985378070136036,-39.636040251715315,0.18363333333333343,0.9508630037307739,46.834800720214844,1.3474323749542236
804,104120,108.93126628509944,-38.58668443818212,0.17571666666666663,4.5277605056762695,55.51804733276367,4.927607536315918
805,105120,84.33297782428895,-36.698676263692995,0.16780000000000006,5.257085800170898,68.88923645019531,5.672861099243164
806,106120,80.09344762646586,-36.10347249946352,0.15988333333333338,1.3536376953125,70.66315460205078,1.7770391702651978
807,106210,-5.648853268448505,-33.34440539102864,0.15917083333333337,5.219379425048828,52.3526725769043,5.6196208000183105
808,107210,152.1243649112394,-31.915933773589412,0.1512541666666667,2.175746440887451,59.769691467285156,2.623354434967041
809,108210,47.49216130734203,-30.908945955959666,0.1433375,4.755817413330078,54.60396194458008,5.159515857696533
810,109210,103.28952413151886,-29.63185633078163,0.13542083333333332,4.706449031829834,52.99425506591797,5.1332902908325195
811,110210,161.9538864658933,-27.989095296717416,0.12750416666666675,6.601162910461426,60.17657470703125,7.018865585327148
812,111097,266.57272220961113,-25.603875893133285,0.12048208333333332,5.536365509033203,55.876792907714844,5.948297500610352
813,111744,267.3526635133678,-22.79229145114893,0.11536000000000002,6.4827117919921875,62.97705841064453,6.885619163513184
814,112214,249.28500974786783,-20.06615217610913,0.11163916666666662,3.499854803085327,56.00369644165039,3.9233577251434326
815,113214,119.47742385092359,-17.19816602938076,0.10372250000000005,4.74893856048584,76.59562683105469,5.145479202270508
816,114214,11.757639141794192,-17.37123110888133,0.09580583333333337,3.6648988723754883,66.43965911865234,4.113513469696045
817,114610,260.41629184252645,-13.943163007799763,0.09267083333333337,2.1505684852600098,55.514549255371094,2.5318281650543213
818,115278,227.21823366271278,-11.526033506900497,0.08738250000000003,2.0981717109680176,50.435447692871094,2.5561556816101074
819,115801,226.14671873410424,-9.14091256440809,0.08324208333333338,2.453225612640381,55.224365234375,2.883570671081543
820,116332,211.97380067544583,-7.149803011987385,0.07903833333333332,0.938559889793396,76.50335693359375,1.2666683197021484
821,116638,250.1462369672493,-4.156631040749225,0.07661583333333344,2.783813238143921,63.13894271850586,3.1861331462860107
822,117360,227.49551741953982,-0.602008895774862,0.07090000000000007,0.722221851348877,62.24871826171875,1.09279465675354
823,118296,217.93686125173235,1.7829727819848509,0.06349000000000005,3.6386775970458984,55.856407165527344,4.038157939910889
824,119039,240.02807656336958,4.596916206986433,0.05760791666666665,2.849287986755371,66.23367309570312,3.1882271766662598
825,120039,-12.701053618198944,4.646839014374587,0.050000000000000044,1.04698646068573,70.11618041992188,1.4215404987335205
826,120368,247.99383478373005,8.348349513882274,0.050000000000000044,6.3912248611450195,51.824623107910156,6.812217712402344
827,121018,244.14803316665436,10.567617154302438,0.050000000000000044,1.652113676071167,51.293521881103516,2.0433597564697266
828,122018,66.78935902025799,12.232015296760217,0.050000000000000044,5.736775875091553,76.94351959228516,6.127812385559082
829,123018,9.007008405615755,14.360269471462123,0.050000000000000044,3.4645819664001465,62.3002815246582,3.8848204612731934
830,124018,-64.0836285377865,14.156034108280483,0.050000000000000044,2.178154468536377,62.7181396484375,2.586066722869873
831,124668,249.02877100338497,16.92630430080206,0.050000000000000044,1.523207187652588,75.42282104492188,1.9367315769195557
832,125668,-1.4492996332233732,18.418123939848755,0.050000000000000044,2.2987115383148193,65.21854400634766,2.6924843788146973
833,126668,-29.956033329523855,18.290661790386284,0.050000000000000044,2.8913519382476807,63.94454574584961,3.299192428588867
834,127335,227.55084262642185,20.934783753141918,0.050000000000000044,4.086716175079346,54.39586639404297,4.430575370788574
835,128335,171.14617651527425,22.31168804311531,0.050000000000000044,3.8708858489990234,69.01990509033203,4.24399471282959
836,129335,-17.255920303643087,22.300752668395113,0.050000000000000044,3.632213592529297,59.44875717163086,4.02001428604126
837,130335,-37.0380505206915,21.982833514426826,0.050000000000000044,2.2890639305114746,62.782142639160156,2.6618096828460693
838,131335,-21.221822605875175,21.83116656004038,0.050000000000000044,3.1342105865478516,62.8189582824707,3.4953575134277344
839,132219,197.43713513660248,24.990360651590457,0.050000000000000044,0.7840486764907837,60.075103759765625,1.1276257038116455
840,133219,-51.41926745968053,25.093076785710767,0.050000000000000044,5.774613380432129,60.69921875,6.172869682312012
841,134219,3.1417928571366813,25.023608325062604,0.050000000000000044,1.0300979614257812,68.53384399414062,1.4023211002349854
842,134521,285.7031509790891,27.46658684757763,0.050000000000000044,3.4415578842163086,54.01050567626953,3.8379454612731934
843,134711,248.6991864739842,31.934604115417418,0.050000000000000044,3.1440300941467285,60.77161407470703,3.498650074005127
844,135412,256.9287037706958,34.94171653165693,0.050000000000000044,4.662446975708008,66.31598663330078,5.05352258682251
845,135875,282.18833431385406,37.5353724509564,0.050000000000000044,1.269395351409912,62.66271209716797,1.6359753608703613
846,136875,62.9431496901015,39.62646960788573,0.050000000000000044,2.6937780380249023,58.5109748840332,3.0739378929138184
847,137739,230.27993999609376,42.2129261598777,0.050000000000000044,3.2748889923095703,67.06997680664062,3.7013602256774902
848,138691,262.6830811109928,45.30988403777633,0.050000000000000044,3.7119839191436768,60.864784240722656,4.0845255851745605
849,139691,150.8633901223902,47.19239632268426,0.050000000000000044,4.9381818771362305,57.42211151123047,5.356025695800781
850,140691,106.73361631018447,48.80471766017302,0.050000000000000044,4.293782711029053,69.1578598022461,4.6838154792785645
851,141691,46.888927608594464,51.00608283504973,0.050000000000000044,2.671985626220703,56.34129333496094,3.0690691471099854
852,142067,238.57144405191414,54.8463819665079,0.050000000000000044,1.5667721033096313,70.24217224121094,1.9346543550491333
853,142981,246.2953638976776,57.428635730399854,0.050000000000000044,2.9747886657714844,66.47943115234375,3.4104809761047363
854,143699,222.34972580760203,60.85399349492989,0.050000000000000044,3.4196488857269287,50.43513870239258,3.826333999633789
855,144515,201.72328372037427,64.24796312382308,0.050000000000000044,2.2839527130126953,70.36605834960938,2.6223552227020264
856,145049,293.1782232845294,67.60855070603077,0.050000000000000044,3.0048089027404785,50.416259765625,3.3611130714416504
857,145411,274.0046094034323,70.22820765930145,0.050000000000000044,2.718104362487793,58.630882263183594,3.069268226623535
858,146411,118.08550398118791,72.60146087956996,0.050000000000000044,2.231222629547119,67.06501770019531,2.61061692237854
859,147411,125.81343223519801,73.70647787105106,0.050000000000000044,4.375392436981201,53.382877349853516,4.7334160804748535
860,148212,194.76776889351274,75.99649993985813,0.050000000000000044,0.8027101755142212,64.79212951660156,1.1566137075424194
861,148912,212.6455827372053,79.96224774965931,0.050000000000000044,2.7651679515838623,59.30418014526367,3.1811275482177734
862,149912,125.7992525286816,82.59387043280992,0.050000000000000044,3.230268716812134,67.85211944580078,3.5988380908966064
863,150226,225.34621968344015,84.58748116716919,0.050000000000000044,2.6539342403411865,64.74014282226562,3.0780603885650635
864,150645,239.74216313913755,87.42401414788397,0.050000000000000044,2.831130027770996,67.15167999267578,3.160600185394287
865,151139,244.82320073791186,90.13809189442293,0.050000000000000044,4.492822170257568,57.82223129272461,4.9141526222229
866,151834,230.7734890800818,92.34015303103921,0.050000000000000044,1.2749578952789307,60.64483642578125,1.6482112407684326
867,152451,253.90372216657164,95.19267087430217,0.050000000000000044,1.0977177619934082,65.24667358398438,1.4466756582260132
868,153451,-10.774648110510242,94.82418875643762,0.050000000000000044,2.8820853233337402,62.67426681518555,3.235238790512085
869,154404,142.94802799916528,96.7054085138526,0.050000000000000044,10.23061466217041,52.38206100463867,10.617968559265137
870,154847,251.18717776802953,100.37360409165666,0.050000000000000044,1.0752677917480469,65.50386810302734,1.444106101989746
871,155737,172.47011459320578,102.16413741034923,0.050000000000000044,2.5209455490112305,60.727664947509766,2.9131109714508057
872,156737,29.553686702715385,102.61929481816689,0.050000000000000044,1.008936882019043,60.65007019042969,1.353433609008789
873,157520,195.79970737281843,107.4700819391274,0.050000000000000044,3.471712112426758,57.71730422973633,3.8825297355651855
874,158520,14.925891075587076,108.90440970843564,0.050000000000000044,1.417586088180542,64.7767333984375,1.7359718084335327
875,159520,-11.53011777084958,108.96314595027016,0.050000000000000044,0.925182044506073,70.80097961425781,1.2880189418792725
876,160520,-9.898297521184729,110.42184827111878,0.050000000000000044,1.8646000623703003,62.2684326171875,2.19339656829834
877,161017,248.0249660611716,114.46638699988534,0.050000000000000044,1.8167517185211182,49.08863067626953,2.187389612197876
878,161601,235.6522142111084,120.08743500400688,0.050000000000000044,0.8257521986961365,57.9429817199707,1.1756447553634644
879,162601,91.38318809947808,120.98623410631855,0.050000000000000044,1.3510479927062988,58.17854690551758,1.725492238998413
880,163601,3.422996884372565,121.16262269349323,0.050000000000000044,3.572237014770508,56.094398498535156,3.9262709617614746
881,164601,87.98476520991069,121.27077955855567,0.050000000000000044,3.3218846321105957,49.77473449707031,3.657644748687744
882,165097,260.60194683620955,123.93541923939736,0.050000000000000044,1.4866347312927246,55.420570373535156,1.8449647426605225
883,165361,247.94206104893883,127.12084158114455,0.050000000000000044,0.5593206882476807,50.793601989746094,0.9794251918792725
884,165500,10.599629755394886,126.86565340821075,0.050000000000000044,3.466651678085327,56.011714935302734,3.8703067302703857
885,166500,70.92904448649121,127.11986705895238,0.050000000000000044,1.246830940246582,54.59999465942383,1.6047354936599731
886,167500,55.251234309375945,129.43319070272435,0.050000000000000044,1.2681217193603516,63.91287612915039,1.5898184776306152
887,167867,235.9841118803318,131.6865598387865,0.050000000000000044,9.06847095489502,42.266658782958984,9.394655227661133
888,168867,127.22261251977542,133.01592142987343,0.050000000000000044,1.668053388595581,67.10242462158203,2.049811840057373
889,169867,92.76561660811248,133.76276656331885,0.050000000000000044,2.991037368774414,50.384132385253906,3.3282384872436523
890,170642,207.3639116623491,135.68992455274494,0.050000000000000044,0.8950788974761963,61.266212463378906,1.2616506814956665
891,171642,156.74003318024612,136.0507686793132,0.050000000000000044,1.7140049934387207,45.31694412231445,2.0137200355529785
892,172642,-39.34756763852548,135.22249041957642,0.050000000000000044,3.019676685333252,52.60535430908203,3.3756675720214844
893,173100,228.11260247813823,139.71253217101324,0.050000000000000044,3.1957335472106934,51.281288146972656,3.531933069229126
894,174071,155.07620424316093,138.67066938845187,0.050000000000000044,1.033220648765564,50.84272003173828,1.3871546983718872
895,174590,287.5730126540566,141.09003993615,0.050000000000000044,1.41306471824646,51.457496643066406,1.7719395160675049
896,175039,270.9712680744884,142.65836730136613,0.050000000000000044,1.6638131141662598,50.55181121826172,2.0092623233795166
897,176039,23.215524180411652,142.24892613750774,0.050000000000000044,0.500857949256897,46.819580078125,0.8959921002388
898,176520,257.4420562027623,144.119085810549,0.050000000000000044,1.6990410089492798,50.86114501953125,2.0331978797912598
899,176867,244.5496922240968,145.39996104950407,0.050000000000000044,6.57796573638916,46.77620315551758,6.890235900878906
900,177865,228.4785182666636,147.63309651262142,0.050000000000000044,0.732990026473999,45.60483932495117,1.034234881401062
901,178726,251.46851370750002,149.44726716306647,0.050000000000000044,0.5081337690353394,48.54098892211914,0.827027440071106
902,179514,206.31389050689876,151.0061728192657,0.050000000000000044,0.8595349788665771,44.937583923339844,1.1493241786956787
903,180514,184.4164923291987,152.76048396185632,0.050000000000000044,3.0193538665771484,51.734352111816406,3.4091155529022217
904,180770,-2.912439762977428,151.64204690137555,0.050000000000000044,0.5693965554237366,47.29944610595703,0.8940798044204712
905,181037,222.0627225178735,153.0193443483114,0.050000000000000044,1.998306155204773,51.11540985107422,2.3544058799743652
906,181177,38.06474024118339,152.5990572744586,0.050000000000000044,2.0148463249206543,55.927520751953125,2.2843005657196045
907,181582,252.67652873586786,155.18231109450176,0.050000000000000044,1.2066049575805664,49.801910400390625,1.533447265625
908,181705,50.23666419498417,154.1634340873392,0.050000000000000044,0.5582619905471802,53.238189697265625,0.8730668425559998
909,182026,265.58228023593995,156.34433527662517,0.050000000000000044,0.32373833656311035,51.519203186035156,0.716211199760437
910,183026,146.15663154871308,156.7730063507971,0.050000000000000044,1.4466373920440674,44.40453338623047,1.780121922492981
911,184026,172.43145880438854,156.87778207418208,0.050000000000000044,2.403733253479004,47.355838775634766,2.6846582889556885
912,185026,180.5601854985888,156.01765670707184,0.050000000000000044,1.216601014137268,51.776512145996094,1.6338610649108887
913,185817,273.75676520418017,156.08169772397997,0.050000000000000044,1.4522716999053955,49.479827880859375,1.7788264751434326
914,185926,59.546498824866546,154.18431261474996,0.050000000000000044,0.7070958018302917,48.415283203125,1.0171231031417847
915,186655,260.6221642239474,155.59576001848018,0.050000000000000044,0.907399594783783,46.58868408203125,1.2517671585083008
916,187303,249.43649856000508,157.97254861266228,0.050000000000000044,0.8375922441482544,50.35818862915039,1.12593674659729
917,188135,244.02583954422892,157.80864408967932,0.050000000000000044,0.8269764184951782,54.399497985839844,1.130481243133545
918,188447,239.08537507221962,157.9273155037744,0.050000000000000044,0.6998280882835388,49.75877380371094,1.0111875534057617
919,188726,253.30830256580052,158.19893134209136,0.050000000000000044,3.0570485591888428,54.11168670654297,3.387411117553711
920,189726,158.3173820703584,157.66236715604046,0.050000000000000044,0.7375316619873047,38.473411560058594,1.0323987007141113
921,190726,145.433574183616,156.61524052820414,0.050000000000000044,0.7007535696029663,51.61354064941406,1.0664618015289307
922,190935,260.7089386848626,156.94737474085736,0.050000000000000044,1.1129060983657837,50.56534194946289,1.4314398765563965
923,191416,225.00608954732763,157.0180670238133,0.050000000000000044,2.797917127609253,51.3101921081543,3.0809783935546875
924,192251,232.67162884793672,156.94450254665898,0.050000000000000044,0.4859617352485657,49.489112854003906,0.8401082158088684
925,192463,226.395716422811,159.33547024706908,0.050000000000000044,2.5275251865386963,46.72593688964844,2.812915802001953
926,192887,293.4779536180629,159.79031143541243,0.050000000000000044,1.0821226835250854,48.99866485595703,1.4062776565551758
927,193887,181.23079650045275,159.1611390687504,0.050000000000000044,0.9227057695388794,49.81841278076172,1.2054908275604248
928,194144,251.28044349096908,161.0060499134575,0.050000000000000044,1.5400736331939697,49.111209869384766,1.8227953910827637
929,194235,17.88866074069375,161.09486643680827,0.050000000000000044,1.422456979751587,47.79930877685547,1.7069530487060547
930,194360,28.11017981012364,162.0168045202874,0.050000000000000044,1.3366103172302246,47.463172912597656,1.668519139289856
931,194544,39.796873107844505,159.924485541332,0.050000000000000044,1.861767053604126,50.74350357055664,2.2004754543304443
932,195544,166.04686245148906,161.59944716217913,0.050000000000000044,2.7704503536224365,46.91697692871094,3.0596656799316406
933,196144,246.4307221186875,164.36331471666125,0.050000000000000044,2.259106397628784,49.85328674316406,2.54241943359375
934,196494,269.1929858007619,164.77973614840465,0.050000000000000044,1.5579109191894531,50.11191177368164,1.9461849927902222
935,196987,236.30161940611328,165.43129057731304,0.050000000000000044,1.1836912631988525,45.18982696533203,1.4532843828201294
936,197828,229.77916055105953,167.9016413858601,0.050000000000000044,0.22792840003967285,55.93524169921875,0.5129880905151367
937,198276,264.00701872458944,170.9120920783129,0.050000000000000044,1.1356748342514038,45.410064697265625,1.4716099500656128
938,199276,145.89713140423132,172.58328161841396,0.050000000000000044,0.9008285999298096,45.51960754394531,1.1843626499176025
939,200276,139.20196561512492,172.00092992319915,0.050000000000000044,0.7779525518417358,48.19291687011719,1.1663072109222412
940,201276,163.0345946811775,174.1454685446077,0.050000000000000044,0.5487771034240723,41.97514343261719,0.8876644372940063
941,202276,120.67954245860275,175.32084604062234,0.050000000000000044,0.7951995134353638,44.56367111206055,1.0623736381530762
942,202552,281.7579039567577,175.28139357039905,0.050000000000000044,0.2710949778556824,49.9294548034668,0.5419936180114746
943,202661,41.340226706557104,173.20780397272475,0.050000000000000044,1.3388835191726685,42.71867370605469,1.6170144081115723
944,203661,163.51845979058595,172.27370153292367,0.050000000000000044,0.7095680832862854,47.36480712890625,0.9854077696800232
945,203907,227.63946836579763,171.7282128734431,0.050000000000000044,0.1883242279291153,44.85003662109375,0.4235779643058777
946,204907,133.5220563891324,172.43400194043343,0.050000000000000044,0.1966598927974701,41.69176483154297,0.4522330164909363
947,205203,278.987540693415,172.92107794740662,0.050000000000000044,0.18243446946144104,51.59638214111328,0.44091182947158813
948,205333,28.4275811264975,170.57852294756165,0.050000000000000044,0.7610927224159241,43.581085205078125,1.0708942413330078
949,206285,260.23666308588525,171.6722556771966,0.050000000000000044,0.18583005666732788,46.95425796508789,0.4300505816936493
950,206422,58.2002209200746,171.18692172329557,0.050000000000000044,0.7561980485916138,44.830284118652344,1.0441511869430542
951,207422,144.0262805691693,172.1582952529013,0.050000000000000044,0.6813446283340454,41.17613983154297,1.0155247449874878
952,207576,7.250255121758258,169.84508336359977,0.050000000000000044,0.2044597864151001,45.10918045043945,0.44507843255996704
953,207876,262.50971112872924,170.00722683591027,0.050000000000000044,0.21697920560836792,41.22671890258789,0.5008939504623413
954,208013,15.356423268505978,167.9372938105193,0.050000000000000044,0.8015415668487549,43.26014709472656,1.0413451194763184
955,208101,-4.21796330442686,165.87788134027127,0.050000000000000044,2.096129894256592,46.6094970703125,2.371260166168213
956,208217,-48.88224821998492,162.45727662522614,0.050000000000000044,0.2944146692752838,45.89215850830078,0.5778868794441223
957,208295,4.230284277769769,159.7595333739695,0.050000000000000044,0.20966961979866028,49.05412292480469,0.5044846534729004
958,208456,54.83702813145541,159.12704861547218,0.050000000000000044,0.8337493538856506,42.99515151977539,1.1175801753997803
959,208805,274.9255186919185,160.61816948003937,0.050000000000000044,1.099317193031311,50.088134765625,1.3678245544433594
960,208911,27.524804691767216,158.94573983802195,0.050000000000000044,1.0495777130126953,42.10707092285156,1.3365018367767334
961,209078,34.489733555338745,157.16418134620326,0.050000000000000044,0.7588564157485962,42.48358917236328,1.0058529376983643
962,209222,23.091831203966763,156.13710713295615,0.050000000000000044,5.244494915008545,44.27566146850586,5.588377475738525
963,209303,-3.4540307884997787,153.84910462823674,0.050000000000000044,0.1532522439956665,45.94435119628906,0.38882049918174744
964,210303,164.81828562829938,153.09986585312836,0.050000000000000044,1.142457365989685,42.618202209472656,1.3815735578536987
965,210375,-23.80816998085122,150.4135521459407,0.050000000000000044,1.6211317777633667,43.18659210205078,1.996018648147583
966,210597,10.514536044892225,148.2109626155888,0.050000000000000044,4.195538520812988,44.802276611328125,4.491969108581543
967,210740,58.11150389027242,146.25304043282583,0.050000000000000044,1.1310468912124634,45.64263153076172,1.4238566160202026
968,210969,266.8191663504439,149.02897857743537,0.050000000000000044,0.9535263776779175,44.05979537963867,1.3228843212127686
969,211574,253.824633873855,150.13774463618228,0.050000000000000044,0.20052357017993927,44.735443115234375,0.53172767162323
970,211653,36.23386309332892,147.98821148943526,0.050000000000000044,0.12694892287254333,43.18876647949219,0.3442033529281616
971,211747,6.705398463145741,146.33056432813467,0.050000000000000044,0.3338874280452728,47.140472412109375,0.6157562136650085
972,211865,54.83173611435663,146.58334482225106,0.050000000000000044,0.8541661500930786,44.00806427001953,1.1161082983016968
973,212865,149.268896111377,146.11803670963664,0.050000000000000044,0.12612511217594147,44.54058074951172,0.3985014259815216
974,213493,280.2340301097154,148.77111809997794,0.050000000000000044,0.5068385601043701,44.93989562988281,0.7963067889213562
975,213626,49.6230410910874,149.3826496885973,0.050000000000000044,1.576736330986023,45.56523132324219,1.843860387802124
976,213705,32.784922503017015,149.80948188883931,0.050000000000000044,1.1784451007843018,41.72531509399414,1.452676773071289
977,214505,281.0606166948443,150.13983839517604,0.050000000000000044,3.323547601699829,39.299530029296875,3.6144537925720215
978,214759,277.59852547778496,150.5593015078428,0.050000000000000044,0.4731879234313965,50.57823944091797,0.731390655040741
979,214890,36.6914972086212,150.01238459893423,0.050000000000000044,1.0337574481964111,51.37608337402344,1.4271502494812012
980,215463,253.89871961135066,152.517141826204,0.050000000000000044,1.2741550207138062,42.9217529296875,1.5908000469207764
981,215575,43.756089378728944,152.07485506789217,0.050000000000000044,0.4753307104110718,40.722900390625,0.7688968777656555
982,216573,238.43655230576937,151.85320112258782,0.050000000000000044,1.2037818431854248,39.16146469116211,1.4928451776504517
983,216934,280.0884012773097,152.1746645248715,0.050000000000000044,1.1303046941757202,46.217857360839844,1.431713581085205
984,217019,-16.024420969882556,151.90842401761876,0.050000000000000044,0.8966786861419678,40.78899383544922,1.2476011514663696
985,218019,50.07797307988714,151.6999133035527,0.050000000000000044,1.3092572689056396,43.49542999267578,1.5569401979446411
986,218143,3.193347968334109,151.1793344401423,0.050000000000000044,0.24508801102638245,48.335838317871094,0.48964834213256836
987,219143,186.7882787246731,150.6873761085857,0.050000000000000044,0.2587331533432007,42.84483337402344,0.5545286536216736
988,220026,268.894770060887,152.10409768399683,0.050000000000000044,0.11180764436721802,42.04945373535156,0.3218232989311218
989,220983,248.0965794603951,153.65740731251964,0.050000000000000044,0.18738682568073273,43.202735900878906,0.5075215697288513
990,221385,255.65825641258454,154.14035076002202,0.050000000000000044,1.2690509557724,43.05522918701172,1.516789197921753
991,221514,34.806671694592524,152.92101714516545,0.050000000000000044,1.1239798069000244,43.23875427246094,1.463771104812622
992,222158,287.5225531885136,156.18971835343584,0.050000000000000044,0.2387664020061493,40.422080993652344,0.5407396554946899
993,222288,70.55677661328582,154.61416009478734,0.050000000000000044,0.13733693957328796,47.05202102661133,0.3960512578487396
994,222416,31.10101364243289,153.37440818878005,0.050000000000000044,0.2256271243095398,36.92158889770508,0.45489418506622314
995,222558,48.266240730091596,150.9813404695404,0.050000000000000044,0.9518728852272034,40.72686004638672,1.2091987133026123
996,222673,16.487380993672602,148.43650159873224,0.050000000000000044,0.2583083510398865,43.12163543701172,0.4982145428657532
997,222808,42.241245887848805,148.6267588158066,0.050000000000000044,0.2572764754295349,51.083396911621094,0.5098890066146851
998,223094,298.8654845748757,149.04099309952775,0.050000000000000044,0.9407104253768921,47.573524475097656,1.317610502243042
999,224094,-69.34454496640446,145.90205072762274,0.050000000000000044,1.1478581428527832,39.760414123535156,1.4022666215896606
1000,224194,77.40385188184888,144.39130406377456,0.050000000000000044,0.38396957516670227,35.968807220458984,0.638229250907898
1001,224319,34.186901960377185,142.21848794630333,0.050000000000000044,1.360351324081421,42.80646896362305,1.6445890665054321
1002,225319,147.36318295358168,141.6289808707702,0.050000000000000044,1.9013628959655762,41.76139450073242,2.1779963970184326
1003,225436,57.24974985561448,140.35731344603437,0.050000000000000044,0.9773610830307007,40.066612243652344,1.2480864524841309
1004,225583,45.14518520304753,140.8378896956946,0.050000000000000044,0.6255004405975342,41.56854248046875,0.8679603338241577
1005,225715,86.35309292982319,139.48079339981413,0.050000000000000044,1.8536627292633057,51.16535186767578,2.150804281234741
1006,225797,68.92577299317477,139.78940372733402,0.050000000000000044,0.2538558542728424,48.905296325683594,0.4856072962284088
1007,225923,63.56498884223018,137.89828832839763,0.050000000000000044,1.3659169673919678,43.7376708984375,1.6422308683395386
1008,226302,287.02697227859136,140.2661914092337,0.050000000000000044,0.2392173707485199,37.38241195678711,0.4726247191429138
1009,226410,14.866525420623304,137.75903386108052,0.050000000000000044,2.832162618637085,38.80642318725586,3.1261610984802246
1010,226714,221.8647423399448,138.51611496899284,0.050000000000000044,0.16397126019001007,51.207942962646484,0.40136414766311646
1011,227570,274.92746705910474,139.54107505154,0.050000000000000044,1.3243396282196045,49.609535217285156,1.6075925827026367
1012,227745,31.078948022737677,138.04626267678148,0.050000000000000044,0.7940428853034973,42.19329833984375,1.0725191831588745
1013,227841,39.652656256842306,135.7052215873081,0.050000000000000044,0.836259663105011,38.241241455078125,1.057497262954712
1014,228674,279.4797602747625,137.90455420180706,0.050000000000000044,0.3285254240036011,38.787574768066406,0.5534768104553223
1015,228788,16.946638570495026,135.46779894527253,0.050000000000000044,0.6625680327415466,53.53615188598633,0.9547979235649109
1016,228888,12.24165742324098,133.0958505339049,0.050000000000000044,0.2381799966096878,47.99807357788086,0.5168060660362244
1017,229049,43.2940024571615,131.08853216303424,0.050000000000000044,1.426886796951294,40.341888427734375,1.6865108013153076
1018,229156,3.9894766009933136,128.73757317832198,0.050000000000000044,0.6905596852302551,54.46562957763672,0.9642465114593506
1019,229294,22.681628244996446,126.43130643511392,0.050000000000000044,0.23458939790725708,44.54383087158203,0.5512491464614868
1020,230294,-41.434605678343495,124.43378655762693,0.050000000000000044,0.07344834506511688,39.275779724121094,0.2709529995918274
1021,230462,45.99106918318748,123.43936150762264,0.050000000000000044,0.9080279469490051,38.99694061279297,1.1681979894638062
1022,230574,72.69372710628153,121.55920939183684,0.050000000000000044,0.15776745975017548,38.61420822143555,0.419921338558197
1023,230680,-26.01392108409651,119.0490092855226,0.050000000000000044,0.3539458215236664,42.70597839355469,0.7017455101013184
1024,230788,26.660570479307367,116.98889870183632,0.050000000000000044,0.15793417394161224,40.163150787353516,0.4337098300457001
1025,231788,162.3823305255424,116.3487648428636,0.050000000000000044,0.19205990433692932,40.311126708984375,0.5048006772994995
1026,231942,21.46230523258417,113.62860835900884,0.050000000000000044,0.13233739137649536,39.694793701171875,0.33832424879074097
1027,232065,11.653441488578864,111.9328348088901,0.050000000000000044,0.16567650437355042,47.154762268066406,0.38875579833984375
1028,232161,22.552034049913203,109.64555071447954,0.050000000000000044,0.6563327312469482,40.21422576904297,0.9564278721809387
1029,232328,12.139392295966488,109.58805803003229,0.050000000000000044,0.4080461263656616,39.36516571044922,0.6647045612335205
1030,232450,34.61328112395552,109.65308904317058,0.050000000000000044,0.16070447862148285,40.62363815307617,0.3907337188720703
1031,232541,8.9691873726007,109.34481218581814,0.050000000000000044,0.16621807217597961,50.06555938720703,0.42917340993881226
1032,232622,-1.5495623607186388,107.66884793769606,0.050000000000000044,0.4908738136291504,42.46734619140625,0.7651612162590027
1033,232753,9.082684688314401,105.29536756339232,0.050000000000000044,0.11706960201263428,45.909027099609375,0.3452431261539459
1034,232867,23.811955751084582,102.84155726289556,0.050000000000000044,0.6768746376037598,43.527366638183594,0.9088163375854492
1035,232981,27.59168972777978,100.75445796611223,0.050000000000000044,0.5957031846046448,48.67442321777344,0.8975902795791626
1036,233098,-23.676912658725286,98.21989723401437,0.050000000000000044,1.228959321975708,45.99284744262695,1.4783568382263184
1037,233228,29.519843797751093,95.87502548474599,0.050000000000000044,0.20649904012680054,47.68960952758789,0.46760645508766174
1038,233334,-10.836212537138309,94.30769204533227,0.050000000000000044,0.21893715858459473,45.688716888427734,0.4712078273296356
1039,233429,-0.6793149171393793,92.90887924000963,0.050000000000000044,0.10696155577898026,45.63714599609375,0.40084975957870483
1040,233525,18.775380689769463,91.46628710009554,0.050000000000000044,1.6250886917114258,47.28316879272461,1.8913999795913696
1041,233608,-4.0032695559986,90.21945897994956,0.050000000000000044,0.13976919651031494,42.160743713378906,0.3672301471233368
1042,233694,32.42261672141379,87.72610610759611,0.050000000000000044,1.3548150062561035,43.049617767333984,1.5979671478271484
1043,233801,32.21541075591057,87.63485794808966,0.050000000000000044,0.9323835372924805,46.95302963256836,1.1985528469085693
1044,233887,1.1514774132477612,86.01118812431629,0.050000000000000044,0.7714838981628418,42.92259979248047,0.981208324432373
1045,234001,12.043037597020444,83.85522381662854,0.050000000000000044,0.6563226580619812,45.47856521606445,0.8926165103912354
1046,234077,35.348286259850454,82.8734861153357,0.050000000000000044,1.3990871906280518,49.33230972290039,1.6738979816436768
1047,234191,-21.79442988977759,79.86566640950376,0.050000000000000044,1.0909448862075806,50.697486877441406,1.455777883529663
1048,234314,34.93216918288695,79.93071229006765,0.050000000000000044,0.14020080864429474,41.39128494262695,0.3400847911834717
1049,234425,4.923338472683071,77.37757904393563,0.050000000000000044,0.9549605250358582,37.96833801269531,1.274072527885437
1050,234546,18.470718618236276,76.98028402091724,0.050000000000000044,1.7910850048065186,43.82487869262695,2.080697536468506
1051,234853,234.4294967354144,77.8843161825797,0.050000000000000044,0.28519850969314575,43.9094352722168,0.5552499890327454
1052,234984,53.221905478039986,78.3440326861425,0.050000000000000044,0.9645707011222839,45.23857116699219,1.2308921813964844
1053,235061,4.766997609690705,75.76660555095212,0.050000000000000044,3.108428478240967,43.10276794433594,3.4011058807373047
1054,235169,36.68790655726349,75.97992038383971,0.050000000000000044,0.8511127829551697,44.3282470703125,1.149215579032898
1055,235314,26.430823097882865,76.2864082478628,0.050000000000000044,1.4055349826812744,48.18682098388672,1.6677862405776978
1056,235416,42.62527009686693,77.20148343103133,0.050000000000000044,0.2808258533477783,45.466827392578125,0.5127954483032227
1057,235527,30.405486753828285,77.4632354557919,0.050000000000000044,1.053779125213623,46.67176055908203,1.311171054840088
1058,235621,28.10654985682052,77.19593067304555,0.050000000000000044,1.0309975147247314,45.01804733276367,1.2848093509674072
1059,236232,304.4805346580383,77.49148083270674,0.050000000000000044,0.5987971425056458,41.192230224609375,0.8225427865982056
1060,236338,32.56312416737268,77.5418640274628,0.050000000000000044,0.16154301166534424,44.83918762207031,0.42627936601638794
1061,236718,292.80324901236156,80.12499918203304,0.050000000000000044,1.1828320026397705,40.03472900390625,1.400739073753357
1062,236819,-4.350373026880149,79.85057713972456,0.050000000000000044,0.5826370120048523,38.19819259643555,0.7986330986022949
1063,237134,16.678827886613576,80.0519057264757,0.050000000000000044,2.751795530319214,48.28546905517578,2.9881911277770996
1064,237204,20.965272806218906,78.61337559825489,0.050000000000000044,0.39525389671325684,53.28985595703125,0.7097518444061279
1065,237281,5.874696866552142,78.91020426672893,0.050000000000000044,0.789604663848877,36.162872314453125,1.1591036319732666
1066,237396,40.2292192664745,79.20735109894474,0.050000000000000044,0.20412936806678772,54.218814849853516,0.52257239818573
1067,237470,4.789650984701652,78.67413256988904,0.050000000000000044,0.1580357849597931,50.75225830078125,0.5024256706237793
1068,237571,3.8898394953275783,76.04483930133787,0.050000000000000044,0.7573433518409729,45.972999572753906,1.0755794048309326
1069,237680,-1.6006783534252946,73.49058617906509,0.050000000000000044,1.4384829998016357,47.746971130371094,1.6642189025878906
1070,237765,15.861858804446442,73.28686613617626,0.050000000000000044,0.3358898162841797,51.929874420166016,0.5816179513931274
1071,237841,17.664937471512914,73.39646152625993,0.050000000000000044,0.7326931953430176,52.915077209472656,0.9714012742042542
1072,238070,24.18562474829767,73.09000041259932,0.050000000000000044,0.6521613597869873,40.76100158691406,0.894791305065155
1073,238154,-29.63464332470228,71.30096501823853,0.050000000000000044,0.23602323234081268,42.82701110839844,0.4486280679702759
1074,238272,-26.620570201902723,68.23241901512236,0.050000000000000044,0.47301092743873596,49.84806823730469,0.7448292970657349
1075,238378,-39.56210102259351,67.34056759398555,0.050000000000000044,0.13557085394859314,51.8919677734375,0.4471048414707184
1076,238463,17.843419857979384,67.19115256753518,0.050000000000000044,0.9772419929504395,44.756771087646484,1.2490975856781006
1077,238541,-37.72161342611973,64.00333026632555,0.050000000000000044,0.17056569457054138,47.81346130371094,0.4041546583175659
1078,238652,15.138904441089181,61.37873405595858,0.050000000000000044,1.9347375631332397,35.64312744140625,2.162813425064087
1079,238743,-27.537643207835032,60.73644265179402,0.050000000000000044,0.286927729845047,48.6587028503418,0.510951042175293
1080,238838,-10.710339655455428,58.09035205912596,0.050000000000000044,0.2548421621322632,46.443119049072266,0.5085192918777466
1081,238953,8.785179037631309,57.74064295571498,0.050000000000000044,0.351046621799469,45.665771484375,0.5581169128417969
1082,239070,25.354672463161734,55.609824157288905,0.050000000000000044,0.15362444519996643,52.73890686035156,0.40100741386413574
1083,239140,-18.5852288050247,52.62308785646556,0.050000000000000044,1.3663307428359985,48.06865310668945,1.6077347993850708
1084,239211,46.090604610681396,53.244238112271205,0.050000000000000044,1.0197175741195679,45.33797836303711,1.2652335166931152
1085,239349,-0.7483952325251408,52.73597442914707,0.050000000000000044,0.5188571810722351,40.70912551879883,0.7379652857780457
1086,239471,-27.523791490958956,52.42880303455415,0.050000000000000044,2.8197145462036133,49.184913635253906,3.1104226112365723
1087,239619,44.31106945134712,51.00403094182087,0.050000000000000044,0.6411358118057251,44.372108459472656,0.8988802433013916
1088,239702,-28.11064232497,48.03397681796231,0.050000000000000044,0.2577725350856781,44.748619079589844,0.5207553505897522
1089,239811,30.76281553174354,45.860639178675804,0.050000000000000044,0.23340441286563873,49.013240814208984,0.5856068134307861
1090,239913,12.414062694783595,43.428197241497784,0.050000000000000044,0.24853666126728058,40.72600173950195,0.47849908471107483
1091,240059,-7.486796456495611,43.0052625599869,0.050000000000000044,0.14672930538654327,54.21269989013672,0.43375104665756226
1092,240425,302.62726483896495,43.156309676491425,0.050000000000000044,2.7447524070739746,49.129150390625,3.028341293334961
1093,240536,16.30769728580863,42.61381888321665,0.050000000000000044,0.7275633215904236,48.959957122802734,1.0311561822891235
1094,240641,9.19845588242248,42.39479330561655,0.050000000000000044,1.2983992099761963,50.3450813293457,1.657912254333496
1095,240786,-10.1669162778866,41.81046173553678,0.050000000000000044,0.5113391280174255,50.08803176879883,0.7976792454719543
1096,240880,-17.296058942157586,41.472627336178476,0.050000000000000044,0.6980760097503662,44.07709503173828,0.9353528618812561
1097,240990,-3.061860764965246,41.019596269650336,0.050000000000000044,0.590552806854248,47.66004943847656,0.8315353393554688
1098,241068,42.304498511044244,38.453986409012,0.050000000000000044,0.6412395238876343,46.04927444458008,0.8496886491775513
1099,241181,-2.3351840992426816,39.124080017683625,0.050000000000000044,0.8817322850227356,45.86473083496094,1.1857563257217407
1100,241276,24.406476877771553,38.59410626764284,0.050000000000000044,0.26300469040870667,42.68193054199219,0.5961949825286865
1101,241752,275.3282577401966,41.00551982544104,0.050000000000000044,0.7374475002288818,47.4796028137207,0.9933301210403442
1102,241853,6.4402302624091305,39.59629029852931,0.050000000000000044,1.150404930114746,45.56896209716797,1.4913967847824097
1103,241934,20.345024964592994,39.2272430496191,0.050000000000000044,1.2430610656738281,38.827110290527344,1.5773441791534424
1104,242113,10.982170133868479,38.885612898927306,0.050000000000000044,0.6675907373428345,42.679141998291016,0.9040029644966125
1105,242241,-248.48657898697004,35.537216179759376,0.050000000000000044,0.2322089672088623,43.73805618286133,0.488378643989563
1106,242341,-413.6596138427261,30.71136231140037,0.050000000000000044,1.2906506061553955,44.596771240234375,1.564767599105835
1107,242412,23.299549776234628,30.308707920740407,0.050000000000000044,1.1107428073883057,52.20673751831055,1.4339382648468018
1108,242494,4.452053019672064,27.482958728151218,0.050000000000000044,0.3246307969093323,52.33457946777344,0.6016850471496582
1109,242570,15.713886490498865,27.49143233884997,0.050000000000000044,0.9734031558036804,48.96601486206055,1.2072553634643555
1110,242671,18.450794135583905,25.45729285680636,0.050000000000000044,0.11869587004184723,49.08938217163086,0.3552077114582062
1111,242779,29.416776403361354,23.002185950248933,0.050000000000000044,0.22035112977027893,45.103233337402344,0.5038318634033203
1112,242850,-7.222721638965993,22.619169253631895,0.050000000000000044,0.6896864175796509,49.40154266357422,0.9622517824172974
1113,242922,-1.2980186630760073,22.209662504432714,0.050000000000000044,2.462489128112793,44.81208419799805,2.714703321456909
1114,243046,2.9155337470642877,19.444020239155734,0.050000000000000044,0.20433717966079712,51.25514221191406,0.5043056011199951
1115,243146,-7.108844985069837,19.203465403600084,0.050000000000000044,1.104066252708435,47.566036224365234,1.3218157291412354
1116,243303,13.3290851563481,19.214339680931158,0.050000000000000044,0.08442236483097076,60.351478576660156,0.28709402680397034
1117,243410,-13.941100610191512,18.641988650257627,0.050000000000000044,3.5568690299987793,54.20627975463867,3.918130874633789
1118,243492,24.064807013246593,18.842741954380156,0.050000000000000044,1.7042396068572998,49.427913665771484,2.001400947570801
1119,243588,-21.835743410873988,18.397568237821456,0.050000000000000044,0.1664682775735855,50.73045349121094,0.4342867434024811
1120,243841,236.62067620987423,21.17812105670363,0.050000000000000044,0.8506625294685364,44.14793395996094,1.0964378118515015
1121,243955,33.940935295999395,21.05761971783175,0.050000000000000044,0.6521719694137573,45.34738540649414,0.8438620567321777
1122,244030,-30.311037602078912,20.02757207074815,0.050000000000000044,2.3825526237487793,51.29109191894531,2.6520986557006836
1123,244162,14.9134846851329,20.436846128440447,0.050000000000000044,1.2634516954421997,54.98574447631836,1.5254371166229248
1124,244235,20.918023627683937,20.379420659924207,0.050000000000000044,0.13153308629989624,51.50482177734375,0.3691878318786621
1125,244384,37.554488329780355,19.131142237966586,0.050000000000000044,0.077191561460495,53.814937591552734,0.30288565158843994
1126,244508,12.210615322690714,19.038625338867654,0.050000000000000044,1.3021409511566162,54.72224426269531,1.5865694284439087
1127,244580,-1.8601487745588798,18.903489436236274,0.050000000000000044,1.0001776218414307,53.58758544921875,1.269012689590454
1128,245498,290.84954765638474,21.586464572300994,0.050000000000000044,0.9069801568984985,50.015960693359375,1.1543688774108887
1129,245593,8.6940340261756,21.552010989603087,0.050000000000000044,1.2786448001861572,47.77975082397461,1.5253247022628784
1130,245760,56.91087476141158,21.774986925977643,0.050000000000000044,0.24167898297309875,55.60669708251953,0.4679836332798004
1131,246426,277.47432671057965,24.46003831935743,0.050000000000000044,0.18396593630313873,57.487022399902344,0.4337753355503082
1132,246520,30.49635776464271,24.780497520611043,0.050000000000000044,0.24326913058757782,45.200904846191406,0.486214816570282
1133,246622,19.057629391759917,24.880246967645494,0.050000000000000044,0.6319452524185181,49.536224365234375,0.8595457077026367
1134,246715,-5.615254215942784,24.585974867975224,0.050000000000000044,0.9145636558532715,45.916290283203125,1.1427336931228638
1135,246836,50.90507708902621,24.819108741587684,0.050000000000000044,0.19598907232284546,45.17115783691406,0.42421072721481323
1136,246908,5.120274417329355,25.10708061234823,0.050000000000000044,1.148271083831787,42.34715270996094,1.4368834495544434
1137,247014,60.44099999397139,25.416292174310435,0.050000000000000044,0.6305056214332581,47.05973815917969,0.8775546550750732
1138,247136,34.044343353765385,25.86509773321948,0.050000000000000044,0.631115198135376,56.438987731933594,0.8374295234680176
1139,247247,17.54468267266151,26.047337709117482,0.050000000000000044,0.13870254158973694,49.82276153564453,0.43780046701431274
1140,247548,164.36745787686505,27.50325848098844,0.050000000000000044,0.6623344421386719,59.843994140625,0.8847216367721558
1141,247625,32.571496823588916,27.869006144784315,0.050000000000000044,0.11297770589590073,42.865501403808594,0.3415560722351074
1142,247740,10.981174887621549,27.654591726446398,0.050000000000000044,0.40446630120277405,48.19708251953125,0.6675555109977722
1143,247816,5.48520478830865,27.38728966677038,0.050000000000000044,0.2971407473087311,49.965396881103516,0.5479663610458374
1144,247927,9.235095850026383,27.468125851138165,0.050000000000000044,2.256594181060791,44.39775848388672,2.520021438598633
1145,248027,1.8201779576925077,27.365897254744887,0.050000000000000044,0.6835276484489441,52.75994873046875,1.0001919269561768
1146,249027,168.10101847307251,28.693424576877106,0.050000000000000044,0.1275954246520996,49.96719741821289,0.389874666929245
1147,249117,-4.513709129897947,28.8662317844759,0.050000000000000044,0.3481826186180115,48.79729461669922,0.6388674974441528
1148,249218,58.09484687661103,29.097858561413144,0.050000000000000044,0.41530585289001465,62.87082290649414,0.6262239217758179
1149,250218,175.48976080111302,30.80352278469744,0.050000000000000044,0.1735505759716034,54.84073257446289,0.42851921916007996
1150,250329,25.5949168018672,30.874764766533747,0.050000000000000044,1.338679552078247,57.8641357421875,1.611970067024231
1151,250439,56.40165692460269,29.09448636842563,0.050000000000000044,0.16211733222007751,53.68450164794922,0.4002981185913086
1152,250561,28.24362888561103,28.844703602501344,0.050000000000000044,0.4785575866699219,54.41908645629883,0.6968798041343689
1153,250714,41.32067696640047,29.210240396068446,0.050000000000000044,0.2136133313179016,50.72378921508789,0.4548383355140686
1154,250793,42.40594847795279,29.267420815275337,0.050000000000000044,0.807326078414917,46.513214111328125,1.0646567344665527
1155,251015,291.5060603053593,31.9181731873501,0.050000000000000044,0.17176485061645508,46.02281951904297,0.47282159328460693
1156,251108,27.325985831459036,31.76518034469602,0.050000000000000044,0.5518131256103516,55.54353332519531,0.8426807522773743
1157,251186,-27.64702345919696,31.184655242565768,0.050000000000000044,0.16463865339756012,55.77354049682617,0.4686172902584076
1158,251263,-36.12109875622181,30.542378756435347,0.050000000000000044,1.1206741333007812,43.99836349487305,1.364055871963501
1159,251452,-0.76619933079823,27.489911416546978,0.050000000000000044,0.39746564626693726,57.7564697265625,0.654651403427124
1160,251512,-126.10770425539795,25.903203132319266,0.050000000000000044,1.406211256980896,49.066139221191406,1.6934418678283691
1161,251610,-63.733278302532156,22.337837859170335,0.050000000000000044,0.3384253978729248,53.42107391357422,0.5953900218009949
1162,251741,24.053746955819662,22.62187905899733,0.050000000000000044,0.7928681373596191,52.23810577392578,1.1167716979980469
1163,251828,-18.650061075698147,22.26859016937422,0.050000000000000044,0.20128104090690613,59.84612274169922,0.45800504088401794
1164,252010,14.485360875812745,22.203791050070155,0.050000000000000044,0.7951195240020752,48.54216003417969,1.030083417892456
1165,252090,-40.05536450692843,21.74449043633535,0.050000000000000044,0.7701255679130554,47.55066680908203,0.9997457265853882
1166,252201,11.490943183433274,21.45710767550493,0.050000000000000044,0.4926207363605499,54.63654327392578,0.7508862018585205
1167,252335,16.86876435732313,21.577898809231147,0.050000000000000044,0.25727254152297974,52.763084411621094,0.617871880531311
1168,253226,283.3522548843028,24.3725229631209,0.050000000000000044,0.2486077845096588,56.33863830566406,0.5323035717010498
1169,254042,287.4069329273059,27.262599075928218,0.050000000000000044,0.25675952434539795,51.21528625488281,0.5736645460128784
1170,254364,290.7162508298253,30.011142996182006,0.050000000000000044,3.5775115489959717,41.24419403076172,3.8129775524139404
1171,254488,25.603819157674053,30.09053181304361,0.050000000000000044,0.35586845874786377,44.40278625488281,0.5830681920051575
1172,254664,9.25698506054755,29.94124541616611,0.050000000000000044,0.9371927976608276,61.36071014404297,1.2007591724395752
1173,254772,46.115954742126235,30.698751396834393,0.050000000000000044,0.23834961652755737,51.195655822753906,0.48465433716773987
1174,254876,15.522182309037106,31.120178921943793,0.050000000000000044,0.7022161483764648,59.0506706237793,0.9688557386398315
1175,254992,49.61668318279388,32.01196676399766,0.050000000000000044,0.6586623191833496,47.30717849731445,0.9064450860023499
1176,255090,0.9523100393709143,31.843055665811583,0.050000000000000044,0.20857155323028564,54.09410095214844,0.5060232877731323
1177,255178,-7.638877482171196,32.143883025251064,0.050000000000000044,0.6985414028167725,61.19929885864258,1.0323269367218018
1178,255257,25.301592860922142,32.245509909449396,0.050000000000000044,2.000861167907715,45.557762145996094,2.2594594955444336
1179,255451,279.4845711661991,35.31573205318974,0.050000000000000044,1.6036380529403687,49.60149002075195,1.8685948848724365
1180,255563,38.05719724702067,35.803407422214505,0.050000000000000044,0.6435593366622925,53.12955856323242,0.9380497932434082
1181,255684,27.23721418414621,35.98792777367965,0.050000000000000044,0.7097613215446472,60.585994720458984,1.0094788074493408
1182,255786,34.68254258329861,36.08120647488102,0.050000000000000044,0.18628127872943878,52.02352523803711,0.49113112688064575
1183,255869,-8.685144210304898,36.18020732082822,0.050000000000000044,0.8095916509628296,41.241302490234375,1.0819960832595825
1184,255988,-32.6261073639877,35.39304020108153,0.050000000000000044,0.4661877751350403,54.94647216796875,0.7096186876296997
1185,256082,4.227899202398504,35.44280314543076,0.050000000000000044,0.7597438097000122,55.522769927978516,1.0373117923736572
1186,256689,288.8576079707972,38.60661714004833,0.050000000000000044,0.5580154657363892,55.90777587890625,0.8486459255218506
1187,256794,-5.112233527712107,38.112384110257736,0.050000000000000044,0.556751012802124,51.52429962158203,0.8557115793228149
1188,256899,12.466115373081152,38.518151687238245,0.050000000000000044,0.2366359531879425,57.111534118652344,0.4935472011566162
1189,256977,34.65170743111463,38.55704060623195,0.050000000000000044,3.4502859115600586,57.235809326171875,3.737431287765503
1190,257643,285.93035968272056,41.292203576111326,0.050000000000000044,0.13363462686538696,57.599037170410156,0.3960038721561432
1191,257720,58.13681762770841,41.948439716953374,0.050000000000000044,0.6220016479492188,60.70485305786133,0.8990188241004944
1192,258720,176.23598739491786,40.684526942512896,0.050000000000000044,0.11181826144456863,53.794525146484375,0.3234569728374481
1193,258847,37.54853200990041,40.89693528975381,0.050000000000000044,1.4629875421524048,52.567893981933594,1.7201842069625854
1194,259182,293.1020482637273,43.73597121356686,0.050000000000000044,0.18858444690704346,48.44915771484375,0.4171093702316284
1195,259272,26.31977004004476,44.100838076746186,0.050000000000000044,0.5733094811439514,56.063594818115234,0.8546037673950195
1196,260272,190.37756795812692,46.177574345749015,0.050000000000000044,0.4542948603630066,53.98924255371094,0.6752818822860718
1197,260496,267.96908884640675,48.88788384186273,0.050000000000000044,1.314828634262085,52.896724700927734,1.546229600906372
1198,260710,251.63670465878485,50.981205903340154,0.050000000000000044,0.828673779964447,53.276702880859375,1.1185030937194824
1199,260806,22.367877692894723,51.228236521261515,0.050000000000000044,1.3329195976257324,45.67115783691406,1.5859085321426392
1200,260901,29.542686045438046,51.27959861293818,0.050000000000000044,0.13038691878318787,54.136390686035156,0.41959887742996216
1201,261275,284.8051047473229,51.37436708300944,0.050000000000000044,0.9475455284118652,47.90786361694336,1.1325923204421997
1202,261395,16.755878654205034,51.4775235669274,0.050000000000000044,0.47991660237312317,39.189884185791016,0.6899619102478027
1203,261699,284.46840512410813,54.11875736852256,0.050000000000000044,0.5616430044174194,52.297943115234375,0.865568220615387
1204,261804,46.07317707775408,54.469667437961405,0.050000000000000044,0.25510889291763306,62.375770568847656,0.531755805015564
1205,261878,-38.05730120438962,56.57396021578721,0.050000000000000044,0.15600860118865967,42.65478515625,0.403872549533844
1206,261962,10.309384176948,60.81365019598395,0.050000000000000044,0.32828980684280396,50.96292495727539,0.6486791372299194
1207,262049,52.43544406194525,61.10500913884106,0.050000000000000044,1.8985605239868164,42.667564392089844,2.1929666996002197
1208,262116,-10.21779507428505,60.95831065790149,0.050000000000000044,0.18546608090400696,51.85932922363281,0.5126685500144958
1209,262213,2.519703372716478,60.826368826723666,0.050000000000000044,1.2239599227905273,57.193939208984375,1.5766178369522095
1210,262396,257.19352733558503,63.213796158723675,0.050000000000000044,0.6815241575241089,56.12987518310547,0.921463131904602
1211,262557,291.3351082497819,65.83297947718788,0.050000000000000044,0.5982251763343811,60.60358810424805,0.8893693089485168
1212,262643,43.4397107994819,66.33960380157235,0.050000000000000044,0.7318885326385498,58.655033111572266,1.0447367429733276
1213,262720,-42.36610094055281,65.92892297879759,0.050000000000000044,0.23545338213443756,54.15646743774414,0.4770878553390503
1214,262851,-22.629057980042987,65.67347706152651,0.050000000000000044,0.8039378523826599,62.047149658203125,1.0864754915237427
1215,263851,164.6198789988632,67.39076430136583,0.050000000000000044,1.727284550666809,49.019248962402344,1.999762773513794
1216,263941,24.262980969676207,67.50010325949911,0.050000000000000044,0.1732860505580902,54.18144226074219,0.4762556552886963
1217,264041,10.050695633621359,67.74002122193725,0.050000000000000044,0.8513814806938171,45.900413513183594,1.083217740058899
1218,264154,2.4779821331643888,67.52415297313644,0.050000000000000044,2.7195723056793213,51.752342224121094,2.999612808227539
1219,264965,240.98931869276515,70.15240359417282,0.050000000000000044,1.9463876485824585,53.88203811645508,2.212667465209961
1220,265504,271.5296551245631,70.50149338331971,0.050000000000000044,0.9152566194534302,57.11881637573242,1.1765940189361572
1221,265583,36.02676617056716,70.5223516920654,0.050000000000000044,0.5321442484855652,52.943626403808594,0.8474782705307007
1222,266096,292.51706442441684,73.75063271233036,0.050000000000000044,0.6798143982887268,48.1696662902832,0.9078340530395508
1223,266193,17.00419484576699,73.77153981393671,0.050000000000000044,2.590538501739502,48.91916275024414,2.827039957046509
1224,266319,22.40948453866092,73.78645442304648,0.050000000000000044,0.46086379885673523,59.81548309326172,0.7102725505828857
1225,266538,268.1216253279399,76.09212579302807,0.050000000000000044,3.189824104309082,62.2989387512207,3.5311129093170166
1226,266651,20.794918749943008,76.17796882730059,0.050000000000000044,0.42617830634117126,57.637451171875,0.7378313541412354
1227,267639,274.72534696410634,78.94382378468724,0.050000000000000044,0.7307765483856201,55.52028274536133,1.0866801738739014
1228,268181,257.397102902062,78.60929933714402,0.050000000000000044,0.980333149433136,55.79157638549805,1.2549817562103271
1229,268462,277.35359144142905,81.29589491129656,0.050000000000000044,0.05984393507242203,49.58129119873047,0.25925999879837036
1230,268534,27.589940864540452,81.00268557232783,0.050000000000000044,2.8744306564331055,53.80182647705078,3.249164581298828
1231,269534,123.05008886163787,79.4584431938384,0.050000000000000044,0.7293992638587952,58.461326599121094,1.0352801084518433
1232,269617,-32.07559542344623,78.83272366195752,0.050000000000000044,4.375990390777588,56.651031494140625,4.688977241516113
1233,270617,153.75245190117104,80.17967188705164,0.050000000000000044,0.7260516881942749,63.40564727783203,1.0415563583374023
1234,270700,50.013018203486325,80.73595461124593,0.050000000000000044,0.2604706585407257,54.14087677001953,0.5357928276062012
1235,270779,-5.913525700642495,80.16776858334923,0.050000000000000044,2.53916597366333,48.19185256958008,2.8042304515838623
1236,270880,7.354053934455621,80.19010637852051,0.050000000000000044,6.140892028808594,51.28557586669922,6.417240619659424
1237,271235,262.924367121083,82.21494004979162,0.050000000000000044,0.12229174375534058,55.87873840332031,0.3937227725982666
1238,271352,-14.197316035847024,81.7325234558955,0.050000000000000044,0.19644992053508759,52.938209533691406,0.4330512285232544
1239,271482,29.33142111666885,81.85039084033558,0.050000000000000044,0.9244320392608643,55.200408935546875,1.1945879459381104
1240,271571,7.376359191614625,80.28047985348309,0.050000000000000044,0.8138875961303711,56.12497329711914,1.1455419063568115
1241,271798,278.920572443273,82.7439706096799,0.050000000000000044,0.6203992366790771,58.68878173828125,0.8526613712310791
1242,271882,46.19772441467313,83.09613610495042,0.050000000000000044,0.18558698892593384,55.91291427612305,0.48641616106033325
1243,272352,284.5683743308268,85.8869678003756,0.050000000000000044,0.6518295407295227,52.951194763183594,0.9319770932197571
1244,273282,276.513240504843,88.55974924692377,0.050000000000000044,0.6865316033363342,55.87547302246094,0.9597361087799072
1245,274152,261.97580675148765,91.16130553486171,0.050000000000000044,0.12732358276844025,52.42561340332031,0.3458513021469116
1246,275152,171.86173549805235,91.19891270511151,0.050000000000000044,0.5494562983512878,49.913047790527344,0.7829523086547852
1247,275237,15.949017002832491,91.40353996643884,0.050000000000000044,0.25022029876708984,52.930416107177734,0.4833202064037323
1248,275352,56.70793251574375,91.38967082283015,0.050000000000000044,0.4489487409591675,56.703956604003906,0.7055271863937378
1249,275433,1.142181044473432,89.64619502526375,0.050000000000000044,0.3719334006309509,54.7279052734375,0.6064146161079407
1250,275529,6.237320996414979,89.45261906720924,0.050000000000000044,0.3410756587982178,60.51958084106445,0.5759565830230713
1251,275737,243.47486631648968,91.3233511611281,0.050000000000000044,0.38726580142974854,48.85657501220703,0.6083102226257324
1252,275853,-186.45401503378565,89.17637472193415,0.050000000000000044,3.2308144569396973,57.25764465332031,3.5140910148620605
1253,275978,-6.629899676767735,88.69686895550247,0.050000000000000044,0.11698579788208008,54.024295806884766,0.3347512483596802
1254,276191,278.0956559090403,91.05376602981335,0.050000000000000044,0.40625542402267456,48.52164840698242,0.7279232740402222
1255,276292,32.07972376746383,88.45950266443438,0.050000000000000044,0.12181346118450165,60.442710876464844,0.3585492968559265
1256,277148,258.68677498160565,90.77311055593586,0.050000000000000044,0.5555368661880493,47.786781311035156,0.7941387891769409
1257,277526,267.21507798347267,93.72173157036254,0.050000000000000044,0.7179602980613708,55.018367767333984,0.9776347279548645
1258,277602,43.20390405222878,94.51498159844704,0.050000000000000044,0.6348936557769775,49.9451789855957,0.8948509097099304
1259,277678,33.093220492661146,94.85357579668164,0.050000000000000044,0.37157106399536133,61.99774932861328,0.6472399234771729
1260,277767,33.07095772019713,96.44536241643759,0.050000000000000044,0.16785308718681335,58.49430847167969,0.39540666341781616
1261,278722,263.31999797779946,99.7158951792409,0.050000000000000044,3.172952651977539,47.832763671875,3.4428703784942627
1262,278837,32.44116705997686,99.79976938028248,0.050000000000000044,0.6466358304023743,50.615943908691406,0.8804843425750732
1263,279837,180.79918799431684,101.79426187098262,0.050000000000000044,1.1860462427139282,59.60618591308594,1.4643619060516357
1264,279932,-240.26886159210028,99.2467196463035,0.050000000000000044,0.5117645859718323,59.595855712890625,0.8386127948760986
1265,280071,32.906281947568914,99.97633611084848,0.050000000000000044,1.1246163845062256,47.688453674316406,1.3885498046875
1266,280187,36.54982994766422,100.22692497849079,0.050000000000000044,0.2975846529006958,58.94994354248047,0.5238324403762817
1267,280284,26.05842634186733,100.31882159833623,0.050000000000000044,0.24407920241355896,54.983367919921875,0.491464227437973
1268,280370,45.69696666249115,97.94226871611812,0.050000000000000044,0.6444199085235596,45.402137756347656,0.8990508317947388
1269,280470,-57.48361826454867,94.49336320419958,0.050000000000000044,0.7722556591033936,47.17656707763672,1.090573787689209
1270,280578,13.185152453050463,91.71805222043184,0.050000000000000044,0.19686932861804962,56.10316467285156,0.5097163915634155
1271,280761,269.6621218287417,94.15863524714248,0.050000000000000044,0.09346278011798859,50.210426330566406,0.2714003026485443
1272,280884,48.899835574508245,94.5550637522821,0.050000000000000044,0.2016032487154007,52.68431091308594,0.4711620807647705
1273,281003,-12.196618459575475,93.97193802026509,0.050000000000000044,2.6682229042053223,56.69978332519531,2.8736367225646973
1274,281093,53.32590205010496,94.34997521767575,0.050000000000000044,0.6000185608863831,50.7156982421875,0.8869016170501709
1275,281223,26.215410447598572,94.11596249032382,0.050000000000000044,0.11553896963596344,47.59187316894531,0.3610982596874237
1276,281319,40.31506021035199,94.50958999203361,0.050000000000000044,0.7345091104507446,38.96148681640625,1.009230613708496
1277,281405,30.494125348654023,94.89092002034187,0.050000000000000044,0.8475011587142944,62.092838287353516,1.1333086490631104
1278,281815,302.0187771435815,97.65809186316847,0.050000000000000044,0.928950846195221,62.408687591552734,1.1851387023925781
1279,282140,302.7627864027372,97.89087401553384,0.050000000000000044,0.1742555946111679,59.86570358276367,0.4581744372844696
1280,282263,-6.870104944438566,97.44160099361925,0.050000000000000044,3.186347007751465,59.096763610839844,3.5383825302124023
1281,282367,65.6382766104984,97.82561161788276,0.050000000000000044,0.14727824926376343,63.209938049316406,0.405049592256546
1282,282466,24.547436574079384,97.72426055779057,0.050000000000000044,0.454438179731369,56.58841323852539,0.7656221389770508
1283,282597,39.81450993474738,98.20925709924107,0.050000000000000044,0.411319375038147,51.102081298828125,0.7135838270187378
1284,282772,270.58208065903693,101.24133897947132,0.050000000000000044,0.6333836317062378,54.593421936035156,0.91672283411026
1285,282922,49.84655625230329,101.6975255499704,0.050000000000000044,0.16624939441680908,53.46710968017578,0.4445447325706482
1286,283005,24.33303165815748,99.052279786844,0.050000000000000044,0.604306697845459,44.469444274902344,0.8785622119903564
1287,283093,30.49216906796528,99.40832381280077,0.050000000000000044,0.29857781529426575,54.45077133178711,0.5461933016777039
1288,283190,-114.08738645418747,98.14278879452807,0.050000000000000044,0.4306664764881134,51.02721405029297,0.6715257167816162
1289,283331,30.66081045361352,98.10287982475307,0.050000000000000044,0.44983866810798645,46.47001647949219,0.6700679063796997
1290,283464,61.93977336383483,95.86297396156421,0.050000000000000044,2.7281887531280518,54.82177734375,3.0092620849609375
1291,283563,2.8718770760992953,95.3103245560481,0.050000000000000044,0.31146305799484253,50.39364242553711,0.5794545412063599
1292,283667,33.67546299651531,93.88471931206408,0.050000000000000044,0.8451343178749084,55.44792175292969,1.1001851558685303
1293,283930,253.0219771490465,96.03945376345555,0.050000000000000044,0.3808407783508301,52.59429931640625,0.7519884705543518
1294,284184,287.74668553924755,95.98590013621077,0.050000000000000044,0.13557986915111542,61.98466491699219,0.36375439167022705
1295,284299,23.707612044022028,95.95977855625053,0.050000000000000044,2.817194938659668,59.63052749633789,3.087069034576416
1296,284697,243.7283705659028,96.49328658232827,0.050000000000000044,0.5280892252922058,56.8046875,0.7692543864250183
1297,284800,25.67913868932071,94.07038708075741,0.050000000000000044,0.6874614953994751,49.21459197998047,0.9227200150489807
1298,284906,-15.12706311167797,91.40274940305278,0.050000000000000044,4.25177526473999,56.9019775390625,4.540135383605957
1299,285906,166.2796232945252,92.84186685906909,0.050000000000000044,1.717210054397583,53.06605529785156,1.990125298500061
1300,286733,290.86053815488305,95.45504538016354,0.050000000000000044,0.4831930100917816,65.54762268066406,0.6805710792541504
1301,286830,-12.852476717109468,92.47846956551922,0.050000000000000044,0.3631554841995239,59.27275466918945,0.6400817632675171
1302,286979,33.94468306990245,92.65035760967619,0.050000000000000044,0.13143901526927948,64.7425765991211,0.3957626223564148
1303,287062,26.690617726112222,90.07257973569622,0.050000000000000044,2.351008415222168,56.06885528564453,2.6113808155059814
1304,287571,217.44484498618684,91.78629641478055,0.050000000000000044,0.5616987347602844,53.1689453125,0.8134089708328247
1305,287647,-4.802255081483594,92.11884687600961,0.050000000000000044,0.2936401665210724,56.045555114746094,0.555640459060669
1306,287742,31.751028611676077,92.3332633203569,0.050000000000000044,0.5345923900604248,59.25436019897461,0.7816116809844971
1307,287838,15.396010687973956,91.96286898661718,0.050000000000000044,0.2699493169784546,50.27494430541992,0.49424880743026733
1308,288319,261.97071976765744,94.68475413503661,0.050000000000000044,1.0152511596679688,62.189727783203125,1.2868621349334717
1309,288710,283.2430102525587,97.49198720383505,0.050000000000000044,0.31017065048217773,56.4977912902832,0.5353447198867798
1310,288820,18.268365256007343,95.10273558303929,0.050000000000000044,0.6571851968765259,50.77047348022461,0.9709875583648682
1311,288921,-20.602035364691318,91.98336414689456,0.050000000000000044,0.1481034755706787,49.80156707763672,0.36396077275276184
1312,289032,24.605332658448603,91.79502036548423,0.050000000000000044,0.22961023449897766,57.435630798339844,0.49131661653518677
1313,289136,21.961956823782373,92.43830094312757,0.050000000000000044,0.36895304918289185,55.07975387573242,0.6141177415847778
1314,289237,-248.70967619618867,90.1774947609661,0.050000000000000044,0.3880494236946106,55.824005126953125,0.6844796538352966
1315,289360,14.9250228422881,88.68054619940034,0.050000000000000044,0.8367713093757629,54.4153938293457,1.0870516300201416
1316,289478,42.80725917059593,88.86598898140956,0.050000000000000044,0.34632018208503723,56.74767303466797,0.6175698041915894
1317,289589,16.512949990701216,88.93061152498036,0.050000000000000044,3.28432297706604,57.3474235534668,3.593961715698242
1318,289693,29.049792959744025,89.19632963324615,0.050000000000000044,0.186315655708313,55.84678649902344,0.42087581753730774
1319,290273,265.12901552696184,89.43772660158812,0.050000000000000044,2.1904377937316895,43.05169677734375,2.444979667663574
1320,290356,50.72073840927348,87.2296374344352,0.050000000000000044,0.22390779852867126,59.984310150146484,0.5529158115386963
1321,290456,22.40601602379104,87.09342993296745,0.050000000000000044,0.3528381586074829,50.70823669433594,0.6106060147285461
1322,290554,-157.40425672269393,82.59421672149634,0.050000000000000044,0.4531232714653015,55.14154052734375,0.7971684336662292
1323,290654,50.83823231702661,82.93255709620895,0.050000000000000044,0.32812464237213135,58.29729461669922,0.5736069679260254
1324,290787,56.29118748676268,83.27137412568996,0.050000000000000044,0.8227461576461792,57.770606994628906,1.1003459692001343
1325,291037,265.8308042219629,83.24846591463017,0.050000000000000044,0.08660005778074265,60.02791976928711,0.2728058099746704
1326,291431,267.3345146271858,85.7138618734026,0.050000000000000044,1.272310733795166,48.26947784423828,1.5417873859405518
1327,291526,-267.1815151296132,80.29479325246541,0.050000000000000044,0.4298487901687622,53.674705505371094,0.6403454542160034
1328,291613,30.21308150097235,78.02295303845453,0.050000000000000044,0.23478996753692627,49.862159729003906,0.4902530014514923
1329,291729,15.931223351806054,75.4087293575583,0.050000000000000044,2.9846372604370117,53.67835998535156,3.2579565048217773
1330,292310,266.8771268644249,77.80160121755713,0.050000000000000044,1.398942470550537,64.85220336914062,1.6414878368377686
1331,292524,253.03964583076163,79.10149678724838,0.050000000000000044,0.44412410259246826,53.15709686279297,0.7405391931533813
1332,292626,50.16543247547327,79.92390706623758,0.050000000000000044,1.5540236234664917,59.06886672973633,1.85202956199646
1333,292732,19.383527329405354,78.58021782051993,0.050000000000000044,0.525111198425293,52.445552825927734,0.788360595703125
1334,293732,177.00755247903618,79.85016316327541,0.050000000000000044,0.6650474667549133,57.242645263671875,0.921957790851593
1335,293838,40.96509147260389,80.31894933500789,0.050000000000000044,0.41792935132980347,66.80674743652344,0.7282156944274902
1336,294759,259.0244130105817,82.83565292576914,0.050000000000000044,0.19636057317256927,57.62131118774414,0.44680848717689514
1337,294849,50.44381733965122,80.71084742795483,0.050000000000000044,0.38242313265800476,55.13472366333008,0.7144601345062256
1338,294944,56.02111617959494,81.41303175010925,0.050000000000000044,0.1548420786857605,52.42458724975586,0.3890197277069092
1339,295047,-42.218004296375014,80.6975374959788,0.050000000000000044,0.6637901067733765,63.01683807373047,0.9833844304084778
1340,296047,160.74640463838602,82.23123795044653,0.050000000000000044,0.20153900980949402,68.06871795654297,0.5221660733222961
1341,296440,258.2669233138743,82.02470145915252,0.050000000000000044,0.30034682154655457,54.499141693115234,0.5571058392524719
1342,296531,45.2187920088316,82.01491213509411,0.050000000000000044,0.238925501704216,50.813148498535156,0.4914931058883667
1343,296615,46.488743541864494,79.63411582720448,0.050000000000000044,0.37511128187179565,49.388301849365234,0.6523377299308777
1344,296716,31.63224590158393,77.18530588117191,0.050000000000000044,0.5688384175300598,55.50663375854492,0.8047903776168823
1345,296800,37.62632353328837,74.9418110489899,0.050000000000000044,0.6746202707290649,53.47405242919922,0.9623759388923645
1346,296886,-40.71481532947273,72.81604554071465,0.050000000000000044,0.49631017446517944,63.32673645019531,0.8361726403236389
1347,297371,252.41626694868333,75.18071804017316,0.050000000000000044,2.1561520099639893,63.422401428222656,2.450906991958618
1348,297491,20.269249601817705,74.81633121103391,0.050000000000000044,0.3213052749633789,50.59214401245117,0.5681818723678589
1349,297732,280.5338666341376,77.61024806693055,0.050000000000000044,1.7411601543426514,54.00509262084961,1.994696855545044
1350,297819,45.18221795997883,77.99969703656619,0.050000000000000044,4.435632228851318,57.31068801879883,4.681138515472412
1351,298010,258.8393127009914,78.1533415004112,0.050000000000000044,0.3220011591911316,58.03628921508789,0.6091076135635376
1352,298106,-29.68745631459862,79.72100708760307,0.050000000000000044,0.39396390318870544,58.2779655456543,0.7105974555015564
1353,298200,-27.163635154145084,79.5156697328293,0.050000000000000044,0.35042789578437805,54.29920196533203,0.6555353403091431
1354,298279,30.926457635089264,77.0439777500898,0.050000000000000044,0.11906855553388596,49.563804626464844,0.35773587226867676
1355,298374,16.692710703185924,76.89010761944702,0.050000000000000044,0.2078424096107483,58.98540496826172,0.4709182381629944
1356,298495,47.76257673780424,74.780865637009,0.050000000000000044,0.2894805669784546,49.9406623840332,0.508543848991394
1357,298617,38.864576903637385,72.49736062621064,0.050000000000000044,0.6024837493896484,60.73087692260742,0.8403913974761963
1358,299617,172.64623013228362,73.79178388701119,0.050000000000000044,0.20671552419662476,53.40870666503906,0.5078312754631042
1359,299708,-16.734862021064714,73.29350306187393,0.050000000000000044,0.5075108408927917,57.276824951171875,0.7254845499992371
