episode,step,reward,moving_avg_reward,epsilon,loss,mean_q,mean_td_error
1,66,-189.96201019186577,-189.96201019186577,0.9994775,0.0,0.0,0.0
2,165,-82.31215810833469,-136.13708415010024,0.99869375,0.0,0.0,0.0
3,264,-393.20037447914757,-221.824847593116,0.99791,0.0,0.0,0.0
4,340,-156.1566620324188,-205.4078012029417,0.9973083333333334,0.0,0.0,0.0
5,449,-0.34023197427242735,-164.39428735720784,0.9964454166666666,0.0,0.0,0.0
6,528,-123.29742980909899,-157.5448110991897,0.99582,0.0,0.0,0.0
7,625,-110.09280141937136,-150.76595257350138,0.9950520833333333,0.0,0.0,0.0
8,745,-113.44900525490964,-146.1013341586774,0.9941020833333334,0.0,0.0,0.0
9,811,-86.40619083573218,-139.46854045612793,0.9935795833333333,0.0,0.0,0.0
10,963,-156.23710313908495,-141.14539672442362,0.99237625,0.0,0.0,0.0
11,1043,-93.63594755822002,-136.82635589113238,0.9917429166666667,0.0,0.0,0.0
12,1118,-271.02946191627257,-148.00994805989407,0.9911491666666666,0.0,0.0,0.0
13,1191,-93.89417868022326,-143.84719656915016,0.99057125,0.0,0.0,0.0
14,1277,-317.9509890556204,-156.2831817467552,0.9898904166666667,0.0,0.0,0.0
15,1359,-146.47240702601957,-155.62913009870616,0.98924125,0.0,0.0,0.0
16,1432,-79.44322341996397,-150.86751093128476,0.9886633333333333,0.0,0.0,0.0
17,1526,-450.32301168913284,-168.48254038762875,0.9879191666666667,0.0,0.0,0.0
18,1623,-112.75250299691508,-165.38642719925576,0.98715125,0.0,0.0,0.0
19,1704,-208.87132157200998,-167.67510585045338,0.98651,0.0,0.0,0.0
20,1791,-217.57386233828646,-170.170043674845,0.98582125,0.0,0.0,0.0
21,1860,-98.09962519268694,-166.73811898521842,0.985275,0.0,0.0,0.0
22,1985,-176.08523270473245,-167.16298779065087,0.9842854166666667,0.0,0.0,0.0
23,2085,-172.5142854228839,-167.3956529050958,0.98349375,0.0,0.0,0.0
24,2179,-271.42688720918716,-171.7302876677663,0.9827495833333333,0.0,0.0,0.0
25,2271,-115.24653048444986,-169.47093738043364,0.98202125,0.0,0.0,0.0
26,2389,-203.0293401889498,-170.76164518076118,0.9810870833333334,0.0,0.0,0.0
27,2466,-444.3963382936095,-180.8962634442,0.9804775,0.0,0.0,0.0
28,2553,-244.01828469140997,-183.1506213458861,0.97978875,0.0,0.0,0.0
29,2626,-77.6530506539286,-179.51277408064618,0.9792108333333334,0.0,0.0,0.0
30,2720,-100.43143705706693,-176.87672951319354,0.9784666666666667,0.0,0.0,0.0
31,2818,-298.8102020876493,-180.810067338176,0.9776908333333333,0.0,0.0,0.0
32,2918,-451.46082184520986,-189.26790341652077,0.9768991666666667,0.0,0.0,0.0
33,2986,-76.17152528526026,-185.8407404428462,0.9763608333333333,0.0,0.0,0.0
34,3082,-324.27678172214115,-189.91238871576664,0.9756008333333334,0.0,0.0,0.0
35,3146,-97.91761161027715,-187.28396651275264,0.9750941666666667,0.0,0.0,0.0
36,3213,-263.07500361719656,-189.38927309898722,0.97456375,0.0,0.0,0.0
37,3311,-117.03381532193295,-187.43372018609384,0.9737879166666666,0.0,0.0,0.0
38,3411,7.417219506905056,-182.30606387838336,0.97299625,0.0,0.0,0.0
39,3479,-74.30786569348834,-179.5368793095399,0.9724579166666667,0.0,0.0,0.0
40,3571,-193.09857156415097,-179.87592161590516,0.9717295833333334,0.0,0.0,0.0
41,3692,-86.18224405604758,-177.59070996810377,0.9707716666666667,0.0,0.0,0.0
42,3758,-189.39895968627098,-177.87185877091727,0.9702491666666667,0.0,0.0,0.0
43,3865,-143.42131105095189,-177.07068324254598,0.9694020833333333,0.0,0.0,0.0
44,3932,-170.84300117547332,-176.92914501374887,0.9688716666666667,0.0,0.0,0.0
45,4028,-423.3663742978909,-182.4055278867298,0.9681116666666667,0.0,0.0,0.0
46,4103,-88.85809713638824,-180.37188808780934,0.9675179166666666,0.0,0.0,0.0
47,4165,-94.9162665191179,-178.55368337358186,0.9670270833333333,0.0,0.0,0.0
48,4275,-98.42314871893004,-176.88429723494326,0.96615625,0.0,0.0,0.0
49,4362,-297.76866805316314,-179.35132521082528,0.9654675,0.0,0.0,0.0
50,4453,-287.6443586591465,-181.51718587979173,0.9647470833333334,0.0,0.0,0.0
51,4522,-197.08912928919267,-181.82251810350544,0.9642008333333333,0.0,0.0,0.0
52,4593,-130.74572151790778,-180.84027201532086,0.96363875,0.0,0.0,0.0
53,4660,-151.4872086912544,-180.28644063184794,0.9631083333333333,0.0,0.0,0.0
54,4738,-201.73597265061204,-180.683654187751,0.9624908333333333,0.0,0.0,0.0
55,4830,-146.55985088871378,-180.06322140049576,0.9617625,0.0,0.0,0.0
56,4919,-124.66757500116645,-179.07401342907914,0.9610579166666666,0.0,0.0,0.0
57,5023,-323.1661087751961,-181.60194492637945,0.9602345833333333,2.8057472705841064,-0.5561691522598267,3.265859603881836
58,5138,-128.37510217555723,-180.68424074102046,0.9593241666666666,3.9844279289245605,-1.316436767578125,4.381627082824707
59,5203,-75.2025525117613,-178.8964155167957,0.9588095833333333,0.37686029076576233,-1.1379690170288086,0.7304928302764893
60,5330,-139.64977060730774,-178.24230476830425,0.9578041666666667,0.3365156650543213,-0.6330320835113525,0.6268901228904724
61,5433,-22.989338476160356,-175.69717417335107,0.95698875,1.684285283088684,-1.4816248416900635,2.0072529315948486
62,5550,-275.1277076952821,-177.30089245596287,0.9560625,1.564211130142212,-0.6513060927391052,1.8395013809204102
63,5652,-331.7477096493857,-179.75242923681085,0.955255,1.4930366277694702,-1.3549407720565796,1.7430140972137451
64,5717,-82.2758003089277,-178.22935690981268,0.9547404166666666,3.009347915649414,-1.6801186800003052,3.268099069595337
65,5775,-153.74550459638664,-177.8526822588369,0.95428125,1.6834735870361328,-1.3187782764434814,1.9448904991149902
66,5880,-190.01739239758217,-178.03699604881788,0.95345,2.042510509490967,-1.348384141921997,2.3163585662841797
67,5951,-49.60150868235918,-176.12004847618417,0.9528879166666666,0.5511001944541931,-1.0785255432128906,0.810198187828064
68,6063,-248.21153965792638,-177.18021746415096,0.95200125,3.2278847694396973,-0.7957088947296143,3.5759077072143555
69,6165,-119.08132983218286,-176.33820459991955,0.9511937500000001,2.0884909629821777,-0.7071334719657898,2.3820908069610596
70,6235,-97.37464493421925,-175.2101537475524,0.9506395833333333,2.758683919906616,-1.267843246459961,3.028411865234375
71,6336,-158.33849751491942,-174.97252478652942,0.94984,0.9535356760025024,-0.8220888376235962,1.2539284229278564
72,6439,-28.74534967218574,-172.9415917988302,0.9490245833333333,0.8773874640464783,-1.6186827421188354,1.1341925859451294
73,6524,-121.86728341171325,-172.2419437387327,0.9483516666666667,0.21561548113822937,0.16684836149215698,0.4917043447494507
74,6631,-250.42020358451012,-173.2984067096216,0.9475045833333333,1.69363272190094,-0.576464056968689,1.926679253578186
75,6709,-1.2057098265321429,-171.00383741784705,0.9468870833333334,1.7907934188842773,-0.17524906992912292,2.025550365447998
76,6793,-128.24980255386149,-170.44128432753143,0.9462220833333334,0.9297211170196533,-0.697322428226471,1.2181801795959473
77,6892,-308.501668735194,-172.23427633282577,0.9454383333333334,0.1559823453426361,-0.5993743538856506,0.3674214780330658
78,6977,-116.18805291916583,-171.51573500700962,0.9447654166666667,3.074094295501709,-1.0194995403289795,3.3301310539245605
79,7071,-109.76588030784488,-170.73409127664044,0.94402125,3.1415562629699707,-1.1366575956344604,3.4839439392089844
80,7161,-108.77815342337718,-169.95964205347465,0.94330875,0.6597186326980591,-0.5263343453407288,0.9886682033538818
81,7265,-127.1112695065657,-169.43064979980912,0.9424854166666666,1.8396601676940918,0.0798092782497406,2.151439666748047
82,7368,-78.10192650855782,-168.31688488162314,0.94167,0.8135277032852173,-1.704648494720459,1.0887306928634644
83,7527,-184.3110915167,-168.5095861663831,0.94041125,1.7479865550994873,0.6256266236305237,2.0260472297668457
84,7661,-323.8680246195444,-170.35909138606357,0.9393504166666666,0.2104381024837494,0.24179020524024963,0.49259769916534424
85,7824,-250.12661311255488,-171.29753281813996,0.93806,0.435339093208313,0.9210124015808105,0.7128101587295532
86,7883,-78.3199855571243,-170.216398547663,0.9375929166666667,0.34348827600479126,0.12044453620910645,0.6091902852058411
87,7954,-67.50409211144256,-169.0357973242582,0.9370308333333334,1.49590003490448,-0.004485383629798889,1.7437031269073486
88,8048,-186.55754944520777,-169.23490814381444,0.9362866666666667,1.77121901512146,-0.3843380808830261,2.1132726669311523
89,8157,-339.0141822478169,-171.14254043711782,0.93542375,2.0280418395996094,-1.3463730812072754,2.298501491546631
90,8320,-298.20591203378774,-172.55435567708082,0.9341333333333334,0.7351750135421753,0.08663523197174072,1.028194785118103
91,8392,-127.14057844453512,-172.05530318001988,0.9335633333333333,0.1595684140920639,0.4920545220375061,0.40195930004119873
92,8517,-86.96414558089558,-171.13039929307288,0.93257375,1.6736280918121338,0.6940327882766724,1.9655864238739014
93,8649,-87.55017388958854,-170.23168719196016,0.93152875,1.8113356828689575,0.19700980186462402,2.0891246795654297
94,8747,-174.20153503175297,-170.27391961578775,0.9307529166666667,0.4337334930896759,3.0150840282440186,0.7197699546813965
95,8826,-232.00938143025658,-170.92376658225584,0.9301275,1.8261898756027222,2.4420459270477295,2.1307246685028076
96,8947,-277.29376085701665,-172.03178735595125,0.9291695833333333,2.059699296951294,0.449733704328537,2.3088724613189697
97,9053,-268.8946248429712,-173.0303733094257,0.9283304166666667,0.46752044558525085,0.08773672580718994,0.754817008972168
98,9171,-110.78166737910749,-172.3951824325857,0.92739625,0.5580686330795288,2.7074503898620605,0.8798630237579346
99,9269,-141.20806120743083,-172.08016100606898,0.9266204166666667,1.302971601486206,2.6431493759155273,1.5765992403030396
100,9353,-73.7505443005742,-171.09686483901405,0.9259554166666667,1.837621808052063,0.3830753564834595,2.121675968170166
101,9440,-118.28882713800103,-170.38013300847538,0.9252666666666667,0.18357500433921814,2.651535749435425,0.44410771131515503
102,9538,-422.3974909320141,-173.7809863367122,0.9244908333333334,1.1551156044006348,1.9052869081497192,1.4590675830841064
103,9665,-59.86414848691833,-170.44762407678988,0.9234854166666666,0.48670417070388794,3.087116241455078,0.7767769694328308
104,9795,-179.45630338116922,-170.68062049027736,0.92245625,0.4920419454574585,3.1897547245025635,0.7407844066619873
105,9926,-194.44309002310553,-172.6216490707657,0.9214191666666667,0.2937973439693451,1.9690923690795898,0.5920543074607849
106,10001,-92.62679903274054,-172.31494276300214,0.9208254166666667,3.2524776458740234,0.6826581954956055,3.7038393020629883
107,10074,-286.33310299778714,-174.07734577878625,0.9202475,0.6805117130279541,4.743038177490234,0.9735106825828552
108,10180,-126.73882212478688,-174.21024394748503,0.9194083333333334,1.297385811805725,3.352327585220337,1.581663727760315
109,10272,-137.76928954556655,-174.72387493458336,0.91868,0.24761341512203217,3.324491500854492,0.5324445962905884
110,10345,-111.0999546562361,-174.2725034497549,0.9181020833333333,0.595733642578125,2.212891101837158,0.8727735280990601
111,10424,-47.18128916980483,-173.80795686587078,0.9174766666666667,3.172173261642456,0.27085214853286743,3.486395835876465
112,10504,-104.04287122032784,-172.13809095891133,0.9168433333333333,2.985672950744629,-1.3088617324829102,3.2894842624664307
113,10595,-104.72720144288384,-172.246421186538,0.9161229166666667,0.2542349100112915,3.3772664070129395,0.5855319499969482
114,10721,-95.39195702145585,-170.02083086619638,0.9151254166666667,0.48943808674812317,3.032867431640625,0.7725099325180054
115,10808,-357.41069380999545,-172.13021373403603,0.9144366666666667,0.4420561194419861,1.025270938873291,0.6968975067138672
116,10880,-52.088326157820475,-171.8566647614146,0.9138666666666666,0.2088380604982376,3.9250247478485107,0.5141000747680664
117,11011,-236.03831606968077,-169.7138178052201,0.9128295833333333,0.6111468076705933,3.608459234237671,1.0270549058914185
118,11086,-205.25647353569923,-170.63885751060795,0.9122358333333334,0.283199280500412,3.3926029205322266,0.5710046887397766
119,11178,-130.53254518097359,-169.8554697466976,0.9115075,1.3363215923309326,3.1917710304260254,1.6339867115020752
120,11259,-89.70607977339584,-168.5767919210487,0.91086625,1.284644365310669,0.535815954208374,1.601747751235962
121,11332,-81.2176508075275,-168.4079721771971,0.9102883333333334,2.7807016372680664,3.924642562866211,3.066741704940796
122,11400,-196.94273346132223,-168.61654718476296,0.9097500000000001,0.23775257170200348,3.1511759757995605,0.5391565561294556
123,11474,-76.44172548771567,-167.65582158541127,0.9091641666666667,0.7878073453903198,2.0620059967041016,1.0915241241455078
124,11582,-84.01488520379094,-165.78170156535734,0.9083091666666667,0.1964176744222641,3.1761038303375244,0.4895934462547302
125,11734,-97.91268513595122,-165.60836311187234,0.9071058333333333,1.5064430236816406,1.0714976787567139,1.8063161373138428
126,11870,-131.1861047393533,-164.88993075737636,0.9060291666666667,0.2717239260673523,4.270223617553711,0.5237513780593872
127,12003,-230.1191431518081,-162.74715880595838,0.90497625,1.795515537261963,2.1623780727386475,2.1970396041870117
128,12082,-103.0951923551262,-161.33792788259552,0.9043508333333333,0.8001101016998291,2.575974225997925,1.1243045330047607
129,12209,-171.3865871268585,-162.27526324732483,0.9033454166666667,0.7227915525436401,3.9039793014526367,1.0368266105651855
130,12293,-95.2809760381319,-162.22375863713546,0.9026804166666667,0.43261241912841797,4.7953948974609375,0.7024978399276733
131,12382,-16.40980559526227,-159.39975467221163,0.9019758333333333,0.7095874547958374,5.884512424468994,1.01430082321167
132,12471,-70.41433924082506,-155.5892898461678,0.90127125,1.478832483291626,5.520689487457275,1.7748006582260132
133,12585,-117.69922129897196,-156.0045668063049,0.90036875,3.184201240539551,2.622346878051758,3.4318432807922363
134,12654,-68.4268750482897,-153.44606773956636,0.8998225,0.4810413718223572,3.059134006500244,0.8117163181304932
135,12755,-78.60157967381612,-153.25290742020178,0.8990229166666667,2.6480982303619385,4.738260269165039,2.928436756134033
136,12843,-165.1636891771923,-152.2737942758017,0.89832625,1.6065737009048462,6.303066253662109,1.893114686012268
137,12977,-4.41058997482439,-151.14756202233065,0.8972654166666667,0.18648198246955872,7.413286209106445,0.4842265248298645
138,13065,12.586316621401934,-151.09587105118567,0.89656875,2.167417526245117,5.959222793579102,2.5856258869171143
139,13134,-92.24275122592702,-151.27521990651005,0.8960224999999999,1.531396746635437,4.638219356536865,1.8065834045410156
140,13214,19.843216801088545,-149.14580202285765,0.8953891666666667,4.1047563552856445,4.417149543762207,4.429555416107178
141,13334,-108.28455547455958,-149.36682513704278,0.8944391666666667,0.8206228017807007,4.9374542236328125,1.0933821201324463
142,13434,-168.8856376573878,-149.16169191675397,0.8936475,0.4967181086540222,6.665950775146484,0.8321840167045593
143,13565,-87.99464119832447,-148.60742521822766,0.8926104166666666,0.9643874168395996,4.625732898712158,1.2388588190078735
144,13637,-105.14258109729134,-147.95042101744582,0.8920404166666667,0.5141496658325195,7.111047267913818,0.8384972810745239
145,13774,-103.57321314141713,-144.75248940588108,0.8909558333333334,1.8241750001907349,1.4483327865600586,2.116121768951416
146,13853,-101.95755201682485,-144.88348395468546,0.8903304166666667,3.2789297103881836,5.194282531738281,3.591362476348877
147,13953,-123.98830280074756,-145.17420431750176,0.88953875,0.36221081018447876,6.302366256713867,0.6878018379211426
148,14077,-113.87758362823003,-145.32874866659478,0.8885570833333334,0.5595529079437256,2.782572031021118,0.8507465720176697
149,14200,-132.0370785093553,-143.67143277115667,0.8875833333333334,0.289450079202652,9.589070320129395,0.5954549312591553
150,14264,-51.60878870265806,-141.3110770715918,0.8870766666666667,0.957279622554779,7.297431468963623,1.2525824308395386
151,14384,-161.85308789082058,-140.95871665760808,0.8861266666666667,1.4082812070846558,9.31612491607666,1.691967487335205
152,14519,-66.61866712435426,-140.31744611367256,0.8850579166666667,0.3362911641597748,8.675209045410156,0.656834602355957
153,14614,-123.29704090147285,-140.03554443577474,0.8843058333333333,0.7587915658950806,9.113394737243652,1.055393934249878
154,14730,-258.09230720309506,-140.59910778129955,0.8833875,3.773022413253784,2.5657877922058105,4.087835311889648
155,14843,-101.58510029957915,-140.1493602754082,0.8824929166666666,2.5287764072418213,8.984391212463379,2.8301587104797363
156,14934,-99.98140543581306,-139.90249857975468,0.8817725,0.7876276969909668,6.071674346923828,1.1290227174758911
157,15011,-82.23845952793911,-137.4932220872821,0.8811629166666667,0.5306096076965332,7.537692070007324,0.8981366157531738
158,16011,55.7854473952236,-135.65161659157434,0.87324625,2.2606968879699707,8.199119567871094,2.668578624725342
159,16093,-47.38728347642855,-135.37346390122102,0.8725970833333334,1.569076657295227,7.129542350769043,1.8905142545700073
160,16179,-142.54587263892668,-135.40242492153718,0.87191625,1.4722431898117065,9.194360733032227,1.8467671871185303
161,16281,-98.4488314257207,-136.15701985103277,0.87110875,0.8758068680763245,6.344949245452881,1.2106571197509766
162,16364,-72.61456500822246,-134.13188842416218,0.8704516666666666,0.8047757148742676,7.409116744995117,1.1468358039855957
163,16441,-74.57440802895306,-131.56015540795784,0.8698420833333333,0.5258001089096069,6.100217819213867,0.8129853010177612
164,16515,-83.73474642021036,-131.57474486907068,0.8692562500000001,0.402964323759079,9.889946937561035,0.7003088593482971
165,16580,-68.61979929401888,-130.723487816047,0.8687416666666667,0.6547244787216187,9.125435829162598,0.9370064735412598
166,16722,-53.68729198029188,-129.36018681187412,0.8676175,0.7814893126487732,5.380969524383545,1.1464176177978516
167,16839,-107.91070546422166,-129.94327877969272,0.86669125,2.1804003715515137,9.620529174804688,2.505849838256836
168,16995,15.392322084943743,-127.30724016226402,0.86545625,0.6058288812637329,10.96890640258789,0.928146243095398
169,17077,-65.91612126543347,-126.77558807659652,0.8648070833333333,1.381547212600708,12.09029769897461,1.753446340560913
170,17200,-117.01114457339278,-126.97195307298827,0.8638333333333333,3.279132843017578,9.4833984375,3.660703659057617
171,17269,-76.52982870680017,-126.15386638490708,0.8632870833333334,0.46139517426490784,7.435904502868652,0.7833688259124756
172,17330,-70.07051736724736,-126.56711806185768,0.8628041666666667,1.3919073343276978,11.717606544494629,1.6971287727355957
173,17449,-120.14120695958744,-126.54985729733644,0.8618620833333334,0.3632861375808716,11.35918140411377,0.6647735238075256
174,17559,-129.09278064658292,-125.33658306795715,0.86099125,0.7021992206573486,7.883554458618164,1.0168249607086182
175,17660,-196.46802607923297,-127.28920623048415,0.8601916666666667,0.8191324472427368,9.427740097045898,1.1408900022506714
176,17773,-63.973418680219396,-126.64644239174777,0.8592970833333333,1.8425476551055908,13.848161697387695,2.150299072265625
177,17846,-86.55561878902738,-124.4269818922861,0.8587191666666667,2.034862756729126,9.574281692504883,2.3746633529663086
178,17915,-47.83117886506018,-123.74341315174503,0.8581729166666667,0.36307406425476074,12.488655090332031,0.652870774269104
179,18046,-79.83200307162309,-123.4440743793828,0.8571358333333333,0.31524932384490967,11.295034408569336,0.6593853831291199
180,18134,-74.60189819988194,-123.10231182714784,0.8564391666666666,1.5990970134735107,7.819918632507324,1.9427943229675293
181,18224,-90.85053919997945,-122.73970452408199,0.8557266666666666,0.47397667169570923,12.762290000915527,0.8170722126960754
182,18357,-135.28847273337192,-123.3115699863301,0.85467375,0.8485757112503052,14.97810173034668,1.1758553981781006
183,18448,-171.1577516653585,-123.18003658781669,0.8539533333333333,0.5661443471908569,9.69188404083252,0.8920736312866211
184,18549,-118.77433493686911,-121.12909969098993,0.85315375,0.3850298225879669,12.472635269165039,0.7236788272857666
185,18637,-127.31250109350107,-119.90095857079942,0.8524570833333334,1.9643810987472534,13.586787223815918,2.254880428314209
186,18726,-35.9307263652001,-119.47706597888018,0.8517525,2.558393955230713,11.367517471313477,2.9001715183258057
187,18798,-44.017298759263525,-119.24219804535838,0.8511825,0.26824235916137695,11.87307357788086,0.5464937090873718
188,18924,-129.04331262467315,-118.66705567715304,0.850185,1.8745391368865967,11.707565307617188,2.209433078765869
189,18998,-69.36400662308884,-115.97055392090577,0.8495991666666667,1.2739286422729492,13.033262252807617,1.5999541282653809
190,19062,-79.89441085109583,-113.78743890907883,0.8490925,1.8089630603790283,13.399784088134766,2.1856257915496826
191,19158,-28.761915310297624,-112.80365227773643,0.8483325,1.2676323652267456,15.593452453613281,1.609574556350708
192,19267,-91.98785337758164,-112.8538893557033,0.8474695833333333,1.0214264392852783,13.319478988647461,1.360520362854004
193,19340,-130.85722900916534,-113.28695990689907,0.8468916666666666,0.8575131893157959,14.42288875579834,1.138468623161316
194,19434,-111.9940145722978,-112.66488470230452,0.8461475,0.8305405378341675,10.742279052734375,1.1483404636383057
195,19529,-75.76979976461317,-111.10248888564809,0.8453954166666666,1.1571252346038818,17.318805694580078,1.4622528553009033
196,19589,-87.49079326047121,-109.20445920968267,0.8449204166666666,0.5073174834251404,6.211936950683594,0.8312816619873047
197,19706,-118.64568663531891,-107.70196982760613,0.8439941666666666,1.11809504032135,15.382715225219727,1.4540810585021973
198,19813,-69.8914749226638,-107.29306790304169,0.8431470833333333,1.7517699003219604,11.154065132141113,2.0739853382110596
199,19983,-143.64976751602362,-107.31748496612761,0.8418012500000001,0.7421440482139587,15.193574905395508,1.0699489116668701
200,20063,-135.09875954440705,-107.93096711856597,0.8411679166666667,0.9419340491294861,12.447192192077637,1.330453872680664
201,20135,-89.16529402114857,-107.63973178739744,0.8405979166666666,2.1652653217315674,15.479574203491211,2.487902879714966
202,20226,-195.92122614433924,-105.37496913952069,0.8398775,0.1855372041463852,20.833969116210938,0.47498801350593567
203,20295,-104.51750308891144,-105.82150268554062,0.83933125,2.4072513580322266,18.299259185791016,2.732299327850342
204,20395,-146.72825399420805,-105.494222191671,0.8385395833333333,2.5422778129577637,12.170592308044434,2.865143299102783
205,20482,-76.12281623261944,-104.31101945376614,0.8378508333333333,0.8114362955093384,11.827300071716309,1.1325421333312988
206,20578,-104.78214615965871,-104.43257292503532,0.8370908333333333,1.9485682249069214,13.58790111541748,2.2910518646240234
207,20647,-113.17109257539624,-102.70095282081142,0.8365445833333334,2.6269657611846924,16.676055908203125,2.989514112472534
208,20723,-51.43477970387075,-101.94791239660225,0.8359429166666666,0.3245317339897156,16.465866088867188,0.6646459102630615
209,20851,-118.19124791502487,-101.75213198029684,0.8349295833333333,1.9085686206817627,12.478325843811035,2.23795485496521
210,20932,-156.99548009595748,-102.21108723469405,0.8342883333333333,1.7341346740722656,13.441575050354004,2.0561654567718506
211,21002,-37.21379459429822,-102.11141228893898,0.8337341666666667,1.8875923156738281,20.628877639770508,2.3217110633850098
212,21061,-90.73879056040954,-101.9783714823398,0.8332670833333333,1.1867653131484985,15.808136940002441,1.5472133159637451
213,21158,-142.84528082780253,-102.35955227618899,0.8324991666666667,0.41267311573028564,21.546371459960938,0.7579218745231628
214,21282,-58.102707455607074,-101.9866597805305,0.8315175,0.6946662664413452,10.492683410644531,1.0395334959030151
215,21379,-238.76116126989047,-100.80016445512948,0.8307495833333334,0.9747686386108398,13.692935943603516,1.2888071537017822
216,21464,-88.48089692317015,-101.16409016278298,0.8300766666666667,0.9999579191207886,19.642629623413086,1.3452470302581787
217,21572,-138.22046924559334,-100.18591169454209,0.8292216666666667,1.9726014137268066,13.753202438354492,2.307644844055176
218,21674,-82.12129329698838,-98.95455989215498,0.8284141666666667,1.0553739070892334,19.446142196655273,1.3923909664154053
219,21745,-95.19749099180962,-98.60120935026333,0.8278520833333334,3.5142459869384766,15.894478797912598,3.856484889984131
220,21808,-66.75045257439413,-98.37165307827328,0.8273533333333334,0.9522234201431274,15.737630844116211,1.3281224966049194
221,21952,-236.83216677902803,-99.9277982379883,0.8262133333333334,1.779937982559204,17.952754974365234,2.0606131553649902
222,22057,-124.00836633363599,-99.19845456671142,0.8253820833333334,2.4559640884399414,19.582866668701172,2.7850193977355957
223,22182,-145.58063965422232,-99.8898437083765,0.8243925000000001,0.3210848569869995,19.011964797973633,0.6265627145767212
224,22296,-93.00006628257358,-99.97969551916432,0.82349,1.753273367881775,19.92240333557129,2.0973355770111084
225,22370,-141.96260290007245,-100.42019469680554,0.8229041666666667,1.2143498659133911,14.026405334472656,1.5638420581817627
226,22447,-93.57549823210181,-100.04408863173302,0.8222945833333334,1.1813846826553345,8.716241836547852,1.5600227117538452
227,22519,-43.18660149127392,-98.17476321512768,0.8217245833333333,0.4671486020088196,21.11972999572754,0.7937319278717041
228,22632,-105.17881486551653,-98.19559944023158,0.8208300000000001,1.4695961475372314,23.419321060180664,1.803971529006958
229,22716,-76.8312743514436,-97.25004631247744,0.820165,1.880152702331543,19.835567474365234,2.233673334121704
230,22821,-92.66303015235758,-97.2238668536197,0.81933375,2.0410094261169434,19.48650360107422,2.4000914096832275
231,22922,-114.36108058459534,-98.20337960351303,0.8185341666666667,1.0926034450531006,17.885456085205078,1.4311110973358154
232,23027,-112.08753574728033,-98.62011156857757,0.8177029166666667,1.675760269165039,17.752653121948242,2.057157039642334
233,23126,-90.45476942486222,-98.34766704983649,0.8169191666666666,2.618318557739258,21.06757164001465,2.949451446533203
234,23267,-97.60814613808485,-98.63947976073443,0.8158029166666667,1.267892837524414,17.979938507080078,1.6277661323547363
235,23371,-124.32708400017793,-99.09673480399807,0.8149795833333333,0.6375392079353333,24.128751754760742,0.9963223338127136
236,23500,-88.73784315910066,-98.33247634381716,0.8139583333333333,1.4001002311706543,17.75109100341797,1.756577968597412
237,23616,-90.28738900770654,-99.19124433414598,0.81304,0.6585785746574402,16.109981536865234,0.9956321716308594
238,23717,-61.63716129462315,-99.9334791133062,0.8122404166666667,0.9652881622314453,15.51484489440918,1.3004944324493408
239,23820,-89.29671926394838,-99.9040187936864,0.8114250000000001,0.3458164930343628,23.189910888671875,0.673377275466919
240,23907,-55.29190389396466,-100.65537000063696,0.8107362499999999,0.2715759575366974,19.918193817138672,0.6067637205123901
241,24017,-48.876274916965556,-100.06128719506101,0.8098654166666667,2.3256282806396484,15.902528762817383,2.7126193046569824
242,24141,-277.04020742039927,-101.14283289269113,0.80888375,0.2350401133298874,26.199756622314453,0.5421888828277588
243,24224,-67.897682567934,-100.94186330638723,0.8082266666666666,0.7263311743736267,15.523357391357422,1.0814584493637085
244,24348,-47.69161779346475,-100.36735367334899,0.807245,1.0285775661468506,19.681074142456055,1.3497779369354248
245,24435,-49.74937771187775,-99.82911531905359,0.80655625,0.41945451498031616,20.680580139160156,0.7631732225418091
246,24509,-64.00972694618997,-99.44963706834722,0.8059704166666667,2.3363077640533447,25.276084899902344,2.663747549057007
247,24632,-171.5753397548697,-99.92550743788847,0.8049966666666667,1.0670195817947388,21.986480712890625,1.4158297777175903
248,24729,-143.8110263422897,-100.22484186502905,0.80422875,0.3996700048446655,21.725948333740234,0.6920504570007324
249,24872,-135.64418868768337,-100.26091296681233,0.8030966666666667,2.70154070854187,24.39767837524414,3.009561538696289
250,24944,-91.0721082370088,-100.65554616215583,0.8025266666666666,1.3077991008758545,18.94626235961914,1.6630762815475464
251,25051,-103.84142989324847,-100.0754295821801,0.8016795833333333,0.770589292049408,15.241758346557617,1.1542083024978638
252,25164,-108.97451567560817,-100.49898806769266,0.8007850000000001,0.982141375541687,18.6451416015625,1.3061087131500244
253,25237,-71.20673148580707,-99.978084973536,0.8002070833333333,1.5212428569793701,17.961776733398438,1.868834376335144
254,25315,-98.1862194090141,-98.37902409559518,0.7995895833333333,0.5551815032958984,20.909528732299805,0.8918015956878662
255,25397,-111.16066909612469,-98.47477978356062,0.7989404166666667,1.9412956237792969,20.454708099365234,2.298520088195801
256,25468,-63.14757765986202,-98.1064415058011,0.7983783333333334,1.816083550453186,23.553836822509766,2.169098138809204
257,25546,-29.204602216925096,-97.57610293269097,0.7977608333333334,0.42838531732559204,24.59419059753418,0.7405663728713989
258,25639,-251.7164064000204,-100.65112147064343,0.7970245833333334,1.3605914115905762,20.895885467529297,1.6773693561553955
259,25743,-98.57343490098413,-101.16298298488897,0.79620125,1.1261529922485352,18.580657958984375,1.485693335533142
260,25847,-111.92847805827668,-100.85680903908248,0.7953779166666667,2.8071138858795166,16.24650764465332,3.156494617462158
261,25937,-157.0559420522594,-101.44288014534784,0.7946654166666667,1.406129240989685,15.94686222076416,1.7014331817626953
262,26058,-67.26425258871714,-101.38937702115278,0.7937075,0.8369484543800354,23.619903564453125,1.1478352546691895
263,26148,-83.18914223978814,-101.47552436326114,0.792995,0.9644545316696167,24.355342864990234,1.3275249004364014
264,26225,-202.84063477233855,-102.66658324678241,0.7923854166666666,1.491469144821167,19.236766815185547,1.8596158027648926
265,26301,-119.65807989946875,-103.17696605283695,0.79178375,1.0007805824279785,21.92082977294922,1.343388319015503
266,26411,-124.06713342749036,-103.88076446730892,0.7909129166666666,0.4208889603614807,27.588790893554688,0.7718667984008789
267,26472,-76.10010970014622,-103.56265850966818,0.79043,0.5651769042015076,23.692201614379883,0.9349448680877686
268,26599,-85.19021666387601,-104.56848389715637,0.7894245833333333,0.5372029542922974,26.835912704467773,0.8947475552558899
269,26766,-59.84371091624719,-104.50775979366452,0.7881025,3.4002413749694824,20.36955451965332,3.7515041828155518
270,26903,-74.91195199984932,-104.08676786792908,0.7870179166666667,2.323957920074463,23.741167068481445,2.642791271209717
271,26988,-94.37620041926401,-104.2652315850537,0.7863450000000001,2.183063507080078,26.129863739013672,2.563450336456299
272,27051,-81.01013059352275,-104.37462771731647,0.7858462500000001,1.9895851612091064,21.212440490722656,2.3310916423797607
273,27131,-113.12079565510682,-104.30442360427163,0.7852129166666667,0.5372813940048218,25.754016876220703,0.8685476779937744
274,27205,-99.87681204536278,-104.01226391825944,0.7846270833333333,6.242064952850342,13.88154411315918,6.613612651824951
275,27314,-110.24239840016064,-103.1500076414687,0.7837641666666667,1.3779150247573853,24.06631851196289,1.7182364463806152
276,27411,-122.45614148061324,-103.73483486947265,0.7829962500000001,0.3415825366973877,21.71206283569336,0.6389964818954468
277,27511,-146.7029083195057,-104.33630776477744,0.7822045833333333,1.680411696434021,27.521286010742188,1.9868950843811035
278,27599,-84.71525086205651,-104.70514848474741,0.7815079166666666,1.4357022047042847,18.008255004882812,1.7926394939422607
279,27689,-137.13848570367006,-105.2782133110679,0.7807954166666666,2.1883468627929688,21.084936141967773,2.5181469917297363
280,27758,-86.09680964532313,-105.39316242552232,0.7802491666666667,0.5183347463607788,26.304105758666992,0.9176635146141052
281,27883,-54.33069986242589,-105.02796403214677,0.7792595833333333,1.2530180215835571,18.793296813964844,1.5941917896270752
282,27953,-85.54149457607267,-104.5304942505738,0.7787054166666667,0.9691647291183472,20.97016143798828,1.3000894784927368
283,28064,-85.12824506132574,-103.67019918453344,0.7778266666666667,5.352451324462891,24.79021453857422,5.694923400878906
284,28195,-82.72029858917821,-103.30965882105654,0.7767895833333334,0.6783285140991211,30.221759796142578,1.029821753501892
285,28295,-197.921879032922,-104.01575260045074,0.7759979166666666,1.4601361751556396,17.386341094970703,1.7804069519042969
286,28419,-109.8259443252856,-104.7547047800516,0.77501625,1.4542638063430786,20.66802406311035,1.80364990234375
287,28550,-42.439389769968514,-104.73892569015865,0.7739791666666667,0.7376943826675415,23.593088150024414,1.1029551029205322
288,28624,-83.46243907734959,-104.28311695468541,0.7733933333333334,0.4974501132965088,26.00969696044922,0.8522080183029175
289,28710,-41.547657229748005,-104.00495346075202,0.7727125,1.6150935888290405,19.7855167388916,1.9373102188110352
290,28801,-72.71338361457084,-103.93314318838677,0.7719920833333334,1.7081072330474854,19.62177276611328,2.0729105472564697
291,28912,-72.28815400174301,-104.36840557530122,0.7711133333333333,0.31364554166793823,30.397348403930664,0.6623319387435913
292,29012,-128.77415395664235,-104.73626858109185,0.7703216666666667,0.8152139186859131,24.001537322998047,1.212311863899231
293,29086,-37.134623368983995,-103.79904252469001,0.7697358333333333,0.9973925352096558,28.113059997558594,1.3392044305801392
294,29177,-25.31626227104853,-102.93226500167752,0.7690154166666667,1.5025956630706787,31.31178855895996,1.8594218492507935
295,29273,-80.58039075723644,-102.98037091160377,0.7682554166666666,0.9016814231872559,31.378429412841797,1.192427158355713
296,29335,-44.39409638587284,-102.54940394285777,0.7677645833333333,3.25990891456604,22.88254165649414,3.6105194091796875
297,29433,-84.4665431721694,-102.20761250822626,0.76698875,0.6880584955215454,30.23168182373047,1.0017033815383911
298,29526,-92.06405133886003,-102.42933827238825,0.7662525,0.5673101544380188,26.38092803955078,0.9039334058761597
299,29618,-85.72195724971476,-101.85006016972515,0.7655241666666667,0.46152642369270325,30.630470275878906,0.8067736625671387
300,29772,-51.03245242014307,-101.0093970984825,0.764305,1.2490215301513672,26.48495864868164,1.5933189392089844
301,29830,-84.66382092637328,-100.96438236753472,0.7638458333333333,1.8079355955123901,29.648683547973633,2.20414400100708
302,29929,-43.731258379885475,-99.44248268989018,0.7630620833333334,2.324577569961548,21.849720001220703,2.626800060272217
303,30043,-67.52468442829127,-99.072554503284,0.7621595833333333,2.10532283782959,27.852764129638672,2.4235007762908936
304,30112,-47.64808831632271,-98.08175284650514,0.7616133333333334,0.5930004119873047,33.883514404296875,0.9651964902877808
305,30309,-47.67953052480648,-97.79731998942701,0.76005375,0.5706872940063477,27.700748443603516,0.8962019085884094
306,30421,-85.62393398590692,-97.60573786768951,0.7591670833333334,1.9094959497451782,24.3013916015625,2.262157917022705
307,30480,-149.34614718913406,-97.96748841382687,0.7587,0.477048397064209,27.647438049316406,0.808440625667572
308,30577,-82.03398637504601,-98.27348048053864,0.7579320833333333,4.46112585067749,21.743160247802734,4.80418586730957
309,30677,-117.24616548037069,-98.2640296561921,0.7571404166666666,1.04276442527771,21.299436569213867,1.406459093093872
310,30767,-54.63662058198872,-97.2404410610524,0.7564279166666666,1.499830722808838,20.52845001220703,1.8745430707931519
311,30848,-36.8595852488815,-97.23689896759825,0.7557866666666667,0.8439369201660156,24.479284286499023,1.2191256284713745
312,30937,-20.596293447220447,-96.53547399646634,0.7550820833333334,1.996853232383728,28.215545654296875,2.3676841259002686
313,31045,-85.32045749947594,-95.96022576318308,0.7542270833333333,2.599398374557495,22.684467315673828,2.9838614463806152
314,31143,-78.51883376057488,-96.16438702623276,0.75345125,0.9544625282287598,27.286922454833984,1.2948081493377686
315,31236,-91.29862884277428,-94.6897617019616,0.752715,0.4904264509677887,27.31119155883789,0.8285166621208191
316,31311,-60.22340051588496,-94.40718673788875,0.75212125,0.3431658148765564,30.901918411254883,0.6541656255722046
317,31444,-39.82065379938436,-93.42318858342665,0.7510683333333333,1.121384620666504,24.619935989379883,1.451521873474121
318,31575,-31.109340409049864,-92.91306905454726,0.75003125,0.2864087224006653,34.40080642700195,0.6221250295639038
319,31653,-44.6216669807396,-92.40731081443657,0.74941375,0.8691318035125732,31.493267059326172,1.2350653409957886
320,31745,-20.634231000781995,-91.94614859870046,0.7486854166666667,0.6665112376213074,27.015714645385742,1.0264607667922974
321,31838,-75.50741608319669,-90.33290109174213,0.7479491666666667,2.0362415313720703,19.928983688354492,2.4078798294067383
322,31949,-128.07820675610387,-90.37359949596683,0.7470704166666666,2.053466796875,26.358169555664062,2.389636993408203
323,32015,-44.69843445454747,-89.36477744397006,0.7465479166666666,1.7072128057479858,23.750165939331055,2.063638925552368
324,32123,-93.98304754247505,-89.37460725656906,0.7456929166666667,1.9120802879333496,19.937829971313477,2.2522964477539062
325,32248,-62.26778009455937,-88.57765902851393,0.7447033333333333,1.1472538709640503,28.70718765258789,1.5133070945739746
326,32338,-96.1155566200495,-88.60305961239341,0.7439908333333334,1.2763464450836182,21.574960708618164,1.6579056978225708
327,32429,-97.63802972734142,-89.14757389475407,0.7432704166666667,2.108452320098877,20.45419692993164,2.467442035675049
328,32526,-88.2029337160734,-88.97781508325964,0.7425025000000001,3.257810354232788,26.08431625366211,3.633269786834717
329,32660,-92.55628886838632,-89.13506522842908,0.7414416666666667,1.3388351202011108,30.040163040161133,1.6772422790527344
330,32752,-86.46503186798438,-89.07308524558537,0.7407133333333333,1.809012532234192,21.498884201049805,2.1464858055114746
331,32828,-73.02051973023462,-88.65967963704178,0.7401116666666667,1.3587676286697388,24.887115478515625,1.7181594371795654
332,32950,-31.32814358121192,-87.8520857153811,0.7391458333333334,1.2744019031524658,35.223541259765625,1.6102797985076904
333,33077,-50.87536325555244,-87.45629165368798,0.7381404166666667,1.8282990455627441,17.625150680541992,2.2013731002807617
334,33205,-28.66016155087314,-86.76681180781587,0.7371270833333333,1.0778354406356812,29.367198944091797,1.440840721130371
335,33303,-106.60278118658887,-86.58956877967998,0.73635125,0.8666176795959473,22.789905548095703,1.2146764993667603
336,33394,-55.6276122320454,-86.25846647040945,0.7356308333333333,0.8546190857887268,24.050369262695312,1.1691805124282837
337,33515,-75.36796391280915,-86.10927221946045,0.7346729166666667,0.6078378558158875,33.5590705871582,1.0370112657546997
338,33649,-68.37702852792302,-86.17667089179344,0.7336120833333334,0.9299982786178589,22.84918975830078,1.2738075256347656
339,33753,-60.332175025480666,-85.88702544940874,0.73278875,1.3355529308319092,24.02077865600586,1.6693551540374756
340,33865,-53.032781050890264,-85.864434220978,0.7319020833333334,0.23175641894340515,31.07093048095703,0.5374048948287964
341,33921,-75.39197424566802,-86.12959121426502,0.73145875,0.3378531336784363,35.240272521972656,0.6503801941871643
342,34019,-63.72727217180997,-83.99646186177911,0.7306829166666666,0.8850979804992676,20.799102783203125,1.2507367134094238
343,34106,-66.33553314405162,-83.9808403675403,0.7299941666666667,0.9083596467971802,25.12643814086914,1.2219152450561523
344,34228,-33.36777578118884,-83.83760194741757,0.7290283333333334,0.9490122199058533,23.487384796142578,1.3112317323684692
345,34318,-67.2572491876732,-84.01268066217554,0.7283158333333334,1.0271546840667725,28.095056533813477,1.3497999906539917
346,34410,-77.1618778205991,-84.14420217091961,0.7275875,2.4969046115875244,20.680665969848633,2.870694160461426
347,34540,-218.19298871843267,-84.61037866055526,0.7265583333333334,0.76613450050354,31.615163803100586,1.0899081230163574
348,34597,-87.8995463582904,-84.05126386071527,0.7261070833333334,0.8854321241378784,36.171382904052734,1.2429530620574951
349,34696,-16.37148666282019,-82.85853684046663,0.7253233333333333,0.37898507714271545,30.808908462524414,0.739431619644165
350,34784,-26.910515014681508,-82.21692090824334,0.7246266666666668,0.8395003080368042,19.10417938232422,1.2406392097473145
351,34905,-29.954002065273528,-81.47804662996361,0.7236687500000001,1.3273319005966187,32.80630111694336,1.6700356006622314
352,35007,-55.02797640959745,-80.9385812373035,0.72286125,0.5228534936904907,40.645355224609375,0.8797555565834045
353,35084,-73.08083962636383,-80.95732231870906,0.7222516666666667,2.261024236679077,24.00933074951172,2.614781141281128
354,35168,-95.96146948410912,-80.93507481946001,0.7215866666666667,0.8601399660110474,37.16289520263672,1.210399866104126
355,35259,-82.23474555262621,-80.64581558402503,0.72086625,0.9520002603530884,27.104877471923828,1.2777793407440186
356,35379,-116.98255967912269,-81.18416540421762,0.71991625,1.0559312105178833,38.56134796142578,1.371757984161377
357,35482,-108.09789320951428,-81.97309831414354,0.7191008333333333,1.0892465114593506,19.580747604370117,1.4590847492218018
358,35600,-142.4007889863504,-80.87994214000682,0.7181666666666666,2.089813709259033,29.414695739746094,2.4478678703308105
359,35699,-66.77554417711829,-80.56196323276818,0.7173829166666668,0.5611034631729126,29.291074752807617,0.9155851602554321
360,35785,-18.649702754844014,-79.62917547973385,0.7167020833333333,3.290616989135742,28.266897201538086,3.607583522796631
361,35920,-75.64002261152629,-78.81501628532652,0.7156333333333333,0.8587267398834229,28.533903121948242,1.1859583854675293
362,35995,-62.09534578972762,-78.76332721733662,0.7150395833333334,0.48316431045532227,24.617053985595703,0.8186874389648438
363,36114,-34.44931603078969,-78.27592895524664,0.7140975,1.9696484804153442,25.917858123779297,2.2746775150299072
364,36244,-108.50430417523052,-77.33256564927555,0.7130683333333334,0.6240792274475098,33.7301025390625,0.9492075443267822
365,36319,-69.4400134053848,-76.83038498433471,0.7124745833333334,1.783859372138977,28.622013092041016,2.1687893867492676
366,36447,-91.27718696894131,-76.50248551974921,0.7114612499999999,0.5318805575370789,29.668704986572266,0.9298014640808105
367,36550,-45.59913206420869,-76.19747574338984,0.7106458333333334,2.257300853729248,27.053024291992188,2.634040355682373
368,36660,-163.15483628569382,-76.97712193960803,0.709775,0.2950180768966675,31.320507049560547,0.6170378923416138
369,36735,-89.21510649453936,-77.27083589539095,0.7091812500000001,0.6455892324447632,32.15476989746094,0.9868019819259644
370,36856,-60.15459403038582,-77.12326231569631,0.7082233333333334,0.684149444103241,31.790990829467773,0.9978665709495544
371,36975,-58.16192897416321,-76.7611196012453,0.7072812500000001,0.9608086347579956,26.796951293945312,1.3185949325561523
372,37087,-67.33534923980912,-76.62437178770817,0.7063945833333334,1.4872877597808838,24.120267868041992,1.848130464553833
373,37166,-41.08178233246181,-75.90398165448171,0.7057691666666668,2.781064033508301,29.855159759521484,3.131438970565796
374,37286,-37.813669333938094,-75.28335022736746,0.7048191666666668,2.1584506034851074,19.519723892211914,2.5118613243103027
375,37376,-78.62604028741576,-74.96718664624002,0.7041066666666667,0.5141223669052124,34.187705993652344,0.8450634479522705
376,37507,-43.46219499746313,-74.17724718140852,0.7030695833333334,1.0645495653152466,26.139698028564453,1.4125949144363403
377,37599,-68.61079344629505,-73.39632603267643,0.7023412499999999,1.7480230331420898,19.6688289642334,2.111095666885376
378,37700,-43.7251011472737,-72.9864245355286,0.7015416666666667,0.8436578512191772,30.959253311157227,1.2104058265686035
379,37791,-90.82697932558288,-72.52330947174772,0.70082125,1.3642066717147827,27.426828384399414,1.6991322040557861
380,37917,-102.77272339836905,-72.69006860927817,0.69982375,1.6336698532104492,32.58277893066406,1.9624838829040527
381,38004,-66.62189508317724,-72.81298056148569,0.6991350000000001,2.437967300415039,31.1036319732666,2.8428761959075928
382,38114,-82.31222432045303,-72.78068785892948,0.6982641666666667,1.7778470516204834,27.645017623901367,2.1296489238739014
383,38206,-87.42110860512079,-72.80361649436743,0.6975358333333334,0.9466466903686523,16.255674362182617,1.2897610664367676
384,38316,-179.96066367384537,-73.77602014521412,0.6966650000000001,0.4037041664123535,35.22649002075195,0.7550113201141357
385,38409,-43.684453714928395,-72.23364589203418,0.69592875,0.5382598042488098,30.68842124938965,0.8632866144180298
386,38542,-31.735528662248626,-71.4527417354038,0.6948758333333334,0.6140819191932678,20.845321655273438,0.9432581663131714
387,38651,-92.84504727559846,-71.9567983104601,0.6940129166666666,2.7079930305480957,25.978925704956055,3.0456013679504395
388,38763,-51.83359215478362,-71.64050984123445,0.6931262499999999,2.1867971420288086,25.847564697265625,2.524125576019287
389,38839,-58.81168953297254,-71.81315016426669,0.6925245833333333,0.8894403576850891,30.02252960205078,1.2398803234100342
390,38900,-60.893797949753704,-71.69495430761852,0.6920416666666667,1.0058557987213135,28.34233856201172,1.3428088426589966
391,39055,-44.93899801017963,-71.42146274770288,0.6908145833333333,1.1263607740402222,34.771278381347656,1.4853324890136719
392,39155,-86.58125360158054,-70.99953374415226,0.6900229166666667,0.830933690071106,32.55274200439453,1.158476710319519
393,39270,-71.1893164995911,-71.34008067545832,0.6891125,0.33261483907699585,37.191200256347656,0.6833788752555847
394,39349,-90.08113715364115,-71.98772942428425,0.6884870833333333,0.45283159613609314,31.439437866210938,0.8058240413665771
395,39448,-83.98111901171873,-72.02173670682907,0.6877033333333333,0.610988974571228,30.187137603759766,0.9171567559242249
396,39610,-39.445918115153006,-71.97225492412188,0.6864208333333334,0.562976598739624,27.34484100341797,0.9152193665504456
397,39735,-57.395089066554455,-71.70154038306573,0.6854312499999999,0.7209665775299072,32.88020324707031,1.0642776489257812
398,39850,-156.30404660219688,-72.3439403356991,0.6845208333333334,1.1588066816329956,29.81246566772461,1.4993256330490112
399,39952,-99.88279948350463,-72.485548758037,0.6837133333333334,1.6461163759231567,28.600360870361328,2.0161142349243164
400,40028,-90.71580156342422,-72.88238224946981,0.6831116666666667,3.8946332931518555,27.555503845214844,4.284822940826416
401,40133,-41.3611375380285,-72.44935541558637,0.6822804166666667,0.9365832805633545,19.80206871032715,1.3054494857788086
402,40261,-23.662514586063168,-72.24866797764815,0.6812670833333334,1.4350366592407227,26.027530670166016,1.7872648239135742
403,40347,-134.2582447666441,-72.91600358103167,0.68058625,0.8829659223556519,38.823814392089844,1.1672983169555664
404,40418,-32.79062347373795,-72.76742893260584,0.6800241666666667,0.6902973651885986,30.06853675842285,1.0328786373138428
405,40528,-68.8886946943697,-72.97952057430146,0.6791533333333333,0.5558332204818726,28.93837547302246,0.8905078172683716
406,40620,-91.44592280007213,-73.03774046244311,0.6784250000000001,0.9018714427947998,28.745464324951172,1.225029468536377
407,40706,-90.01686048200834,-72.44444759537186,0.6777441666666667,2.418910026550293,16.933977127075195,2.757246971130371
408,40848,-93.76317778317484,-72.56173950945313,0.67662,0.9811402559280396,32.75959777832031,1.3236987590789795
409,40910,-63.03223805134967,-72.01960023516294,0.6761291666666667,0.7902017831802368,32.26294708251953,1.152191162109375
410,41025,-69.87060003885445,-72.17194002973159,0.67521875,0.8206796646118164,35.28377914428711,1.1568760871887207
411,41110,-61.17419941021318,-72.41508617134491,0.6745458333333334,0.3881743550300598,30.818761825561523,0.7236393690109253
412,41206,-35.63819337960659,-72.56550517066876,0.6737858333333333,1.1643149852752686,36.383060455322266,1.5463379621505737
413,41301,37.51902118522395,-71.33711038382177,0.67303375,2.6411821842193604,18.278491973876953,3.036562442779541
414,41412,-55.423165950810194,-71.10615370572411,0.6721550000000001,0.9000405073165894,30.07630157470703,1.2709789276123047
415,41480,-62.037462353916716,-70.81354204083554,0.6716166666666668,1.203009009361267,33.25151824951172,1.525411605834961
416,41559,-79.10238182356142,-71.0023318539123,0.67099125,0.6949778199195862,32.82171630859375,1.0596479177474976
417,41630,-62.92520922237884,-71.23337740814226,0.6704291666666666,1.1235005855560303,28.29681396484375,1.4422566890716553
418,41745,-41.34272402535034,-71.33571124430526,0.66951875,0.31964781880378723,35.4190673828125,0.6408050060272217
419,41856,-65.93775573912095,-71.54887213188907,0.66864,0.7653158903121948,31.209630966186523,1.132539987564087
420,41986,-41.57674228723921,-71.75829724475363,0.6676108333333334,2.186741590499878,23.891727447509766,2.5242791175842285
421,42085,-73.4003404924808,-71.73722648884649,0.6668270833333334,1.0940325260162354,28.58814811706543,1.4558230638504028
422,42204,-72.04430340042636,-71.1768874552897,0.6658850000000001,1.5853111743927002,18.630104064941406,1.94179105758667
423,42277,-60.88738649136867,-71.33877697565794,0.6653070833333333,0.5691331624984741,29.545053482055664,0.9086825251579285
424,42351,-64.74098075546132,-71.04635630778779,0.66472125,5.300704479217529,24.915800094604492,5.7220916748046875
425,42450,-54.591569130613806,-70.96959419814833,0.6639375000000001,0.5320175290107727,34.69666290283203,0.8742818832397461
426,42545,-106.98710800777857,-71.07830971202561,0.6631854166666666,1.162304162979126,31.820959091186523,1.4915494918823242
427,42676,-105.39093628617223,-71.15583877761392,0.6621483333333333,1.0167936086654663,30.287212371826172,1.3479125499725342
428,42800,-61.50329889863897,-70.88884242943958,0.6611666666666667,0.8528987169265747,29.596202850341797,1.1771160364151
429,42920,-36.144330295270336,-70.32472284370841,0.6602166666666667,1.2204060554504395,25.408790588378906,1.5781500339508057
430,43012,-72.06800478058943,-70.18075257283446,0.6594883333333333,1.3646432161331177,35.64307403564453,1.7155380249023438
431,43078,-70.62774136654026,-70.15682478919751,0.6589658333333334,1.6036407947540283,30.3798828125,1.9751794338226318
432,43183,-80.4767326812877,-70.64831068019828,0.6581345833333334,0.4399575889110565,33.43406295776367,0.801182746887207
433,43278,-86.53135034178692,-71.00487055106062,0.6573825,2.4791102409362793,31.907760620117188,2.8610990047454834
434,43352,-45.880494628845014,-71.17707388184036,0.6567966666666667,0.8051660656929016,24.93018341064453,1.124221920967102
435,43420,-59.79774730860872,-70.70902354306055,0.6562583333333334,0.3347857594490051,39.81511688232422,0.6421431303024292
436,43504,26.50231566353763,-69.8877242641047,0.6555933333333334,0.4198383092880249,35.54399490356445,0.746049165725708
437,43620,-92.22979406838138,-70.05634256566043,0.654675,0.8750860691070557,25.29911994934082,1.2229965925216675
438,43728,-50.08809560917026,-69.87345323647291,0.6538200000000001,2.653651714324951,19.45136260986328,3.004385471343994
439,43800,-27.39848964650693,-69.54411638268317,0.65325,1.2827808856964111,21.405757904052734,1.632446527481079
440,43930,-59.908567010011296,-69.61287424227439,0.6522208333333334,1.6472671031951904,26.81627655029297,2.0270705223083496
441,44059,-76.1887254902193,-69.6208417547199,0.6511995833333334,0.8084253072738647,34.853946685791016,1.169410228729248
442,44155,-41.32962244756074,-69.39686525747742,0.6504395833333334,0.8006857633590698,27.707870483398438,1.1398500204086304
443,44247,-58.04113418030193,-69.31392126783992,0.64971125,0.9391708374023438,33.75234603881836,1.275719165802002
444,44356,-67.09507786612866,-69.65119428868931,0.6488483333333334,1.1360375881195068,33.77772521972656,1.5116164684295654
445,44447,-39.140233298295584,-69.37002412979554,0.6481279166666667,0.4628351628780365,40.86198425292969,0.8081082701683044
446,44560,-100.09787016983185,-69.59938405328786,0.6472333333333333,3.4016661643981934,20.501659393310547,3.7127482891082764
447,44631,-58.22377534792703,-67.99969191958282,0.64667125,0.5293135643005371,27.613971710205078,0.9209822416305542
448,44708,-76.47215478727219,-67.88541800387262,0.6460616666666668,1.0924153327941895,32.07750701904297,1.4531915187835693
449,44787,-54.17006241258932,-68.26340376137031,0.64543625,1.5831298828125,30.712366104125977,1.9076564311981201
450,44870,-70.33257624113737,-68.69762437363488,0.6447791666666667,0.5181407928466797,35.45167541503906,0.8513041138648987
451,44969,-81.17931204219346,-69.20987747340408,0.6439954166666667,0.8101277351379395,25.5791072845459,1.1620478630065918
452,45047,-74.07147315225608,-69.40031244083066,0.6433779166666667,0.6933770775794983,28.92841148376465,1.0244688987731934
453,45150,-66.45757398613793,-69.3340797844284,0.6425625,1.0975316762924194,30.28296661376953,1.408417820930481
454,45256,-25.812820611476553,-68.63259329570207,0.6417233333333334,0.7448782920837402,28.84384536743164,1.107954978942871
455,45321,-37.39752340019892,-68.1842210741778,0.6412087500000001,3.7317686080932617,31.103172302246094,4.0698561668396
456,45406,-47.1895228351053,-67.48629070573762,0.6405358333333333,0.836412250995636,32.04690170288086,1.1684802770614624
457,45485,-48.56413671718208,-66.8909531408143,0.6399104166666667,1.0821115970611572,29.013072967529297,1.4090373516082764
458,45566,-84.76105702733535,-66.31455582122415,0.6392691666666668,0.9993656873703003,31.088720321655273,1.3558917045593262
459,45694,-91.33253045107199,-66.56012568396369,0.6382558333333334,2.2745754718780518,32.84047317504883,2.626394510269165
460,45785,-87.67175738497846,-67.25034623026504,0.6375354166666667,0.8584975004196167,35.69217300415039,1.2318557500839233
461,45855,-70.44640569113655,-67.19841006106114,0.63698125,0.5848782062530518,36.764442443847656,0.9529258608818054
462,45941,-94.25762921356832,-67.52003289529954,0.6363004166666666,0.3883926272392273,35.72444534301758,0.7314380407333374
463,46038,-72.87382403372973,-67.90427797532894,0.6355325000000001,2.0719752311706543,34.399574279785156,2.4310121536254883
464,46160,-77.08191288440254,-67.59005406242066,0.6345666666666667,1.2928940057754517,27.72390365600586,1.6457500457763672
465,46227,-50.82437362545326,-67.40389766462135,0.6340362500000001,2.445998430252075,27.372817993164062,2.793962240219116
466,46359,-76.0959470961343,-67.25208526589329,0.6329912500000001,0.9322606325149536,35.8018798828125,1.2424407005310059
467,46449,-18.735062329939723,-66.9834445685506,0.63227875,0.5282730460166931,34.24248123168945,0.9037310481071472
468,46511,-57.30884018908864,-65.92498460758456,0.6317879166666667,1.668247103691101,19.73702049255371,2.011751890182495
469,46599,-43.574915659341166,-65.46858269923256,0.6310912500000001,3.6767756938934326,28.25689125061035,4.078618049621582
470,46689,-12.902931380781013,-64.99606607273651,0.63037875,0.4569638967514038,29.143909454345703,0.8066718578338623
471,46774,-57.18196179120311,-64.98626640090691,0.6297058333333334,1.800985336303711,25.470579147338867,2.1167469024658203
472,46854,-33.65494436999249,-64.64946235220876,0.6290724999999999,3.017763137817383,21.981229782104492,3.4163856506347656
473,46983,-99.782519886905,-65.23646972775319,0.62805125,0.6612104177474976,27.562297821044922,1.0347974300384521
474,47052,-18.038308402956915,-65.03871611844338,0.627505,0.39820802211761475,33.654022216796875,0.7064244151115417
475,47116,-62.991812085193274,-64.88237383642115,0.6269983333333333,4.2513933181762695,19.39000701904297,4.592135429382324
476,47222,-58.4158358120942,-65.03191024456746,0.6261591666666666,1.4491084814071655,32.520957946777344,1.8111296892166138
477,47337,-32.11552450960515,-64.66695755520055,0.62524875,0.8144868016242981,30.602317810058594,1.180491328239441
478,47446,-58.23961329569154,-64.81210267668473,0.6243858333333334,0.6367250680923462,39.54680633544922,0.9970309734344482
479,47522,-52.30076677446401,-64.42684055117354,0.6237841666666667,0.8057663440704346,29.686904907226562,1.2366175651550293
480,47608,-91.42071580576105,-64.31332047524747,0.6231033333333333,1.3234233856201172,29.873472213745117,1.7389569282531738
481,47751,-43.114561594352,-64.07824714035921,0.6219712500000001,1.101685643196106,32.23299789428711,1.4312191009521484
482,47841,-93.35757147954911,-64.18870061195017,0.62125875,0.9963546395301819,26.11001968383789,1.3605486154556274
483,47941,-80.83980690138281,-64.1228875949128,0.6204670833333333,2.9465503692626953,19.042526245117188,3.318061590194702
484,48029,-25.11156205038155,-62.574396578678154,0.6197704166666667,5.1959428787231445,24.43825340270996,5.562495231628418
485,48095,-17.863397706385,-62.31618601859271,0.6192479166666667,0.6821964979171753,32.778709411621094,1.0900613069534302
486,48207,-48.408943311290614,-62.48292016508313,0.61836125,1.6326578855514526,30.61045265197754,1.9899163246154785
487,48306,-49.313498288233006,-62.04760467520948,0.6175775,1.6848891973495483,29.57419776916504,2.0850183963775635
488,48377,-63.63432168118796,-62.16561197047352,0.6170154166666666,1.5223318338394165,32.946746826171875,1.8479583263397217
489,48472,-65.6290657885781,-62.23378573302958,0.6162633333333334,0.7177205085754395,36.9190673828125,1.0860412120819092
490,48574,-65.2862224463288,-62.277709977995336,0.6154558333333333,0.7416871190071106,30.838891983032227,1.070906639099121
491,48696,-49.38065032372354,-62.32212650113078,0.61449,4.620126247406006,30.86391258239746,4.9591064453125
492,48817,-88.47696551328339,-62.3410836202478,0.6135320833333333,3.4521853923797607,18.488819122314453,3.8458189964294434
493,48897,-57.9707120240172,-62.20889757549205,0.61289875,1.2098631858825684,19.918338775634766,1.5463992357254028
494,48966,-19.091001857137513,-61.49899622252703,0.6123525000000001,0.5157514810562134,28.181461334228516,0.887840211391449
495,49072,-48.75785745563462,-61.146763606966175,0.6115133333333334,1.9813728332519531,36.76487731933594,2.325700044631958
496,49132,-60.876705802331365,-61.36107148383797,0.6110383333333333,0.7153339982032776,27.562381744384766,1.0831491947174072
497,49211,-30.284071060268857,-61.089961303775105,0.6104129166666666,0.7289933562278748,28.801612854003906,1.0954710245132446
498,49276,-27.1194446294776,-59.79811528404792,0.6098983333333333,0.9032846689224243,30.194963455200195,1.2657122611999512
499,49351,-17.474231889090944,-58.97402960810378,0.6093045833333334,2.0413198471069336,29.161991119384766,2.3676838874816895
500,49437,-38.17338225114119,-58.448605414980946,0.60862375,1.1728873252868652,16.260631561279297,1.5543506145477295
501,49551,-70.31936641930605,-58.73818770379373,0.60772125,1.0287667512893677,35.92978286743164,1.3927192687988281
502,49631,-47.921867364160505,-58.9807812315747,0.6070879166666667,1.434687852859497,36.110572814941406,1.7716224193572998
503,49710,-109.26805625025604,-58.73087934641083,0.6064625,2.3820955753326416,35.567317962646484,2.730832099914551
504,49814,-68.0120950893892,-59.083094062567326,0.6056391666666667,0.9351064562797546,32.662208557128906,1.2931162118911743
505,49931,-21.83044380544247,-58.61251155367806,0.6047129166666667,3.557966470718384,22.061077117919922,3.941833734512329
506,50012,-41.67349614938113,-58.11478728717115,0.6040716666666667,1.4391415119171143,28.735244750976562,1.7884576320648193
507,50101,-82.84862230460465,-58.043104905397115,0.6033670833333333,1.3403263092041016,20.376102447509766,1.7424581050872803
508,50196,-94.15656545766136,-58.04703878214198,0.602615,0.49545398354530334,35.1302375793457,0.8438023328781128
509,50271,-103.93689666726128,-58.45608536830109,0.60202125,2.073301315307617,29.403366088867188,2.4336488246917725
510,50370,-34.13282703262675,-58.098707638238814,0.6012375,0.991824746131897,27.373668670654297,1.344348669052124
511,50471,-85.67518044568561,-58.34371744859354,0.6004379166666667,0.7510640025138855,41.08391571044922,1.0832853317260742
512,50535,-42.16892353681406,-58.40902475016561,0.59993125,1.270105004310608,34.670936584472656,1.5973907709121704
513,50610,-52.28645847510232,-59.307079546768875,0.5993375000000001,2.0534067153930664,25.692428588867188,2.425654411315918
514,50738,-70.20733162084998,-59.45492120346927,0.5983241666666667,1.3152425289154053,38.753631591796875,1.6703863143920898
515,50840,-79.3980117195089,-59.62852669712519,0.5975166666666667,1.3489975929260254,32.94966125488281,1.7393665313720703
516,50999,-51.62186177752851,-59.35372149666487,0.5962579166666667,2.9000275135040283,30.25731658935547,3.317228078842163
517,51066,-64.97161732098677,-59.37418557765094,0.5957275,0.6622464656829834,28.6605224609375,1.0391795635223389
518,51174,-52.04035637928418,-59.48116190119029,0.5948725,1.3631677627563477,27.057985305786133,1.7128162384033203
519,51274,-77.07507440403087,-59.59253508783939,0.5940808333333334,0.4924522638320923,22.910198211669922,0.8443418741226196
520,51380,-55.54221372907136,-59.73218980225771,0.5932416666666667,0.5965402126312256,31.3055419921875,0.9880163669586182
521,51481,-92.38126251164164,-59.92199902244932,0.5924420833333334,2.588841676712036,33.787715911865234,2.950880527496338
522,51551,-26.07881248570355,-59.46234411330209,0.5918879166666666,1.505479097366333,23.61170196533203,1.8172798156738281
523,51676,-12.815309694319097,-58.98162334533159,0.5908983333333333,1.9887990951538086,40.58202362060547,2.3821187019348145
524,51751,-49.657346993082584,-58.830787007707805,0.5903045833333334,1.1889127492904663,31.011428833007812,1.5346136093139648
525,51860,-18.728496568260766,-58.47215628208428,0.5894416666666666,1.0931954383850098,26.620159149169922,1.4615635871887207
526,51974,-78.49340617380952,-58.18721926374458,0.5885391666666667,1.6272644996643066,33.372440338134766,1.9688256978988647
527,52083,-54.862300894659995,-57.68193290982946,0.58767625,1.2748215198516846,32.45494079589844,1.6655079126358032
528,52149,-62.46305616277908,-57.69153048247086,0.58715375,0.4038781523704529,27.211475372314453,0.7738366723060608
529,52245,-90.8910155446774,-58.23899733496492,0.58639375,0.8566809892654419,35.49370574951172,1.2903285026550293
530,52444,-32.16022914391296,-57.83991957859816,0.5848183333333333,0.7404580116271973,26.031131744384766,1.095623254776001
531,52526,-63.15154190049657,-57.765157583937736,0.5841691666666666,0.6970345973968506,33.44511795043945,1.0525898933410645
532,52617,-46.55434386932188,-57.425933695818074,0.5834487500000001,4.279879093170166,21.916622161865234,4.6772565841674805
533,52719,-98.6029320204237,-57.54664951260443,0.58264125,2.288461446762085,38.66606521606445,2.679899215698242
534,52810,-52.7739333943465,-57.61558390025945,0.5819208333333334,1.9725241661071777,29.756874084472656,2.32259202003479
535,52902,-69.58027097266168,-57.71340913689997,0.5811925,3.901104211807251,27.81902313232422,4.264875411987305
536,53036,0.8596062694333284,-57.96983623084102,0.5801316666666667,0.5483402013778687,23.74530792236328,0.8846772909164429
537,53167,-31.936548474901926,-57.366903774906234,0.5790945833333334,0.7028810977935791,35.04777526855469,1.0717294216156006
538,53256,-54.65257089540296,-57.41254852776856,0.5783900000000001,1.3098751306533813,26.893463134765625,1.7166372537612915
539,53367,-75.35798319277619,-57.89214346323126,0.57751125,1.4522628784179688,31.622089385986328,1.781343698501587
540,53464,-33.42526092602016,-57.62731040239135,0.5767433333333334,0.7220460772514343,37.5513916015625,1.1325771808624268
541,53556,-63.05140183642736,-57.49593716585343,0.576015,0.8210790753364563,33.09081268310547,1.1877131462097168
542,53677,-17.96739486075481,-57.26231488998536,0.5750570833333334,0.9533246159553528,28.888307571411133,1.3854570388793945
543,53765,-9.722303578385024,-56.779126583966196,0.5743604166666667,0.7253930568695068,28.625167846679688,1.1341590881347656
544,53892,-32.99922501031513,-56.43816805540807,0.5733550000000001,1.0473814010620117,35.60513687133789,1.434556245803833
545,53972,-37.51581243410155,-56.42192384676612,0.5727216666666667,1.6441731452941895,24.875118255615234,2.023794651031494
546,54104,-114.79292538542886,-56.56887439892209,0.5716766666666666,1.1558771133422852,31.763795852661133,1.5498430728912354
547,54234,-29.967212859495987,-56.28630877403777,0.5706475,0.8437994718551636,40.316490173339844,1.1777985095977783
548,54338,-36.73921663736806,-55.88897939253873,0.5698241666666667,0.906402587890625,40.34548568725586,1.2583194971084595
549,54464,-17.907669466874992,-55.52635546308158,0.5688266666666667,0.8812298774719238,25.465801239013672,1.2147752046585083
550,54551,-68.34299206783564,-55.50645962134857,0.5681379166666667,1.1754552125930786,23.993370056152344,1.5630265474319458
551,54656,-8.569544131974993,-54.78036194224638,0.5673066666666666,0.7468178272247314,37.024940490722656,1.1123459339141846
552,54754,-77.00032407262682,-54.80965045145008,0.5665308333333334,0.4542091488838196,41.60820007324219,0.7951937317848206
553,54846,-77.69816589205914,-54.922056370509296,0.5658025,2.9540328979492188,25.332233428955078,3.3342514038085938
554,55535,-78.00864269699832,-55.44401459136452,0.5603479166666667,1.1889619827270508,25.78488540649414,1.5975062847137451
555,55638,-61.93022012691606,-55.689341558631696,0.5595325,0.601670503616333,37.37327194213867,0.9755054116249084
556,55725,-35.01824807350654,-55.56762881101571,0.5588437500000001,2.4682931900024414,26.893451690673828,2.864006996154785
557,55885,-89.61075944024563,-55.978095038246344,0.5575770833333333,2.550492763519287,27.051511764526367,2.88025164604187
558,56014,-35.11619978745415,-55.48164646584753,0.5565558333333334,1.9167900085449219,37.10211944580078,2.281303644180298
559,56138,-36.890966837498866,-54.93723082971181,0.5555741666666667,2.390873908996582,27.066864013671875,2.7219934463500977
560,56248,-10.432161905130386,-54.16483487491333,0.5547033333333333,0.9370803833007812,32.74041748046875,1.3016672134399414
561,56327,-7.188664597736221,-53.532257463979334,0.5540779166666667,1.2708253860473633,34.028682708740234,1.656994104385376
562,56406,-61.652608553128736,-53.206207257374935,0.5534525,1.225182056427002,31.77094078063965,1.5699299573898315
563,56497,-86.57286668029377,-53.343197683840565,0.5527320833333333,0.9795430898666382,30.953201293945312,1.3894175291061401
564,56606,-14.269415357571987,-52.71507270857226,0.5518691666666666,0.9379394054412842,30.728046417236328,1.3255374431610107
565,56694,-40.816613539618615,-52.6149951077139,0.5511725000000001,1.085723638534546,32.861488342285156,1.4446702003479004
566,56798,-10.611928562514933,-51.960154922377704,0.5503491666666667,1.4813168048858643,26.642330169677734,1.8668901920318604
567,56865,-36.48671808377807,-52.1376714799161,0.54981875,2.610804557800293,32.89530944824219,2.9806618690490723
568,56956,-51.03513085806009,-52.07493438660581,0.5490983333333334,0.7845965623855591,26.348003387451172,1.1696120500564575
569,57071,-96.0386280334795,-52.5995715103472,0.5481879166666667,1.2986083030700684,42.07415771484375,1.6830435991287231
570,57171,-4.323119284265218,-52.51377338938205,0.54739625,0.7115597724914551,23.312850952148438,1.0930852890014648
571,57268,-36.90137213547086,-52.31096749282472,0.5466283333333333,2.3071751594543457,25.401512145996094,2.6713132858276367
572,57356,-17.68251304260434,-52.15124317955084,0.5459316666666667,0.6201962828636169,35.47816467285156,0.9798052906990051
573,57428,-31.54247689531084,-51.46884274963489,0.5453616666666667,1.8434418439865112,23.17926788330078,2.269531726837158
574,57527,-15.18830774778452,-51.440342743083164,0.5445779166666667,0.7795138359069824,39.09540557861328,1.1575558185577393
575,57634,-64.81979794608054,-51.458622601692035,0.5437308333333333,1.7895724773406982,30.738548278808594,2.111818790435791
576,57749,-45.16727347223262,-51.32613697829343,0.5428204166666667,0.5205463171005249,36.94737243652344,0.8656789064407349
577,57826,-32.349911636249104,-51.32848084955985,0.5422108333333333,1.5226929187774658,30.406890869140625,1.9036015272140503
578,57913,4.8971645669012105,-50.69711307093394,0.5415220833333334,1.0326080322265625,32.504554748535156,1.3938196897506714
579,57986,-55.309154172729336,-50.727196944916585,0.5409441666666667,1.1192965507507324,29.43250274658203,1.5017764568328857
580,58055,-18.432334687022745,-49.997313133729214,0.5403979166666667,3.20438551902771,26.22549819946289,3.5534744262695312
581,58136,-80.11485027102356,-50.36731602049592,0.5397566666666667,1.2741715908050537,40.221710205078125,1.6523776054382324
582,58208,-17.82092503974782,-49.611949556097905,0.5391866666666667,1.587024211883545,32.32160568237305,1.9486606121063232
583,58311,-32.166016884747535,-49.125211655931565,0.53837125,1.161169409751892,32.5303955078125,1.5403451919555664
584,58402,-86.27064995960198,-49.73680253502376,0.5376508333333334,0.7578248977661133,38.121978759765625,1.143180012702942
585,58546,-57.41608897442451,-50.13232944770416,0.5365108333333333,3.6607582569122314,37.11871337890625,4.018576622009277
586,58647,-44.979231672439084,-50.098032331315636,0.5357112500000001,4.6976213455200195,24.614473342895508,5.052248001098633
587,58722,-22.25673671822416,-49.82746471561555,0.5351175,2.9475741386413574,27.74557113647461,3.3474044799804688
588,58813,-49.88355906426006,-49.68995708944628,0.5343970833333334,2.83771014213562,35.670188903808594,3.206357955932617
589,58920,-80.43803227716963,-49.83804675433219,0.53355,1.4925682544708252,42.04071044921875,1.822641134262085
590,59026,-17.78884059275933,-49.36307293579651,0.5327108333333334,3.5905442237854004,28.96288299560547,3.9741709232330322
591,59148,-32.02832773659098,-49.18954970992517,0.531745,0.6387420296669006,29.86396598815918,1.0069464445114136
592,59231,-11.59130324523261,-48.420693087244665,0.5310879166666667,0.8902198076248169,31.296327590942383,1.2590477466583252
593,59372,-69.95194744186334,-48.54050544142312,0.5299716666666667,0.7768958210945129,42.65601348876953,1.1370002031326294
594,59464,-25.38488697736433,-48.60344429262539,0.5292433333333333,1.7770726680755615,19.721973419189453,2.1842222213745117
595,59555,-37.05122046639394,-48.486377922732984,0.5285229166666667,0.8489605188369751,20.407379150390625,1.2191290855407715
596,59653,-58.36272380736372,-48.46123810278331,0.5277470833333333,4.738315105438232,34.162086486816406,5.083664894104004
597,59810,-57.92483110868148,-48.73764570326745,0.5265041666666667,1.9900346994400024,35.53386688232422,2.342194080352783
598,60276,-163.075059652947,-50.09720185350213,0.522815,0.8140212297439575,39.952632904052734,1.1951160430908203
599,60368,-0.5042282338635005,-49.92750181694985,0.5220866666666667,1.2519389390945435,25.392234802246094,1.6478699445724487
600,60474,-31.82125390700061,-49.863980533508446,0.5212475000000001,1.2965006828308105,23.887229919433594,1.7143714427947998
601,60567,-5.487825007569043,-49.215665119391076,0.52051125,0.8920376300811768,33.42896270751953,1.2640215158462524
602,60628,-63.29914765552872,-49.36943792230477,0.5200283333333333,0.8280645608901978,20.826946258544922,1.264808177947998
603,60764,14.580646660278774,-48.13095089319941,0.5189516666666667,0.43886494636535645,31.775867462158203,0.7815874218940735
604,60861,-20.71450996275388,-47.65797504193306,0.5181837499999999,3.5643386840820312,35.308860778808594,3.9484660625457764
605,60946,-49.8399146240553,-47.93806975011919,0.5175108333333334,2.763822078704834,17.686973571777344,3.1343235969543457
606,61043,-52.54447000978786,-48.04677948872326,0.5167429166666667,0.9776959419250488,26.9377384185791,1.3485957384109497
607,61126,-85.77342051123209,-48.07602747078953,0.5160858333333334,1.8239240646362305,34.000389099121094,2.192521572113037
608,61245,-31.235473198296873,-47.44681654819589,0.51514375,0.7247605323791504,30.567543029785156,1.074493646621704
609,61527,-150.93570954166614,-47.91680467693995,0.51291125,4.012003421783447,38.34881591796875,4.364221572875977
610,61642,-29.681943280440365,-47.87229583941807,0.5120008333333332,0.9332555532455444,37.5189208984375,1.3174946308135986
611,62642,9.981173234982306,-46.915732302611396,0.5040841666666667,0.9788872003555298,36.72117614746094,1.3280391693115234
612,62751,-41.79141140583069,-46.91195718130156,0.5032212500000001,1.156245470046997,32.333953857421875,1.5684865713119507
613,63751,68.79392813822425,-45.70115331516829,0.49530458333333327,3.4606361389160156,28.783260345458984,3.8200016021728516
614,63837,-29.554663979779846,-45.294626638757585,0.49462375000000003,1.193490982055664,26.056957244873047,1.5770127773284912
615,63926,-43.93628072502452,-44.94000932881274,0.4939191666666667,1.092477798461914,25.52599334716797,1.4668296575546265
616,64024,-32.06400141449802,-44.74443072518245,0.4931433333333334,2.172544479370117,37.85923767089844,2.5091018676757812
617,64095,-38.31269405025708,-44.47784149247514,0.4925812500000001,2.3828823566436768,28.432117462158203,2.7583088874816895
618,64186,-43.0115211190291,-44.38755313987259,0.4918608333333333,0.968090295791626,37.04816436767578,1.3711013793945312
619,64286,-12.462856146474806,-43.74143095729704,0.4910691666666668,1.0203850269317627,43.85566329956055,1.4346139430999756
620,64374,-0.6293436271052997,-43.19230225627737,0.4903725,2.855464458465576,17.3731689453125,3.22367787361145
621,64510,1.3340667451797117,-42.25514896370916,0.4892958333333334,2.8997228145599365,34.81791687011719,3.2865569591522217
622,64614,-41.343356219153165,-42.40779440104367,0.4884725000000001,0.8472656011581421,29.39693832397461,1.2198841571807861
623,65066,-236.30455670538078,-44.642686871154275,0.4848941666666666,1.632797360420227,38.773651123046875,2.0266382694244385
624,65166,-58.001339396511014,-44.726126795188556,0.4841025,2.02207612991333,29.153156280517578,2.4066641330718994
625,65253,2.6208620770334505,-44.512633208735615,0.48341375,1.3456549644470215,42.38288116455078,1.6884417533874512
626,65358,-50.42973585623663,-44.231996505559884,0.4825825,2.0341625213623047,35.141563415527344,2.4081573486328125
627,65432,-0.7362891399252618,-43.69073638801254,0.48199666666666663,0.9775264859199524,34.099266052246094,1.3574888706207275
628,65529,-22.038425731450104,-43.286490083699256,0.4812287500000001,2.1015124320983887,27.6057186126709,2.4837238788604736
629,65609,-41.84390942951808,-42.796019022547654,0.4805954166666667,3.4634270668029785,43.631927490234375,3.847536563873291
630,65720,-45.3848957104341,-42.92826568821287,0.4797166666666667,0.45663684606552124,30.619848251342773,0.823865532875061
631,65820,19.890169383010317,-42.097848575377796,0.47892500000000005,3.4821674823760986,16.739816665649414,3.8931384086608887
632,65897,9.167284695455152,-41.54063228973003,0.47831541666666677,0.6750054359436035,27.852659225463867,1.0348708629608154
633,65970,-14.697757123966511,-40.701580540765455,0.47773750000000004,1.8064528703689575,27.59730339050293,2.1656126976013184
634,66206,-267.66242500759756,-42.85046545689797,0.4758691666666667,0.7559925317764282,39.860206604003906,1.099442481994629
635,66316,-52.23142797555451,-42.6769770269269,0.4749983333333334,0.7437102794647217,19.657167434692383,1.118881344795227
636,66431,9.758264621222509,-42.587990443409005,0.4740879166666666,1.0203678607940674,31.21535301208496,1.4166474342346191
637,66518,-36.78407210113303,-42.63646567967132,0.4733991666666667,6.249638557434082,19.284221649169922,6.642843246459961
638,66588,-17.881061400410488,-42.2687505847214,0.47284500000000007,1.7332514524459839,36.29132080078125,2.115405797958374
639,66688,-74.18512969819676,-42.25702204977561,0.47205333333333344,0.7976306080818176,41.390357971191406,1.1949104070663452
640,66793,-157.88272495259218,-43.50159669004132,0.4712220833333334,1.0978271961212158,26.287639617919922,1.4948959350585938
641,66920,-26.33988383005112,-43.13448150997755,0.4702166666666667,1.3742666244506836,42.907596588134766,1.7706283330917358
642,67053,-41.198571638028554,-43.36679327775028,0.46916375,1.378605604171753,32.81745147705078,1.7632431983947754
643,67144,-34.12291607449815,-43.61079940271141,0.4684433333333333,4.139554023742676,16.64559555053711,4.524805068969727
644,67230,7.59199771368489,-43.20488717547142,0.46776249999999997,0.60918128490448,28.795574188232422,0.9643605947494507
645,67337,3.2026986934116763,-42.797702064196294,0.4669154166666667,1.9973838329315186,31.133026123046875,2.399979829788208
646,67463,-13.58299139150273,-41.78560272425703,0.4659179166666667,6.068058490753174,34.345130920410156,6.446292877197266
647,67584,-20.67011757828375,-41.692631771444916,0.46496000000000004,1.2039177417755127,30.05065155029297,1.5792137384414673
648,67676,-39.541358344157345,-41.720653188512806,0.4642316666666667,2.3905882835388184,26.14609146118164,2.783416271209717
649,67772,16.462022407734807,-41.376956269766715,0.4634716666666667,1.6554844379425049,35.693138122558594,2.0024304389953613
650,67870,-12.068332753241464,-40.81420967662076,0.4626958333333334,1.3589184284210205,31.36498260498047,1.7761280536651611
651,67973,-29.762819390771526,-41.02614242920873,0.4618804166666667,0.9318928122520447,35.994606018066406,1.322962760925293
652,68078,-48.54138441179067,-40.741553032600365,0.4610491666666666,2.1469717025756836,17.969799041748047,2.558041572570801
653,68171,-18.624643482510336,-40.150817808504875,0.46031291666666674,1.1143385171890259,28.43497657775879,1.5460498332977295
654,68278,-8.661862708523472,-39.457350008620125,0.45946583333333335,1.0316762924194336,37.581729888916016,1.374932050704956
655,68421,-4.796331483140335,-38.886011122182374,0.45833375,0.9205226898193359,25.914810180664062,1.3220946788787842
656,68631,-79.86803539012585,-39.33450899534856,0.45667125,0.7804165482521057,39.61072540283203,1.1522564888000488
657,68714,-27.483598416988016,-38.71323738511599,0.4560141666666667,0.6326013803482056,19.114818572998047,0.9911273121833801
658,68838,-74.42468095685567,-39.10632219681,0.45503250000000006,3.344991445541382,20.568567276000977,3.74178409576416
659,68941,21.187234327462335,-38.525540185160395,0.45421708333333344,2.159153461456299,29.297412872314453,2.5710906982421875
660,69200,6.6386625090955675,-38.35483194101814,0.4521666666666667,4.382875442504883,26.826759338378906,4.789546012878418
661,70200,87.97878131016923,-37.403157481939076,0.44425000000000003,0.8543741703033447,28.304821014404297,1.2404965162277222
662,70360,4.177026746359488,-36.744861128944194,0.4429833333333333,1.765041470527649,36.61818313598633,2.150318145751953
663,70493,-4.830980956662131,-35.927442271707875,0.44193041666666677,1.4837875366210938,42.69773864746094,1.8983392715454102
664,70578,-28.42066134570203,-36.06895473158918,0.4412575000000001,2.3191206455230713,29.648954391479492,2.6850273609161377
665,71482,-89.47987700480256,-36.55558736624102,0.4341008333333334,0.7747491598129272,36.87340545654297,1.1434080600738525
666,71596,11.01393282456172,-36.33932875237025,0.43319833333333335,1.748326063156128,25.29500389099121,2.1421399116516113
667,71680,6.260595708591751,-35.91185561444655,0.4325333333333333,0.8010663390159607,33.43450927734375,1.1898374557495117
668,71831,-9.727884871706777,-35.498783154583016,0.43133791666666677,1.3584436178207397,30.671377182006836,1.7434862852096558
669,71949,-0.3229224340648784,-34.54162609858887,0.4304037500000001,3.343491554260254,21.497032165527344,3.7073557376861572
670,72949,68.26339346207489,-33.81576097112547,0.4224870833333333,3.743593692779541,17.2138671875,4.139768600463867
671,73029,-12.038005457593783,-33.567127304346705,0.42185375,0.988132119178772,40.5865478515625,1.3315767049789429
672,73109,27.924096717058347,-33.111061206750065,0.42122041666666665,0.9128459692001343,49.163726806640625,1.2730003595352173
673,73203,-24.184438042703576,-33.037480818224,0.42047625,2.553196430206299,22.857051849365234,2.9202048778533936
674,73426,-82.20387945440486,-33.707636535290206,0.41871083333333337,4.609007358551025,32.47954177856445,4.970069885253906
675,73519,-23.173857082256376,-33.29117712665197,0.41797458333333337,1.9097000360488892,41.88456344604492,2.30198073387146
676,74519,16.58963035842004,-32.67360808834544,0.4100579166666667,0.9412548542022705,41.15730285644531,1.3299130201339722
677,74611,-57.41503625219913,-32.92425933450494,0.40932958333333336,0.8753033876419067,9.717529296875,1.238551139831543
678,74684,-40.1000717234718,-33.374231697408675,0.40875166666666674,1.5284526348114014,29.969181060791016,1.914448857307434
679,75521,-161.2731010099891,-34.43387116578127,0.4021254166666667,1.5006898641586304,32.32863235473633,1.9214451313018799
680,75660,-3.3773946948170277,-34.28332176585921,0.4010250000000001,4.05820894241333,17.339160919189453,4.438486099243164
681,75979,-110.7643394617891,-34.58981665776687,0.39849958333333335,4.550460338592529,42.60759735107422,4.9684529304504395
682,76113,-15.198742627590363,-34.56359483364529,0.39743874999999995,3.005549907684326,40.27962875366211,3.3785815238952637
683,76200,-18.372701760685118,-34.425661682404666,0.39675000000000005,1.9324955940246582,16.32848358154297,2.329836368560791
684,76313,-23.646386934233988,-33.79941905215099,0.3958554166666667,1.2732455730438232,33.58204650878906,1.6978185176849365
685,76433,-53.65197191820286,-33.76177788158877,0.3949054166666668,1.1734482049942017,25.243572235107422,1.5807173252105713
686,77433,41.78727885592906,-32.894112776305086,0.38698875,4.466826438903809,26.311622619628906,4.877216815948486
687,77540,-17.2979275618288,-32.84452468474114,0.3861416666666667,1.3797508478164673,32.63291931152344,1.7976949214935303
688,77661,-41.71175137192769,-32.76280660781781,0.38518375000000005,0.9915441274642944,20.280244827270508,1.3918335437774658
689,77744,-21.458200632537128,-32.17300829137148,0.3845266666666667,4.438610553741455,19.885757446289062,4.835488319396973
690,77917,-51.36546002847852,-32.50877448572867,0.3831570833333333,2.9889869689941406,46.08879470825195,3.380516290664673
691,78917,9.32850679094553,-32.095206140453314,0.37524041666666663,1.1024866104125977,44.25829315185547,1.467146635055542
692,78996,-55.98704343032496,-32.53916354230424,0.37461500000000003,1.8117154836654663,39.291656494140625,2.1606526374816895
693,79156,-6.537633026793117,-31.90502039815353,0.3733483333333334,1.3013558387756348,34.62852478027344,1.670361042022705
694,79254,-62.046355789235335,-32.27163508627224,0.3725725000000001,2.4613144397735596,38.12470626831055,2.8320906162261963
695,79387,-47.34356192842726,-32.374558500892576,0.37151958333333335,0.9001251459121704,47.71359634399414,1.2600198984146118
696,79490,17.67425217764729,-31.61418874104246,0.3707041666666667,0.911780834197998,37.320472717285156,1.2952349185943604
697,79591,5.83863344979936,-30.976554095457654,0.3699045833333334,2.204608678817749,30.41629981994629,2.605947256088257
698,80591,14.472865194921326,-29.201074846978972,0.36198791666666663,2.44295072555542,25.761642456054688,2.8746793270111084
699,80713,33.65822260579836,-28.859450338582352,0.3610220833333333,1.2808655500411987,35.32030487060547,1.6825636625289917
700,81713,-24.399936921643878,-28.785237168728784,0.3531054166666667,0.9117545485496521,35.02477264404297,1.2780238389968872
701,82713,12.620973833942434,-28.60414918031367,0.34518875000000004,1.8877832889556885,27.982091903686523,2.2903506755828857
702,83713,13.361419585287159,-27.837543507905515,0.33727208333333336,0.9217734932899475,32.32438278198242,1.309952974319458
703,84713,-28.951255954934503,-28.272862534057644,0.3293554166666667,1.7402721643447876,27.438276290893555,2.1524300575256348
704,85713,12.250176575986066,-27.943215668670245,0.32143875,1.911002516746521,42.9704475402832,2.3049020767211914
705,86713,90.16879396443433,-26.543128582785354,0.3135220833333334,1.7941900491714478,35.43295669555664,2.1754279136657715
706,87713,22.341970312771366,-25.794264179559754,0.30560541666666663,1.0810737609863281,16.312345504760742,1.4774906635284424
707,87820,-8.006396427883644,-25.016593938726274,0.30475833333333335,1.7044398784637451,35.256126403808594,2.080925703048706
708,87933,-15.366912689884671,-24.857908333642154,0.3038637500000001,1.9020605087280273,35.50325012207031,2.3367292881011963
709,88933,41.12169543330074,-22.937334283892483,0.2959470833333333,1.9584802389144897,36.97593307495117,2.3698315620422363
710,89933,94.11032379663743,-21.69941161312171,0.28803041666666673,0.8159006237983704,43.60935974121094,1.189239501953125
711,90933,15.950644773364338,-21.639716897737884,0.28011375000000005,2.756298542022705,43.452579498291016,3.117009162902832
712,91933,54.823831705536264,-20.67356446662421,0.27219708333333337,0.7854348421096802,54.97480010986328,1.1698265075683594
713,92041,31.753970203877458,-21.043964045967687,0.27134208333333343,2.8102331161499023,52.127281188964844,3.1943817138671875
714,93041,103.98476725165288,-19.70856973365336,0.26342541666666663,1.4072606563568115,53.5226936340332,1.821159839630127
715,93142,5.591373709896914,-19.213293189304146,0.26262583333333334,1.711421012878418,35.39162063598633,2.10967755317688
716,94142,-23.515364292518417,-19.127806818084345,0.25470916666666676,1.4927597045898438,31.41496467590332,1.8641812801361084
717,94751,-179.1667452071842,-20.53634732965362,0.24988791666666665,0.7391790151596069,60.59815216064453,1.1263917684555054
718,94883,4.406701891707911,-20.06216509954625,0.2488429166666667,2.467660427093506,31.131343841552734,2.883838176727295
719,95024,38.75731351355549,-19.549963402945945,0.24772666666666665,1.3804824352264404,34.828208923339844,1.7911336421966553
720,96024,6.79661218136593,-19.475703844861233,0.23980999999999997,6.800615310668945,18.1890869140625,7.254321575164795
721,97024,-11.36379470086986,-19.60268245932173,0.2318933333333334,2.0757558345794678,40.18561553955078,2.4880306720733643
722,98024,37.14910174557034,-18.817757879674495,0.2239766666666667,1.154691219329834,41.085975646972656,1.5438719987869263
723,99024,60.05163337274324,-15.854195978893255,0.21606000000000003,1.5051099061965942,49.015052795410156,1.9345223903656006
724,100024,42.483699587733334,-14.849345589050811,0.20814333333333335,1.0148661136627197,39.72473907470703,1.42173171043396
725,101024,23.350163499656787,-14.642052574824575,0.20022666666666666,1.9012819528579712,41.80605697631836,2.3130953311920166
726,101118,38.77234204915425,-13.750031795770665,0.1994825,5.596728324890137,44.20414352416992,5.9708147048950195
727,102118,-9.564427065512303,-13.83831317502654,0.19156583333333344,2.151068687438965,56.72589111328125,2.5793631076812744
728,103118,-28.14898831823016,-13.899418800894336,0.18364916666666675,0.8967647552490234,54.99599838256836,1.2895207405090332
729,104118,-32.91517517945684,-13.810131458393723,0.17573249999999996,4.142173767089844,41.97036361694336,4.553077697753906
730,105118,-21.56990776990942,-13.571981578988476,0.1678158333333334,1.1590983867645264,43.88399124145508,1.5456452369689941
731,106118,-25.148987417184745,-14.022373146990429,0.1598991666666667,0.8471044898033142,57.88379669189453,1.2295632362365723
732,107118,-23.36084177430235,-14.347654411688005,0.15198250000000002,1.4875965118408203,44.546504974365234,1.8588088750839233
733,108118,-29.27007946494554,-14.493377635097797,0.14406583333333334,1.5547971725463867,43.521400451660156,1.9807077646255493
734,109118,72.26452005473658,-11.094108184474456,0.13614916666666677,1.0998775959014893,50.96099853515625,1.4857687950134277
735,110118,-42.17995931942796,-10.993593497913189,0.12823250000000008,1.3704805374145508,38.31232833862305,1.7785758972167969
736,110977,181.7252672370351,-9.273923471755065,0.12143208333333333,3.5457475185394287,46.48565673828125,3.920973777770996
737,111977,-25.954989465197336,-9.165632645395705,0.11351541666666676,1.086923599243164,52.229347229003906,1.46695876121521
738,112977,19.347330087280316,-8.793348730518797,0.10559875000000007,0.8689265251159668,49.57746505737305,1.2197386026382446
739,113977,-40.13302630539567,-8.452827696590786,0.09768208333333339,0.9966002702713013,50.79819869995117,1.3651478290557861
740,114977,24.39783270015248,-6.630022120063339,0.08976541666666671,1.1105480194091797,48.34329605102539,1.4837547540664673
741,115977,25.301596481092638,-6.113607316951902,0.08184875000000003,3.201895236968994,41.012611389160156,3.628220558166504
742,116579,216.68510335402732,-3.534770567031345,0.07708291666666678,1.4242876768112183,48.78361511230469,1.8084059953689575
743,117370,185.95885250376355,-1.3339528812487274,0.07082083333333344,1.3651807308197021,39.60243225097656,1.748131275177002
744,118370,11.925825566516105,-1.2906146027204155,0.06290416666666665,0.7368512749671936,48.468421936035156,1.1289476156234741
745,119370,33.20402063269345,-0.9906013833275966,0.05498749999999997,1.0116679668426514,46.26653289794922,1.3738627433776855
746,120370,-21.58877307912178,-1.0706592002037874,0.050000000000000044,2.1792409420013428,38.64033889770508,2.581350088119507
747,120866,214.0613897414231,1.2766558729932813,0.050000000000000044,3.4508824348449707,42.7983512878418,3.8251442909240723
748,121823,174.2527180705602,3.4145966371404564,0.050000000000000044,1.910872459411621,37.39492416381836,2.254633903503418
749,122421,230.16178597280012,5.551594272791109,0.050000000000000044,1.0842907428741455,49.988746643066406,1.4819231033325195
750,123421,42.04811911763574,6.092758791499882,0.050000000000000044,0.9789892435073853,55.90951919555664,1.3728270530700684
751,123958,210.31666707490385,8.493553656156635,0.050000000000000044,2.1488101482391357,38.861480712890625,2.5291075706481934
752,124935,113.05703415567413,10.109537841831285,0.050000000000000044,0.7983522415161133,53.25537109375,1.195764422416687
753,125750,176.88156152524246,12.064599891908811,0.050000000000000044,3.129350423812866,48.033119201660156,3.465237855911255
754,126303,175.3175909576629,13.904394428570676,0.050000000000000044,0.930762767791748,48.48701477050781,1.342693567276001
755,127065,206.9587610394515,16.021945353796593,0.050000000000000044,0.8061897158622742,42.31170654296875,1.1880714893341064
756,127598,221.9799890536912,19.040425598234766,0.050000000000000044,0.6972541213035583,50.65678405761719,1.0658291578292847
757,127982,225.3670879393261,21.568932461797903,0.050000000000000044,0.6227467060089111,49.15895462036133,1.0097110271453857
758,128913,208.94712588321465,24.402650530198606,0.050000000000000044,2.7595696449279785,46.870452880859375,3.15908145904541
759,129913,-26.656270256385334,23.924215484360133,0.050000000000000044,0.9126864671707153,44.999786376953125,1.303185224533081
760,130913,16.167143817682387,24.019500297446,0.050000000000000044,0.9485495686531067,40.498558044433594,1.3202674388885498
761,131443,249.778927223783,25.637501756582136,0.050000000000000044,2.515714645385742,46.88611602783203,2.885504722595215
762,132443,11.865627912869872,25.714387768247242,0.050000000000000044,0.6367536783218384,51.73145294189453,0.9456071853637695
763,133443,-30.776468276299028,25.45493289505087,0.050000000000000044,0.8561270236968994,54.42522430419922,1.233832836151123
764,133885,255.5055666176658,28.29419517468455,0.050000000000000044,1.1515953540802002,52.67210388183594,1.4949026107788086
765,134523,251.39582624972707,31.70295220722985,0.050000000000000044,0.7777188420295715,39.6514892578125,1.1449532508850098
766,135523,-25.85917899809035,31.334221089003325,0.050000000000000044,0.7499898672103882,42.795631408691406,1.1101999282836914
767,136523,-7.65952157897921,31.195019916127617,0.050000000000000044,0.9699033498764038,37.51518630981445,1.335237979888916
768,137523,-56.25327410913187,30.729766023753363,0.050000000000000044,1.2045612335205078,43.98456573486328,1.5883679389953613
769,138523,-18.655364967516018,30.546441598418852,0.050000000000000044,0.8831865787506104,52.61701202392578,1.2435028553009033
770,139523,5.40281685343669,29.917835832332475,0.050000000000000044,0.5995239019393921,53.30004119873047,0.9705904722213745
771,140523,-22.763622168020177,29.810579665228214,0.050000000000000044,0.7631993293762207,48.14570617675781,1.1168828010559082
772,141523,-11.98120740765658,29.41152662398106,0.050000000000000044,0.6959788203239441,37.13410186767578,1.0363103151321411
773,142523,-29.82294495568305,29.355141554851272,0.050000000000000044,1.5998321771621704,36.75053024291992,1.961169719696045
774,143523,-1.0155405281733518,30.167024944113585,0.050000000000000044,0.4296305775642395,46.82505798339844,0.7839019298553467
775,144523,-18.284810565325948,30.215915409282886,0.050000000000000044,1.102950930595398,39.36295700073242,1.4923076629638672
776,145523,-10.290613382844137,29.947112971870244,0.050000000000000044,2.2935571670532227,44.843162536621094,2.6436705589294434
777,145926,223.0699512598293,32.75196284699052,0.050000000000000044,0.4169219732284546,51.29464340209961,0.7488492131233215
778,146926,17.17445070188673,33.3247080712441,0.050000000000000044,0.5876705646514893,49.099273681640625,0.9742099046707153
779,147926,-13.943025701978364,34.79800882432422,0.050000000000000044,1.1266742944717407,40.50556564331055,1.4434913396835327
780,148926,-33.00505540000549,34.501732217272334,0.050000000000000044,1.3240466117858887,34.69344711303711,1.6482899188995361
781,149590,177.79819179004764,37.3873575297907,0.050000000000000044,0.46945664286613464,46.74578857421875,0.7987462878227234
782,150590,-65.03585792506945,36.8889863768159,0.050000000000000044,0.5788323879241943,45.17964553833008,0.9076974987983704
783,151590,3.168350190573687,37.104396896328495,0.050000000000000044,0.3399863839149475,42.53888702392578,0.6325064897537231
784,152590,-62.23129602746375,36.7185478053962,0.050000000000000044,0.7627952694892883,43.15956115722656,1.1400070190429688
785,153590,-46.011846224549274,36.79494906233273,0.050000000000000044,1.717268705368042,36.706871032714844,2.0516979694366455
786,154590,-76.44617310194714,35.612614542753974,0.050000000000000044,0.2800332307815552,40.54001235961914,0.5954099893569946
787,155590,-49.27303799037588,35.2928634384685,0.050000000000000044,1.1917166709899902,36.676658630371094,1.5733838081359863
788,156168,226.5629251650326,37.9756102038381,0.050000000000000044,0.6579172611236572,39.844085693359375,0.9798252582550049
789,157168,-20.810962336749583,37.98208258679598,0.050000000000000044,0.6668870449066162,30.066608428955078,0.9860039353370667
790,158168,-42.51588959247249,38.070578291156046,0.050000000000000044,0.9688271880149841,35.521366119384766,1.332076907157898
791,158919,221.54299220943665,40.19272314534096,0.050000000000000044,0.5774567127227783,39.18125915527344,0.9163858890533447
792,159919,-41.10099268569397,40.341583652787264,0.050000000000000044,0.2959478497505188,39.58505630493164,0.6383877992630005
793,160919,61.53487787136349,41.022308761768834,0.050000000000000044,0.35505014657974243,36.638511657714844,0.7161315083503723
794,161919,26.608828602950204,41.90886060569068,0.050000000000000044,0.35683560371398926,31.897769927978516,0.6695703268051147
795,162751,182.1108804364079,44.20340502933903,0.050000000000000044,0.16208899021148682,30.943077087402344,0.4335789680480957
796,163751,52.18172930614227,44.54847980062397,0.050000000000000044,0.7005807161331177,24.7835693359375,0.9679334163665771
797,164751,54.27663286027087,45.0328597947287,0.050000000000000044,0.8263635635375977,26.97270965576172,1.1666580438613892
798,165491,185.6317642762466,46.744448785541955,0.050000000000000044,0.32477033138275146,32.461700439453125,0.6320345401763916
799,166491,12.243932757941415,46.5303058870634,0.050000000000000044,0.6735959649085999,37.662315368652344,0.988811731338501
800,167348,189.560980205813,48.66991505833796,0.050000000000000044,0.1805965006351471,30.974275588989258,0.4611704349517822
801,168117,238.50595856081463,50.9287649056067,0.050000000000000044,0.1764294058084488,30.700502395629883,0.46820759773254395
802,168802,219.29241155781716,52.988074825331985,0.050000000000000044,1.2448320388793945,34.50686264038086,1.5789144039154053
803,169802,91.42319958194524,54.19181938070079,0.050000000000000044,0.585186779499054,30.524749755859375,0.8759223222732544
804,170484,242.6822453128098,56.49614006806901,0.050000000000000044,0.4490353465080261,26.07392120361328,0.7400934100151062
805,171484,49.60959273588677,56.090548055783536,0.050000000000000044,0.1891724318265915,24.157215118408203,0.47944194078445435
806,172007,225.77920611378698,58.12492041379369,0.050000000000000044,0.4582105875015259,35.205589294433594,0.7487708330154419
807,173007,180.05258115982213,60.00551018967075,0.050000000000000044,0.538357138633728,28.741371154785156,0.825040340423584
808,173353,253.78998497251246,62.697079166294714,0.050000000000000044,0.2370878905057907,23.36652183532715,0.49761390686035156
809,173689,304.43118161570504,65.33017402811876,0.050000000000000044,0.759177029132843,29.999332427978516,1.0420845746994019
810,174200,267.6584035511221,67.06565482566361,0.050000000000000044,0.8737595081329346,28.796533584594727,1.1702282428741455
811,174500,273.93763395126246,69.6455247174426,0.050000000000000044,0.5201601982116699,28.299888610839844,0.7969120740890503
812,175500,-27.613341034579026,68.82115299004144,0.050000000000000044,0.11803784221410751,23.17298698425293,0.3916481137275696
813,175783,232.77796120589403,70.8313929000616,0.050000000000000044,0.22067037224769592,28.46923065185547,0.5068929195404053
814,176783,55.00644347106767,70.34160966225575,0.050000000000000044,0.22337070107460022,29.43824005126953,0.5059850215911865
815,177310,205.53432170812198,72.341039142238,0.050000000000000044,0.14882394671440125,27.637094497680664,0.41748344898223877
816,177842,144.11555328330957,74.01734831799628,0.050000000000000044,0.23381486535072327,29.714448928833008,0.5345640182495117
817,178763,162.04191065325676,77.4294348766007,0.050000000000000044,0.5754882097244263,29.078338623046875,0.8689706325531006
818,179763,137.2054817495582,78.7574226751792,0.050000000000000044,0.49244433641433716,24.992107391357422,0.7918949127197266
819,180763,101.53779278956603,79.3852274679393,0.050000000000000044,0.6390983462333679,29.518871307373047,0.9650067090988159
820,181659,189.65204843376208,81.21378183046326,0.050000000000000044,0.8387759923934937,31.541610717773438,1.1570827960968018
821,181982,285.60621456636494,84.18348192313562,0.050000000000000044,0.25162482261657715,30.930587768554688,0.5297799706459045
822,182982,-12.5480133900905,83.68651077177901,0.050000000000000044,0.1541062295436859,26.862770080566406,0.4318848252296448
823,183403,200.56037176637204,85.0915981557153,0.050000000000000044,0.20298053324222565,29.675148010253906,0.511425256729126
824,184210,183.93531278095264,86.50611428764749,0.050000000000000044,0.1360541731119156,28.32475471496582,0.3991931676864624
825,184505,258.9583925142538,88.86219657779345,0.050000000000000044,0.511056661605835,34.028404235839844,0.7985584139823914
826,184710,26.73367407595788,88.74180989806149,0.050000000000000044,0.42613908648490906,28.72905731201172,0.7392065525054932
827,185408,210.4703026357277,90.9421571950739,0.050000000000000044,0.11692377924919128,25.715198516845703,0.3657200336456299
828,185527,-28.821044159767666,90.93543663665852,0.050000000000000044,1.5201921463012695,28.618202209472656,1.796893835067749
829,185663,-57.60881863163881,90.6885002021367,0.050000000000000044,0.1486160010099411,32.38557815551758,0.41136491298675537
830,185927,235.21646541835347,93.25636393401933,0.050000000000000044,0.5054595470428467,30.528661727905273,0.7481741905212402
831,186344,-156.32371128854163,91.94461669530575,0.050000000000000044,0.7253854870796204,24.30237579345703,1.0561256408691406
832,186703,258.3147644366305,94.7613727574151,0.050000000000000044,0.12359557300806046,32.211158752441406,0.35704532265663147
833,187703,-1.555364230009465,95.03851990976446,0.050000000000000044,0.40048831701278687,24.846092224121094,0.680180549621582
834,188159,214.3366147673147,96.45924085689025,0.050000000000000044,0.33301329612731934,21.26309585571289,0.5703529715538025
835,189072,198.54991192941088,98.86653956937862,0.050000000000000044,0.2005518525838852,26.514198303222656,0.46688616275787354
836,189517,213.12839351383917,99.18057083214667,0.050000000000000044,0.35170114040374756,29.698528289794922,0.5971924662590027
837,190217,242.4359408035222,101.86448013483387,0.050000000000000044,0.13174667954444885,24.6177921295166,0.39743128418922424
838,190798,216.6390707422178,103.83739754138324,0.050000000000000044,0.5762230157852173,26.438156127929688,0.8505677580833435
839,191305,263.90586632187143,106.8777864676559,0.050000000000000044,0.12386026978492737,23.076536178588867,0.3684002757072449
840,191409,19.823622505782467,106.83204436571219,0.050000000000000044,0.8632634878158569,27.07436752319336,1.1505615711212158
841,191785,282.7755615253517,109.40678401615477,0.050000000000000044,0.14919036626815796,24.118196487426758,0.4124186933040619
842,192335,244.19998820322633,109.68193286464677,0.050000000000000044,0.10296769440174103,28.92864227294922,0.35886597633361816
843,192766,256.49229494973105,110.38726728910646,0.050000000000000044,0.13966085016727448,20.24425506591797,0.39735302329063416
844,193011,276.1528473969229,113.02953750741051,0.050000000000000044,0.18581891059875488,19.866561889648438,0.43700554966926575
845,193471,217.24306903960107,114.8699279914796,0.050000000000000044,0.2903885841369629,24.025588989257812,0.5759787559509277
846,193806,287.09732576521606,117.95678897992296,0.050000000000000044,0.4752123951911926,20.7236328125,0.7499732375144958
847,194587,260.38500860414985,118.42002516855024,0.050000000000000044,0.19057969748973846,29.545883178710938,0.5171955823898315
848,194925,257.9661084376902,119.25715907222155,0.050000000000000044,0.2435605525970459,25.34223175048828,0.518578052520752
849,195537,253.85499075077254,119.49409112000127,0.050000000000000044,0.22728750109672546,31.98670196533203,0.5198221206665039
850,195938,259.2753274552267,121.66636320337719,0.050000000000000044,0.13055777549743652,33.84423828125,0.387611985206604
851,196388,229.75110267361222,121.86070755936426,0.050000000000000044,0.11684785783290863,33.569053649902344,0.37912923097610474
852,196744,277.60548518099756,123.5061920696175,0.050000000000000044,0.10822698473930359,24.597633361816406,0.35061800479888916
853,197134,280.16251541858253,124.53900160855088,0.050000000000000044,0.4222145080566406,29.166385650634766,0.7097403407096863
854,197638,263.7803249590633,125.4236289485649,0.050000000000000044,0.20293739438056946,31.660476684570312,0.5420839190483093
855,197933,269.38866153006916,126.04792795347106,0.050000000000000044,0.1270149201154709,24.01893424987793,0.38934341073036194
856,198508,258.8074256986715,126.41620231992088,0.050000000000000044,0.6263282895088196,28.220783233642578,0.8867509365081787
857,199508,129.17844231542495,125.45431586368187,0.050000000000000044,0.2797086536884308,21.29492950439453,0.5306857824325562
858,200083,278.211275769716,126.14695736254687,0.050000000000000044,0.6214069128036499,28.48141860961914,0.8884801864624023
859,200473,277.7052907196745,129.19057297230748,0.050000000000000044,0.18226180970668793,29.719467163085938,0.4313497543334961
860,200757,252.80329203609017,131.55693445449157,0.050000000000000044,0.2302301526069641,26.92776107788086,0.454973042011261
861,201096,253.39166203482287,131.59306180260197,0.050000000000000044,0.10486777871847153,28.843505859375,0.3492949604988098
862,201445,266.60262884729974,134.14043181194623,0.050000000000000044,1.1799122095108032,23.640291213989258,1.4173452854156494
863,201724,255.40681806805935,137.00226467538982,0.050000000000000044,0.40691226720809937,25.138975143432617,0.6286736726760864
864,202724,145.18626355003735,135.89907164471356,0.050000000000000044,0.5418092012405396,28.13027000427246,0.8281227350234985
865,203184,265.7924701672053,136.04303808388835,0.050000000000000044,1.7078865766525269,27.40209197998047,1.9632840156555176
866,203734,266.8522228515378,138.9701521023846,0.050000000000000044,0.10880015045404434,21.50053596496582,0.3832366168498993
867,204139,266.5605452805887,141.7123527709803,0.050000000000000044,0.13962075114250183,30.98978042602539,0.3471148610115051
868,204386,266.29614124773946,144.937846924549,0.050000000000000044,0.11258213222026825,34.9573974609375,0.37392914295196533
869,205047,232.57071713077582,147.45010774553194,0.050000000000000044,0.11378695070743561,25.924148559570312,0.3660319745540619
870,205998,209.52754624774843,149.49135503947502,0.050000000000000044,0.28415948152542114,26.303417205810547,0.5679630041122437
871,206112,26.609009861157574,149.9850813597668,0.050000000000000044,1.873117446899414,29.577392578125,2.089240074157715
872,206785,283.74706012312436,152.94236403507463,0.050000000000000044,0.09484145045280457,22.28130340576172,0.3665679097175598
873,207416,238.0404280462723,155.6209977650942,0.050000000000000044,0.08409170806407928,26.777027130126953,0.3142642378807068
874,207951,266.73755465880873,158.298528716964,0.050000000000000044,0.2544703483581543,30.160655975341797,0.5251109600067139
875,208364,266.28869390630246,161.14426376168026,0.050000000000000044,0.21385343372821808,33.22287368774414,0.4813888370990753
876,209117,283.4442341816187,164.08161223732492,0.050000000000000044,0.16646739840507507,31.573665618896484,0.4235224723815918
877,209499,258.62615056397806,164.43717423036642,0.050000000000000044,1.3612772226333618,35.00196075439453,1.6159420013427734
878,209658,70.20018861326133,164.96743160948014,0.050000000000000044,2.2249374389648438,28.871578216552734,2.4702255725860596
879,209869,261.9422915458412,167.72628478195836,0.050000000000000044,0.21395175158977509,26.3845157623291,0.4496937394142151
880,210016,24.68365638845384,168.30317189984294,0.050000000000000044,0.5128093957901001,27.070411682128906,0.7191680669784546
881,210467,265.5826626064783,169.18101660800724,0.050000000000000044,0.10601408779621124,28.498600006103516,0.29474353790283203
882,210912,274.231446691883,172.57368965417677,0.050000000000000044,0.06464491784572601,25.50074577331543,0.24224363267421722
883,211588,253.02352707714505,175.0722414230425,0.050000000000000044,0.27702710032463074,30.892139434814453,0.5393769145011902
884,212118,235.24693873737402,178.04702377069086,0.050000000000000044,1.4188249111175537,27.325014114379883,1.6619759798049927
885,212326,264.5492586944556,181.15263481988092,0.050000000000000044,0.10895762592554092,25.402751922607422,0.3488400876522064
886,212574,287.4445598655036,184.79154214955543,0.050000000000000044,0.16300445795059204,29.89740753173828,0.41267937421798706
887,213004,270.69060230177365,187.99117855247695,0.050000000000000044,0.08353503793478012,23.887313842773438,0.2984023094177246
888,213374,254.53103868252313,188.27085968765184,0.050000000000000044,0.12652455270290375,23.17249298095703,0.4317425787448883
889,214054,267.2403266055516,191.1513725770748,0.050000000000000044,0.22199749946594238,20.821319580078125,0.48636144399642944
890,214358,-174.00934565778613,189.83643801642168,0.050000000000000044,0.18087592720985413,29.587078094482422,0.43078312277793884
891,214603,244.51647151712498,190.0661728094986,0.050000000000000044,0.4279775619506836,28.195316314697266,0.7687835693359375
892,214962,265.84124495403296,193.13559518589588,0.050000000000000044,0.4285517930984497,26.141841888427734,0.6931464672088623
893,215200,242.49679665256124,194.94521437370787,0.050000000000000044,0.6017165780067444,29.52083969116211,0.8700888156890869
894,215711,272.5407585710601,197.40453367338895,0.050000000000000044,0.7635984420776367,21.306859970092773,1.0157310962677002
895,216054,270.47274605185424,198.2881523295434,0.050000000000000044,1.2660059928894043,27.838369369506836,1.5301915407180786
896,216349,273.4087220588822,200.5004222570708,0.050000000000000044,0.5388948321342468,30.829099655151367,0.7570183277130127
897,216676,286.93941033663157,202.8270500318344,0.050000000000000044,0.46024006605148315,23.370635986328125,0.7061639428138733
898,216921,217.64772449438595,203.14720963401578,0.050000000000000044,0.5614596605300903,27.326904296875,0.8045691251754761
899,217313,234.5895656011304,205.37066596244767,0.050000000000000044,0.13790670037269592,28.567981719970703,0.3866729736328125
900,218110,218.2797391053353,205.65785355144288,0.050000000000000044,0.11421222984790802,22.273252487182617,0.3295045495033264
901,218232,-63.43617391607547,202.638432226674,0.050000000000000044,0.12337041646242142,21.485008239746094,0.37304025888442993
902,218536,268.23635821087396,203.12787169320458,0.050000000000000044,1.1146111488342285,31.645339965820312,1.377968192100525
903,218849,254.63857141068587,204.760025411492,0.050000000000000044,1.2383965253829956,33.638893127441406,1.430564284324646
904,219355,242.86772849071022,204.761880243271,0.050000000000000044,1.3869249820709229,26.99342155456543,1.6397827863693237
905,219698,232.51452305766708,206.59092954648878,0.050000000000000044,0.20702451467514038,29.215238571166992,0.5155688524246216
906,219852,-53.80319901732667,203.79510549517767,0.050000000000000044,0.13365094363689423,29.551151275634766,0.37431901693344116
907,220304,267.1542835897251,204.66612251947666,0.050000000000000044,0.13867434859275818,33.7949104309082,0.39715495705604553
908,221266,231.4050176808571,204.44227284656012,0.050000000000000044,0.6693523526191711,26.86322021484375,0.8951284885406494
909,221664,-117.33503818623706,200.2246106485407,0.050000000000000044,0.95965176820755,21.950973510742188,1.2033109664916992
910,221971,275.05085203941104,200.29853513342357,0.050000000000000044,0.11696183681488037,27.501691818237305,0.3559906780719757
911,222250,264.6264986833595,200.20542378074458,0.050000000000000044,0.5870916247367859,18.27617835998535,0.8496090769767761
912,222693,282.0055323409663,203.30161251450002,0.050000000000000044,0.10365016013383865,31.70953369140625,0.34199240803718567
913,222902,235.73148627003178,203.3311477651414,0.050000000000000044,0.12330274283885956,31.184032440185547,0.38650262355804443
914,223084,57.086199624955185,203.3519453266803,0.050000000000000044,0.3123607337474823,30.80510711669922,0.5199875831604004
915,223212,49.903582084555325,201.7956379304446,0.050000000000000044,0.10281183570623398,23.14082145690918,0.3364906907081604
916,223585,259.77628358911556,202.95224523350268,0.050000000000000044,0.8207924365997314,31.504051208496094,1.074798345565796
917,223970,269.0142515893135,204.02196864286321,0.050000000000000044,0.14374902844429016,26.144201278686523,0.4376547932624817
918,224442,291.3751552682768,205.56366537805042,0.050000000000000044,0.17525064945220947,29.476207733154297,0.4162673354148865
919,224673,251.1192115478749,207.0594795656335,0.050000000000000044,0.07978363335132599,33.07763671875,0.31679272651672363
920,225057,258.2557683663665,207.74551676495955,0.050000000000000044,0.4842614233493805,33.492252349853516,0.7299352884292603
921,225603,281.6563553469688,207.70601817276554,0.050000000000000044,0.5343329906463623,27.353126525878906,0.7884032130241394
922,225790,-12.237513179662287,207.70912317486983,0.050000000000000044,0.0867844671010971,32.35243606567383,0.32278531789779663
923,226377,161.62388795539437,207.31975833676006,0.050000000000000044,1.4112752676010132,28.272735595703125,1.6671578884124756
924,226620,298.84350552527115,208.4688402642032,0.050000000000000044,0.48272252082824707,27.032503128051758,0.7174056768417358
925,226868,283.47554745190183,208.7140118135797,0.050000000000000044,0.28661519289016724,34.90380859375,0.545099139213562
926,227053,-65.0311063904416,207.7963640089157,0.050000000000000044,0.11474385857582092,25.533409118652344,0.36795124411582947
927,227325,285.09526785494654,208.54261366110794,0.050000000000000044,0.09055178612470627,28.83164405822754,0.3129776418209076
928,227694,270.8719175377371,211.53954327808296,0.050000000000000044,0.9536212682723999,26.542783737182617,1.2198638916015625
929,227871,65.83763144602432,212.77400777885964,0.050000000000000044,0.09367919713258743,36.49711227416992,0.31827807426452637
930,228259,256.2702803912756,212.98454592858886,0.050000000000000044,0.25424492359161377,30.461950302124023,0.4867660105228424
931,228494,301.41409783226266,217.5619240197969,0.050000000000000044,0.10672653466463089,30.656356811523438,0.329395592212677
932,228582,7.610901806403348,215.0548853934946,0.050000000000000044,0.21169599890708923,33.29509735107422,0.4579651951789856
933,228936,284.97648081096077,217.92020384390432,0.050000000000000044,0.38034558296203613,28.08619499206543,0.6471723914146423
934,229427,245.45756389057806,218.23141333513692,0.050000000000000044,0.06149732321500778,29.7899169921875,0.24397781491279602
935,230348,248.85419236621428,218.73445613950497,0.050000000000000044,0.06624355912208557,27.033641815185547,0.2490735948085785
936,231087,246.70320952537722,219.07020429962037,0.050000000000000044,0.20373466610908508,24.646099090576172,0.4354167580604553
937,231451,241.64400450619797,219.06228493664716,0.050000000000000044,0.3935384750366211,31.083026885986328,0.6447914242744446
938,231915,223.1531098685174,219.12742532791015,0.050000000000000044,0.08282619714736938,29.64391326904297,0.2834354639053345
939,232096,272.3742519496187,219.21210918418763,0.050000000000000044,0.13923460245132446,32.01215744018555,0.41194087266921997
940,232266,11.569490416214563,219.12956786329192,0.050000000000000044,1.9185928106307983,29.395753860473633,2.180492877960205
941,232774,255.33293717046305,218.85514161974305,0.050000000000000044,0.0993523821234703,30.19216537475586,0.3332861661911011
942,232955,269.78313171196123,219.1109730548304,0.050000000000000044,0.11769288778305054,25.002307891845703,0.3493049144744873
943,233955,113.3184891157222,217.67923499649027,0.050000000000000044,0.12707917392253876,32.27724838256836,0.38011276721954346
944,234114,14.539172794643534,215.06309825046748,0.050000000000000044,0.3236895501613617,30.599517822265625,0.5816024541854858
945,234437,239.52956910120176,215.28596325108347,0.050000000000000044,0.4568392038345337,32.43309020996094,0.6741262674331665
946,234615,35.1901738923132,212.76689173235448,0.050000000000000044,0.16116058826446533,35.06488037109375,0.4617680311203003
947,234792,272.8411680157975,212.89145332647098,0.050000000000000044,0.5207526683807373,27.713531494140625,0.7257630228996277
948,234908,34.12157611753375,210.65300800326938,0.050000000000000044,0.17169804871082306,31.514604568481445,0.3927064538002014
949,235908,178.01635411838902,209.89462163694554,0.050000000000000044,0.8401038646697998,30.404983520507812,1.0691238641738892
950,236841,256.4157202233347,209.86602556462665,0.050000000000000044,2.038137197494507,26.955347061157227,2.308222770690918
951,237064,311.14822570157344,210.67999679490626,0.050000000000000044,0.16208389401435852,36.350738525390625,0.43753698468208313
952,237434,275.15775455788,210.65551948867508,0.050000000000000044,1.6285163164138794,27.389556884765625,1.9011081457138062
953,237759,276.7085986719647,210.6209803212089,0.050000000000000044,0.07750167697668076,34.888145446777344,0.30776992440223694
954,238432,246.35317186414622,210.44670879025972,0.050000000000000044,1.0318101644515991,30.283395767211914,1.267602801322937
955,238666,288.39364383205594,210.63675861327957,0.050000000000000044,1.6187176704406738,39.26896667480469,1.8706058263778687
956,238976,275.93812345109643,210.8080655908038,0.050000000000000044,0.3546140193939209,32.28495788574219,0.5332241654396057
957,239118,10.575962543154006,209.62204079308106,0.050000000000000044,0.1704283058643341,28.95584487915039,0.461778461933136
958,240118,125.93491027198783,208.0992771381038,0.050000000000000044,0.507012128829956,29.361431121826172,0.7305194139480591
959,240826,238.35897056162196,207.7058139365232,0.050000000000000044,0.09867347031831741,34.108787536621094,0.30065807700157166
960,240984,8.968300162819872,205.26746401779056,0.050000000000000044,0.3724067807197571,29.197303771972656,0.5752890706062317
961,241170,6.765059434250432,202.80119799178487,0.050000000000000044,0.5302911996841431,32.191001892089844,0.779460072517395
962,242170,139.36184254589568,201.52879012877085,0.050000000000000044,0.14285510778427124,40.28130340576172,0.42100030183792114
963,242830,277.11404475723725,201.7458623956626,0.050000000000000044,0.9002236127853394,25.762598037719727,1.1157766580581665
964,243116,248.7511808889876,202.78151156905213,0.050000000000000044,2.729681968688965,33.622127532958984,2.9488964080810547
965,243460,267.13064276377816,202.79489329501783,0.050000000000000044,0.3828364908695221,37.3529052734375,0.6420067548751831
966,244244,260.35947500864063,202.72996581658887,0.050000000000000044,0.14578837156295776,34.613525390625,0.400521844625473
967,244444,295.8677369643265,203.0230377334263,0.050000000000000044,0.08147501200437546,32.0504264831543,0.277252197265625
968,244554,27.496136394432426,200.6350376848932,0.050000000000000044,1.4398776292800903,32.60205078125,1.6669702529907227
969,244702,12.854621068469157,198.43787672427013,0.050000000000000044,0.08689741790294647,31.34722328186035,0.31583184003829956
970,244922,248.02992402365848,198.82290050202923,0.050000000000000044,0.5594515800476074,33.30363082885742,0.7680847644805908
971,245302,260.7511828451925,201.1643222318696,0.050000000000000044,0.5040831565856934,30.01587677001953,0.728024959564209
972,245961,272.03109687210576,201.0471625993594,0.050000000000000044,0.08560752868652344,31.865623474121094,0.29760879278182983
973,246537,259.2448490935063,201.25920680983177,0.050000000000000044,0.23574917018413544,31.45262336730957,0.4696911573410034
974,246643,21.987329215683644,198.8117045554005,0.050000000000000044,0.09299420565366745,31.873546600341797,0.3044838011264801
975,246824,-2.738444956252181,196.12143316677492,0.050000000000000044,0.05363360047340393,28.175090789794922,0.22241517901420593
976,247824,135.24888218101555,194.63947964676888,0.050000000000000044,0.2001449316740036,29.62551498413086,0.44723039865493774
977,247949,12.139159203687512,192.17460973316602,0.050000000000000044,0.7109608054161072,31.339214324951172,0.9364203214645386
978,248207,264.5779732686742,194.11838757972015,0.050000000000000044,0.08883854746818542,27.536617279052734,0.3132959306240082
979,248312,34.07875172552116,191.83975218151693,0.050000000000000044,0.43565356731414795,33.5860595703125,0.6519339680671692
980,248450,42.359913333214195,192.01651475096452,0.050000000000000044,1.333167314529419,36.63676834106445,1.5677257776260376
981,248589,27.93426992605515,189.64003082416028,0.050000000000000044,0.17059245705604553,35.10094451904297,0.4046885371208191
982,248716,20.056553455604927,187.09828189179748,0.050000000000000044,0.2590961754322052,34.60564422607422,0.46309733390808105
983,249133,260.3340316860405,187.17138693788647,0.050000000000000044,0.5056977272033691,36.88238525390625,0.752025842666626
984,250133,135.40482055033357,186.17296575601605,0.050000000000000044,0.4774399995803833,32.000205993652344,0.823419988155365
985,250295,36.43156132263783,183.8917887822979,0.050000000000000044,2.209292411804199,31.552810668945312,2.480764865875244
986,250420,13.120960258083699,181.1485527862237,0.050000000000000044,0.11910460889339447,28.35088348388672,0.3114793002605438
987,250558,27.10052970357262,178.71265206024168,0.050000000000000044,0.07698097825050354,34.39382553100586,0.29592639207839966
988,250976,278.288962391381,178.95023129733025,0.050000000000000044,0.5793853998184204,39.489646911621094,0.7912759780883789
989,251518,257.64197197634564,178.8542477510382,0.050000000000000044,0.14164802432060242,30.59928321838379,0.388640820980072
990,251648,11.220475697266139,180.70654596458874,0.050000000000000044,0.17978934943675995,38.45199966430664,0.4229692816734314
991,251840,-20.554916141186027,178.0558320880056,0.050000000000000044,0.39439889788627625,43.734596252441406,0.6809491515159607
992,251978,55.98309841842433,175.95725062264952,0.050000000000000044,0.07446157932281494,36.66917419433594,0.3045571446418762
993,252159,14.864919189139613,173.6809318480153,0.050000000000000044,0.2126496136188507,27.371929168701172,0.4606877565383911
994,252293,41.78168312699077,171.37334109357457,0.050000000000000044,0.23267748951911926,39.732601165771484,0.5043745636940002
995,253293,137.4072483651734,170.04268611670778,0.050000000000000044,0.5166687965393066,31.445842742919922,0.7444210052490234
996,253494,236.9926154489871,169.67852505060884,0.050000000000000044,0.22594831883907318,30.84652328491211,0.4135347306728363
997,253648,20.931980952929948,167.01845075677184,0.050000000000000044,0.42632752656936646,33.71487045288086,0.6667478084564209
998,253798,38.664786875836484,165.22862138058633,0.050000000000000044,0.08984693884849548,31.41552734375,0.2797043025493622
999,254798,148.13453466873193,164.36407107126237,0.050000000000000044,0.8021173477172852,34.20284652709961,1.0734386444091797
1000,254915,67.00488283380969,162.8513225085471,0.050000000000000044,1.5321780443191528,30.57838249206543,1.805177927017212
1001,255074,21.825003365918974,163.70393428136705,0.050000000000000044,0.07059670239686966,24.64700698852539,0.25787657499313354
1002,255749,238.62901292336696,163.40786082849198,0.050000000000000044,0.10519053041934967,35.679325103759766,0.34612324833869934
1003,255847,9.222507745345425,160.95370019183858,0.050000000000000044,1.6526281833648682,33.19660949707031,1.8219324350357056
1004,255963,20.609917507653364,158.73112208200803,0.050000000000000044,0.1335134208202362,41.20661926269531,0.42680829763412476
1005,256104,21.87113886363079,156.62468824006766,0.050000000000000044,0.13724175095558167,38.4878044128418,0.3619856834411621
1006,256519,285.008549729649,160.01280572753743,0.050000000000000044,0.7296900749206543,33.64965057373047,0.9577879905700684
1007,257186,257.19655017621756,159.91322839340233,0.050000000000000044,1.336719274520874,34.142635345458984,1.5383198261260986
1008,257409,233.99438232484437,159.93912203984218,0.050000000000000044,0.3402405381202698,36.29501724243164,0.6329296827316284
1009,257654,271.6717992019637,163.8291904137242,0.050000000000000044,0.11317388713359833,40.14213562011719,0.3234497010707855
1010,258304,279.445028357848,163.8731321769086,0.050000000000000044,0.11744193732738495,37.40328598022461,0.37554293870925903
1011,259061,262.17026904495566,163.84856988052456,0.050000000000000044,0.32917889952659607,38.340614318847656,0.6503536105155945
1012,259200,35.96663809475854,161.38818093806248,0.050000000000000044,0.2663544714450836,37.06450653076172,0.5195357799530029
1013,259299,19.86219625300089,159.22948803789217,0.050000000000000044,0.31181490421295166,35.77114486694336,0.5698214769363403
1014,259451,6.606163386795245,158.72468767551058,0.050000000000000044,0.17895646393299103,29.270179748535156,0.3727797269821167
1015,259693,270.9230292867138,160.93488214753216,0.050000000000000044,0.0821520984172821,33.226417541503906,0.2789648473262787
1016,260004,287.6283895682268,161.21340320732324,0.050000000000000044,0.1250978410243988,39.642120361328125,0.34042948484420776
1017,260434,268.4805252395123,161.20806594382523,0.050000000000000044,1.371569275856018,34.26121520996094,1.6449602842330933
1018,260568,-4.629666465300716,158.24801772648948,0.050000000000000044,0.2078833281993866,32.578224182128906,0.42959168553352356
1019,260721,29.7360641662533,156.03418625267324,0.050000000000000044,0.9417612552642822,34.63600158691406,1.1888095140457153
1020,260841,25.264049016218266,153.70426905917174,0.050000000000000044,0.11927324533462524,29.992889404296875,0.32204949855804443
1021,260976,48.28460577993192,151.3705515635014,0.050000000000000044,0.640476644039154,35.891136169433594,0.9162380695343018
1022,261976,138.83251858220865,152.8812518811201,0.050000000000000044,1.5688520669937134,39.891822814941406,1.8239657878875732
1023,262110,45.89607276068759,151.72397372917303,0.050000000000000044,0.4034040868282318,37.03483963012695,0.6211897730827332
1024,262358,239.35088622256993,151.12904753614603,0.050000000000000044,1.5049365758895874,40.99517059326172,1.7074886560440063
1025,262828,261.66538270945665,150.91094588872156,0.050000000000000044,0.3264636695384979,35.44233703613281,0.534211277961731
1026,263020,226.29702212413935,153.82422717386737,0.050000000000000044,0.11346933245658875,32.49643325805664,0.35184812545776367
1027,263162,37.93071213752867,151.35258161669321,0.050000000000000044,0.4199909269809723,33.58047866821289,0.7005938291549683
1028,263260,79.41674232575562,149.4380298645734,0.050000000000000044,0.07630954682826996,34.190032958984375,0.29164522886276245
1029,263396,8.744387390658119,148.86709742401973,0.050000000000000044,0.42052939534187317,34.94685363769531,0.6691251397132874
1030,263726,270.52733435494736,149.00966796365645,0.050000000000000044,0.13761067390441895,40.84810256958008,0.36071640253067017
1031,263867,40.63684902428639,146.40189547557665,0.050000000000000044,0.16198517382144928,37.18778991699219,0.3533056676387787
1032,264010,44.312435467196366,146.76891081218463,0.050000000000000044,0.48373138904571533,31.562301635742188,0.7532793283462524
1033,264138,24.865647398358533,144.16780247805858,0.050000000000000044,0.1162770465016365,39.254241943359375,0.3833228647708893
1034,264289,19.521301394893797,141.90843985310178,0.050000000000000044,0.07678353041410446,43.72712707519531,0.29347625374794006
1035,264775,282.4034388911886,142.24393231835148,0.050000000000000044,0.2274896800518036,34.560096740722656,0.4553893804550171
1036,264963,257.9536165182616,142.35643638828037,0.050000000000000044,0.22837528586387634,39.12433624267578,0.42021211981773376
1037,265080,-71.9147401578009,139.22084894164036,0.050000000000000044,3.198838949203491,35.47002410888672,3.4035940170288086
1038,265207,41.53209537377987,137.40463879669298,0.050000000000000044,1.5864300727844238,42.602928161621094,1.811883568763733
1039,265558,191.06936208977964,136.59158989809458,0.050000000000000044,0.25532278418540955,40.82355499267578,0.4558638334274292
1040,265968,277.31550616308766,139.24905005556332,0.050000000000000044,3.5634853839874268,37.97264099121094,3.8585541248321533
1041,266047,27.920782214722777,136.97492850600594,0.050000000000000044,0.14018432796001434,31.746009826660156,0.3868134021759033
1042,266200,25.111691939398767,134.5282141082803,0.050000000000000044,0.28079450130462646,39.31145477294922,0.48202067613601685
1043,266351,-57.27347885842505,132.82229442853884,0.050000000000000044,0.5454414486885071,43.42474365234375,0.8056972026824951
1044,266585,249.7165851802241,135.17406855239463,0.050000000000000044,0.40504926443099976,42.78841781616211,0.6563767194747925
1045,266760,-190.79707711735801,130.87080209020903,0.050000000000000044,0.25351762771606445,33.73688888549805,0.4985775947570801
1046,267296,252.53294313109396,133.04422978259683,0.050000000000000044,0.1358836442232132,38.20329284667969,0.41640931367874146
1047,267546,-312.52358129819106,127.19058228945694,0.050000000000000044,0.4237785339355469,37.28069305419922,0.6790382862091064
1048,267714,-34.79649783644756,126.50140154991713,0.050000000000000044,1.1158021688461304,38.15802764892578,1.3596868515014648
1049,267939,244.26920778418759,127.16393008657514,0.050000000000000044,0.12701788544654846,33.64363098144531,0.3293966054916382
1050,268296,274.7082634023939,127.34685551836571,0.050000000000000044,0.10732747614383698,41.271453857421875,0.33538711071014404
1051,268523,253.77182649842405,126.77309152633421,0.050000000000000044,0.3076596260070801,41.81184005737305,0.5874106287956238
1052,268935,231.38082477646424,126.33532222852006,0.050000000000000044,1.915848731994629,38.78032684326172,2.172377586364746
1053,269046,50.97769549555011,124.07801319675589,0.050000000000000044,0.24243204295635223,42.79840087890625,0.4838292896747589
1054,269189,30.517659570622584,121.9196580738207,0.050000000000000044,0.26426297426223755,37.976051330566406,0.5331220626831055
1055,269301,-238.486961756721,116.65085201793292,0.050000000000000044,0.6045375466346741,46.04277420043945,0.840124785900116
1056,269416,25.777602443621205,114.14924680785818,0.050000000000000044,0.2040667086839676,36.913604736328125,0.4419112205505371
1057,269525,-75.24952839059921,113.29099189852063,0.050000000000000044,0.3872179388999939,39.43044662475586,0.6085016131401062
1058,269664,68.73666770334782,112.71900947283424,0.050000000000000044,1.6067817211151123,35.95444869995117,1.8462320566177368
1059,269870,-16.110720988379327,110.17431255733419,0.050000000000000044,1.5076621770858765,47.12150573730469,1.737815260887146
1060,270032,20.556314634791747,110.29019270205394,0.050000000000000044,0.40498822927474976,40.07279968261719,0.732229471206665
1061,270256,233.13739197470204,112.55391602745844,0.050000000000000044,0.22748562693595886,44.94367218017578,0.4636108875274658
1062,270668,297.8406169714926,114.13870377171443,0.050000000000000044,1.6368087530136108,51.4603271484375,1.9263510704040527
1063,270926,246.58481248749055,113.83341144901695,0.050000000000000044,0.39697372913360596,40.20090103149414,0.6996983289718628
1064,271060,35.64366225720451,111.7023362626991,0.050000000000000044,0.18775519728660583,43.99211883544922,0.43247008323669434
1065,271237,284.59505862617254,111.87698042132304,0.050000000000000044,0.18107691407203674,41.4852180480957,0.4167996644973755
1066,271658,267.3721387650686,111.94710705888733,0.050000000000000044,0.2655741572380066,42.28917694091797,0.5225248336791992
1067,271932,311.99239930433924,112.10835368228747,0.050000000000000044,0.18052464723587036,38.46392059326172,0.42261332273483276
1068,272037,1.063851849680006,111.84403083683993,0.050000000000000044,0.24696741998195648,46.42039489746094,0.49586695432662964
1069,272128,-68.84926735519034,111.02699195260335,0.050000000000000044,0.3057894706726074,49.709381103515625,0.5725463628768921
1070,272284,24.543525173965037,108.79212796410643,0.050000000000000044,0.13991764187812805,56.4990348815918,0.38709932565689087
1071,272643,251.7237991998127,108.70185412765262,0.050000000000000044,0.12272600829601288,38.524940490722656,0.35298407077789307
1072,272809,13.51877589075039,106.11673091783906,0.050000000000000044,1.7903516292572021,41.254844665527344,2.059833288192749
1073,272958,46.06385635160302,103.98492099042004,0.050000000000000044,1.514580249786377,39.90162658691406,1.7343504428863525
1074,273072,44.371183095619784,104.20875952921939,0.050000000000000044,0.21041271090507507,46.27983856201172,0.46599453687667847
1075,274072,157.95475886441812,105.81569156742609,0.050000000000000044,0.13706403970718384,34.73524475097656,0.3274657428264618
1076,274205,36.335869063502,104.82656143625094,0.050000000000000044,0.23548626899719238,41.94292068481445,0.4679488241672516
1077,274314,-13.753203800954651,104.56763780620453,0.050000000000000044,1.5653595924377441,44.611183166503906,1.8198922872543335
1078,274517,-32.15628859214759,101.60029518759632,0.050000000000000044,0.23338787257671356,34.659156799316406,0.47562792897224426
1079,274597,-72.25540179313923,100.53695365240971,0.050000000000000044,0.3081338107585907,39.94998550415039,0.5540276169776917
1080,274754,4.84399736612535,100.16179449273882,0.050000000000000044,0.2519058585166931,33.7152214050293,0.48650988936424255
1081,274856,14.43690990268908,100.02682089250519,0.050000000000000044,0.104124516248703,36.5831298828125,0.29528146982192993
1082,274969,39.4646345983528,100.22090170393267,0.050000000000000044,0.3062686622142792,32.867652893066406,0.5159845352172852
1083,275127,281.47186354330483,100.43228002250531,0.050000000000000044,0.251789391040802,45.82265090942383,0.5152170062065125
1084,275326,-49.98159936861182,98.57841582331586,0.050000000000000044,1.6033238172531128,44.978271484375,1.824251651763916
1085,276326,166.79852180320395,99.88208542812151,0.050000000000000044,0.12511472404003143,40.60898208618164,0.35195887088775635
1086,276535,220.15927885956557,101.95246861413634,0.050000000000000044,0.24967756867408752,46.15534973144531,0.5010052919387817
1087,276660,-262.20062863232096,99.0594570307774,0.050000000000000044,0.19803930819034576,47.682247161865234,0.4507545828819275
1088,276759,-19.543277757796545,96.0811346292856,0.050000000000000044,2.2399559020996094,48.78327941894531,2.489731550216675
1089,276878,-10.274579201981183,93.40196911750235,0.050000000000000044,0.14622165262699127,39.927894592285156,0.3736215829849243
1090,277112,253.17229302714748,95.82148729080114,0.050000000000000044,0.20381858944892883,43.325645446777344,0.5225789546966553
1091,277215,23.942811860334572,96.26646457081634,0.050000000000000044,0.16850130259990692,46.828269958496094,0.4860289692878723
1092,278162,235.88323180456328,98.06546590467774,0.050000000000000044,1.5925699472427368,47.668548583984375,1.8400310277938843
1093,278263,35.73940402523607,98.2742107530387,0.050000000000000044,0.1134508028626442,50.64933776855469,0.35354405641555786
1094,278675,286.73652286891814,100.72375915045797,0.050000000000000044,0.2909259796142578,46.75905990600586,0.5398164987564087
1095,279171,255.282277120946,101.9025094380157,0.050000000000000044,0.15105801820755005,41.281700134277344,0.3756016492843628
1096,279375,285.33297551701924,102.38591303869603,0.050000000000000044,0.295004665851593,34.33464813232422,0.5555684566497803
1097,279681,259.8396200843257,104.77498943001,0.050000000000000044,0.3650597333908081,45.391258239746094,0.6197511553764343
1098,279801,-19.87592084444259,104.18958235280721,0.050000000000000044,2.3997926712036133,44.7411003112793,2.6146156787872314
1099,279914,-23.884472908276067,102.46939227703712,0.050000000000000044,0.1305791437625885,39.864402770996094,0.3585907220840454
1100,280004,-73.12041341779906,101.06813931452102,0.050000000000000044,0.14376914501190186,51.381587982177734,0.3731933832168579
1101,280175,-72.29758193326091,100.12691346152924,0.050000000000000044,0.19267946481704712,40.97232437133789,0.4213593602180481
1102,280395,277.1308383241293,100.51193171553685,0.050000000000000044,1.5610356330871582,45.481746673583984,1.8041960000991821
1103,280502,-39.51447992861705,100.02456183879724,0.050000000000000044,0.13564449548721313,44.287235260009766,0.38263601064682007
1104,281502,167.3350734762899,101.49181339848357,0.050000000000000044,0.30343157052993774,46.952762603759766,0.5392817258834839
1105,281656,-15.588123951645187,101.11722077033082,0.050000000000000044,2.045548677444458,50.260719299316406,2.3126583099365234
1106,281804,-25.912916764848347,98.00800610538585,0.050000000000000044,0.33732566237449646,44.05180358886719,0.5241913199424744
1107,282308,265.2443773117592,98.08848437674128,0.050000000000000044,0.21379664540290833,45.43443298339844,0.44654619693756104
1108,282422,-69.00031897444032,95.05853736374841,0.050000000000000044,2.8050522804260254,36.83914566040039,3.022352933883667
1109,282545,-73.92978886842718,91.60252148304453,0.050000000000000044,1.4739996194839478,43.40754699707031,1.70865797996521
1110,282633,-292.1096357735223,85.8869748417308,0.050000000000000044,0.6074045896530151,39.70708465576172,0.8270977139472961
1111,282720,-9.566329580217555,83.1696088554791,0.050000000000000044,0.41912025213241577,47.26836395263672,0.6907445192337036
1112,283590,236.08518742244317,85.17079434875593,0.050000000000000044,0.2554616332054138,43.69526290893555,0.443412184715271
1113,284492,244.35500533986078,87.41572243962453,0.050000000000000044,0.18278613686561584,44.8682746887207,0.46009892225265503
1114,284613,-21.73161471962962,87.13234465856029,0.050000000000000044,0.25980085134506226,49.73512268066406,0.546513557434082
1115,284822,203.59567909506916,86.45907115664384,0.050000000000000044,0.4179639220237732,37.07199478149414,0.623019814491272
1116,285150,278.91520195566875,86.37193928051825,0.050000000000000044,0.12995363771915436,38.86697769165039,0.3309742212295532
1117,285377,230.33490940220372,85.99048312214516,0.050000000000000044,0.17345476150512695,41.593727111816406,0.46886977553367615
1118,285488,-21.59494677461069,85.82083031905208,0.050000000000000044,0.13887369632720947,41.102745056152344,0.3530437648296356
1119,285704,243.95946468701106,87.96306432425965,0.050000000000000044,0.2869020700454712,45.28923034667969,0.5101099610328674
1120,286007,237.83881536794942,90.08881198777695,0.050000000000000044,0.5862510204315186,43.90520477294922,0.8220788836479187
1121,286150,-149.9391875019492,88.10657405495814,0.050000000000000044,0.057235635817050934,41.00477981567383,0.22156530618667603
1122,286422,274.07535431686165,89.45900241230467,0.050000000000000044,2.8651039600372314,41.62403869628906,3.076094150543213
1123,286554,-49.33713674433248,88.50667031725446,0.050000000000000044,0.642672061920166,43.008140563964844,0.8892356157302856
1124,286735,275.4435976499535,88.86759743152828,0.050000000000000044,0.2780207097530365,47.449073791503906,0.5336468815803528
1125,286846,-0.18999553125472346,86.24904364912119,0.050000000000000044,0.40078026056289673,41.559181213378906,0.5999936461448669
1126,286920,-64.47395290535931,83.34133389882622,0.050000000000000044,0.22079502046108246,43.135292053222656,0.46267247200012207
1127,287048,-39.39603453474835,82.56806643210346,0.050000000000000044,0.2022174596786499,38.304710388183594,0.4100879430770874
1128,287511,270.7548981430681,84.48144799027655,0.050000000000000044,0.23441994190216064,47.142433166503906,0.45914894342422485
1129,287630,-48.46208301071354,83.90938328626284,0.050000000000000044,0.2511063814163208,49.70050048828125,0.49590128660202026
1130,287777,-459.0508785866436,76.61360115684694,0.050000000000000044,0.278643935918808,41.19934844970703,0.5516388416290283
1131,288777,153.93080065719812,77.74654067317607,0.050000000000000044,0.17205315828323364,44.08580017089844,0.3930297791957855
1132,289344,252.57625787560355,79.82917889726014,0.050000000000000044,0.22048801183700562,48.20167541503906,0.44461002945899963
1133,289464,31.511494089421888,79.89563736417077,0.050000000000000044,0.2628106474876404,49.0054931640625,0.5168410539627075
1134,289568,9.940793562271566,79.79983228584454,0.050000000000000044,2.335771083831787,41.75984191894531,2.610236644744873
1135,290568,122.73800430607534,78.20317793999341,0.050000000000000044,0.13935956358909607,54.1483154296875,0.39187002182006836
1136,290656,-34.62448004067414,75.27739697440406,0.050000000000000044,0.15935632586479187,33.355857849121094,0.34385430812835693
1137,290764,-61.20672949174248,75.38447708106465,0.050000000000000044,0.36629718542099,50.511348724365234,0.6113265156745911
1138,291247,266.366138117383,77.63281750850068,0.050000000000000044,0.2808901071548462,49.76136779785156,0.536296010017395
1139,292247,112.80086194617391,76.85013250706461,0.050000000000000044,0.2555389404296875,48.85371780395508,0.5067510604858398
1140,292602,217.22084278069815,76.24918587324073,0.050000000000000044,0.2696292996406555,54.431968688964844,0.5091142654418945
1141,293293,270.54056891171456,78.67538374021063,0.050000000000000044,0.34373918175697327,49.85871505737305,0.6011420488357544
1142,293425,-13.92356974840304,78.28503112333262,0.050000000000000044,0.4394218623638153,40.61722946166992,0.6506915092468262
1143,293619,247.42962656128708,81.33206217752974,0.050000000000000044,0.17429856956005096,51.184898376464844,0.41768836975097656
1144,293736,-170.94537272550963,77.1254425984724,0.050000000000000044,0.378603994846344,49.89759063720703,0.6532136797904968
1145,294736,166.88058352927146,80.7022192049387,0.050000000000000044,0.08564040064811707,43.26484680175781,0.26995474100112915
1146,295375,255.4530965307026,80.73142073893479,0.050000000000000044,0.1626209020614624,46.21226119995117,0.381078839302063
1147,295441,-33.84413790011341,83.51821517291553,0.050000000000000044,0.21032996475696564,50.77515411376953,0.4334154725074768
1148,295894,265.49611688409965,86.52114132012102,0.050000000000000044,0.377070814371109,43.76064682006836,0.6194195747375488
1149,296616,251.9265715922056,86.5977149582012,0.050000000000000044,0.2822442054748535,41.03036880493164,0.5085082054138184
1150,296740,-2.6047350175316097,83.82458497400195,0.050000000000000044,0.4128696322441101,53.97697448730469,0.6863295435905457
1151,296878,-113.18054916960348,80.15506121732169,0.050000000000000044,0.16109967231750488,40.29908752441406,0.39581242203712463
1152,297145,237.980529174027,80.2210582612973,0.050000000000000044,1.6134579181671143,37.12645721435547,1.8866362571716309
1153,297590,265.6823954611182,82.368105260953,0.050000000000000044,0.14896827936172485,37.565818786621094,0.33537155389785767
1154,297700,11.717796339522593,82.180106628642,0.050000000000000044,1.6162382364273071,52.463096618652344,1.839779019355774
1155,297813,-0.3257354501122478,84.56171889170805,0.050000000000000044,0.09180960059165955,45.596656799316406,0.28884297609329224
1156,297967,286.4558821632129,87.16850168890397,0.050000000000000044,0.343646764755249,45.285892486572266,0.5597305297851562
1157,298113,-61.60586815031684,87.30493829130681,0.050000000000000044,2.1256957054138184,36.49185562133789,2.372469425201416
1158,298263,7.828606481859595,86.69585767909193,0.050000000000000044,0.30824312567710876,47.01533508300781,0.5267427563667297
1159,298605,275.7913211734343,89.61487810071007,0.050000000000000044,0.21799978613853455,48.164207458496094,0.49799662828445435
1160,298727,-39.85274180455744,89.01078753631658,0.050000000000000044,0.9959633350372314,53.706321716308594,1.223209261894226
1161,299638,142.2445850157826,88.10185946672736,0.050000000000000044,0.21476922929286957,50.52354431152344,0.44932812452316284
